date,round,venue,championDataId,squiggleId,playerGuernsey,teamAbbr,position,givenName,surname,disposalLine
26/07/2024,20,Marvel Stadium,CD_I1009241,12938,17,CARL,BPL,Brodie,Kemp,
26/07/2024,20,Marvel Stadium,CD_I993832,12410,23,CARL,FB,Jacob,Weitering,
26/07/2024,20,Marvel Stadium,CD_I297907,12517,24,CARL,BPR,Nic,Newman,
26/07/2024,20,Marvel Stadium,CD_I295461,12330,42,CARL,HBFL,Adam,Saad,
26/07/2024,20,Marvel Stadium,CD_I297255,12415,11,CARL,CHB,Mitch,McGovern,
26/07/2024,20,Marvel Stadium,CD_I1002239,12610,5,CARL,HBFR,Adam,Cerra,
26/07/2024,20,Marvel Stadium,CD_I1023495,13029,4,CARL,WL,Oliver,Hollands,
26/07/2024,20,Marvel Stadium,CD_I990704,12269,9,CARL,C,Patrick,Cripps,
26/07/2024,20,Marvel Stadium,CD_I1008154,12823,46,CARL,WR,Matthew,Cottrell,
26/07/2024,20,Marvel Stadium,CD_I1012862,13017,20,CARL,HFFL,Elijah,Hollands,
26/07/2024,20,Marvel Stadium,CD_I1000953,12575,10,CARL,CHF,Harry,McKay,
26/07/2024,20,Marvel Stadium,CD_I1001398,12463,7,CARL,HFFR,Matthew,Kennedy,
26/07/2024,20,Marvel Stadium,CD_I1002228,12604,8,CARL,FPL,Lachie,Fogarty,
26/07/2024,20,Marvel Stadium,CD_I996731,12428,30,CARL,FF,Charlie,Curnow,
26/07/2024,20,Marvel Stadium,CD_I1017700,12991,3,CARL,FPR,Jesse,Motlop,
26/07/2024,20,Marvel Stadium,CD_I298290,12424,27,CARL,RK,Marc,Pittonet,
26/07/2024,20,Marvel Stadium,CD_I1006094,12685,18,CARL,RR,Sam,Walsh,
26/07/2024,20,Marvel Stadium,CD_I294036,12417,29,CARL,R,George,Hewett,
26/07/2024,20,Marvel Stadium,CD_I1021353,13028,2,CARL,INT,Lachlan,Cowan,
26/07/2024,20,Marvel Stadium,CD_I1016268,13057,39,CARL,INT,Alex,Cincotta,
26/07/2024,20,Marvel Stadium,CD_I993795,12484,28,CARL,INT,David,Cuningham,
26/07/2024,20,Marvel Stadium,CD_I1013973,12842,44,CARL,INT,Matthew,Owies,
26/07/2024,20,Marvel Stadium,CD_I1013233,12980,16,CARL,INT,Jack,Carroll,
26/07/2024,20,Marvel Stadium,CD_I1002795,12965,37,CARL,EMERG,Jordan,Boyd,
26/07/2024,20,Marvel Stadium,CD_I1023533,13130,25,CARL,EMERG,Jaxon,Binns,
26/07/2024,20,Marvel Stadium,CD_I997316,12567,33,CARL,EMERG,Lewis,Young,
26/07/2024,20,Marvel Stadium,CD_I1002220,12606,27,PORT,BPL,Esava,Ratugolea,
26/07/2024,20,Marvel Stadium,CD_I1004034,12757,25,PORT,FB,Brandon,Zerk-Thatcher,
26/07/2024,20,Marvel Stadium,CD_I1009191,12868,14,PORT,BPR,Miles,Bergman,
26/07/2024,20,Marvel Stadium,CD_I1019938,13155,43,PORT,HBFL,Logan,Evans,
26/07/2024,20,Marvel Stadium,CD_I294469,12442,21,PORT,CHB,Aliir,Aliir,
26/07/2024,20,Marvel Stadium,CD_I994295,12503,5,PORT,HBFR,Dan,Houston,
26/07/2024,20,Marvel Stadium,CD_I1013462,13011,7,PORT,WL,Jase,Burgoyne,
26/07/2024,20,Marvel Stadium,CD_I294318,12155,16,PORT,C,Ollie,Wines,
26/07/2024,20,Marvel Stadium,CD_I1000972,12694,28,PORT,WR,Willem,Drew,
26/07/2024,20,Marvel Stadium,CD_I991930,12429,33,PORT,HFFL,Darcy,Byrne-Jones,
26/07/2024,20,Marvel Stadium,CD_I1010174,12770,19,PORT,CHF,Mitch,Georgiades,
26/07/2024,20,Marvel Stadium,CD_I296225,12613,15,PORT,HFFR,Willie,Rioli,
26/07/2024,20,Marvel Stadium,CD_I250365,11591,10,PORT,FPL,Travis,Boak,
26/07/2024,20,Marvel Stadium,CD_I280711,11915,22,PORT,FF,Charlie,Dixon,
26/07/2024,20,Marvel Stadium,CD_I1001299,12696,1,PORT,FPR,Connor,Rozee,
26/07/2024,20,Marvel Stadium,CD_I992330,12890,24,PORT,RK,Jordon,Sweet,
26/07/2024,20,Marvel Stadium,CD_I1011640,12955,18,PORT,RR,Jason,Horne-Francis,
26/07/2024,20,Marvel Stadium,CD_I1006121,12693,9,PORT,R,Zak,Butters,
26/07/2024,20,Marvel Stadium,CD_I1005326,12952,44,PORT,INT,Jackson,Mead,
26/07/2024,20,Marvel Stadium,CD_I1002253,12671,6,PORT,INT,Kane,Farrell,
26/07/2024,20,Marvel Stadium,CD_I999824,12657,42,PORT,INT,Quinton,Narkle,
26/07/2024,20,Marvel Stadium,CD_I1017255,12873,31,PORT,INT,Francis,Evans,
26/07/2024,20,Marvel Stadium,CD_I1011583,12883,34,PORT,INT,Lachie,Jones,
26/07/2024,20,Marvel Stadium,CD_I1012881,13056,30,PORT,EMERG,Ollie,Lord,
26/07/2024,20,Marvel Stadium,CD_I1009195,12920,23,PORT,EMERG,Dylan,Williams,
26/07/2024,20,Marvel Stadium,CD_I1017128,13074,38,PORT,EMERG,Dante,Visentini,
27/07/2024,20,Blundstone Arena,CD_I294508,12185,4,NMFC,BPL,Aidan,Corr,
27/07/2024,20,Blundstone Arena,CD_I1015781,12939,30,NMFC,FB,Charlie,Comben,
27/07/2024,20,Blundstone Arena,CD_I997933,12524,19,NMFC,BPR,Griffin,Logue,
27/07/2024,20,Blundstone Arena,CD_I1020968,13005,34,NMFC,HBFL,Jackson,Archer,
27/07/2024,20,Blundstone Arena,CD_I1023518,13030,3,NMFC,CHB,Harry,Sheezel,
27/07/2024,20,Blundstone Arena,CD_I296355,12246,11,NMFC,HBFR,Luke,McDonald,
27/07/2024,20,Blundstone Arena,CD_I1006058,12705,8,NMFC,WL,Bailey,Scott,
27/07/2024,20,Blundstone Arena,CD_I1002267,12599,9,NMFC,C,Luke,Davies-Uniacke,
27/07/2024,20,Blundstone Arena,CD_I1004848,12798,15,NMFC,WR,Dylan,Stephens,
27/07/2024,20,Blundstone Arena,CD_I993816,12434,13,NMFC,HFFL,Darcy,Tucker,
27/07/2024,20,Blundstone Arena,CD_I1007591,13000,43,NMFC,CHF,Brynn,Teakle,
27/07/2024,20,Blundstone Arena,CD_I1002240,12598,2,NMFC,HFFR,Jaidyn,Stephenson,
27/07/2024,20,Blundstone Arena,CD_I1002947,12975,25,NMFC,FPL,Paul,Curtis,
27/07/2024,20,Blundstone Arena,CD_I1001017,12569,20,NMFC,FF,Nick,Larkey,
27/07/2024,20,Blundstone Arena,CD_I998484,12566,44,NMFC,FPR,Cameron,Zurhaar,
27/07/2024,20,Blundstone Arena,CD_I1004965,12789,38,NMFC,RK,Tristan,Xerri,
27/07/2024,20,Blundstone Arena,CD_I1011659,12867,24,NMFC,RR,Tom,Powell,
27/07/2024,20,Blundstone Arena,CD_I993998,12511,12,NMFC,R,Jy,Simpkin,
27/07/2024,20,Blundstone Arena,CD_I1023477,13065,6,NMFC,INT,George,Wardlaw,
27/07/2024,20,Blundstone Arena,CD_I1023494,13104,7,NMFC,INT,Zane,Duursma,
27/07/2024,20,Blundstone Arena,CD_I280737,11766,14,NMFC,INT,Liam,Shiels,
27/07/2024,20,Blundstone Arena,CD_I1012829,12878,29,NMFC,INT,Will,Phillips,
27/07/2024,20,Blundstone Arena,CD_I1023144,13086,46,NMFC,INT,Robert,Hansen Jr,
27/07/2024,20,Blundstone Arena,CD_I1017095,12981,27,NMFC,EMERG,Miller,Bergman,
27/07/2024,20,Blundstone Arena,CD_I1002138,13106,32,NMFC,EMERG,Toby,Pink,
27/07/2024,20,Blundstone Arena,CD_I1012852,12866,35,NMFC,EMERG,Charlie,Lazzaro,
27/07/2024,20,Blundstone Arena,CD_I1000937,12614,38,GEEL,BPL,Jack,Henry,
27/07/2024,20,Blundstone Arena,CD_I1009229,12892,16,GEEL,FB,Sam,De Koning,
27/07/2024,20,Blundstone Arena,CD_I296291,12378,8,GEEL,BPR,Jake,Kolodjashnij,
27/07/2024,20,Blundstone Arena,CD_I293883,12286,24,GEEL,HBFL,Jed,Bews,
27/07/2024,20,Blundstone Arena,CD_I281065,11804,22,GEEL,CHB,Mitch,Duncan,
27/07/2024,20,Blundstone Arena,CD_I1004870,12559,39,GEEL,HBFR,Zach,Guthrie,
27/07/2024,20,Blundstone Arena,CD_I1015889,12882,9,GEEL,WL,Max,Holmes,
27/07/2024,20,Blundstone Arena,CD_I1012805,12870,4,GEEL,C,Tanner,Bruhn,
27/07/2024,20,Blundstone Arena,CD_I1025034,12976,28,GEEL,WR,Oliver,Dempsey,
27/07/2024,20,Blundstone Arena,CD_I997230,12561,18,GEEL,HFFL,Tyson,Stengle,
27/07/2024,20,Blundstone Arena,CD_I999326,12808,45,GEEL,CHF,Brad,Close,
27/07/2024,20,Blundstone Arena,CD_I1004938,12690,32,GEEL,HFFR,Gryan,Miers,
27/07/2024,20,Blundstone Arena,CD_I1016433,12995,33,GEEL,FPL,Shannon,Neale,
27/07/2024,20,Blundstone Arena,CD_I293845,12022,5,GEEL,FF,Jeremy,Cameron,
27/07/2024,20,Blundstone Arena,CD_I291357,11849,23,GEEL,FPR,Gary,Rohan,
27/07/2024,20,Blundstone Arena,CD_I296733,12160,46,GEEL,RK,Mark,Blicavs,
27/07/2024,20,Blundstone Arena,CD_I270917,11706,35,GEEL,RR,Patrick,Dangerfield,
27/07/2024,20,Blundstone Arena,CD_I291800,12514,44,GEEL,R,Tom,Stewart,
27/07/2024,20,Blundstone Arena,CD_I1013464,13162,17,GEEL,INT,Lawson,Humphries,
27/07/2024,20,Blundstone Arena,CD_I1012860,12850,36,GEEL,INT,Oliver,Henry,
27/07/2024,20,Blundstone Arena,CD_I993878,13107,7,GEEL,INT,Shaun,Mannagh,
27/07/2024,20,Blundstone Arena,CD_I998260,12507,12,GEEL,INT,Jack,Bowes,
27/07/2024,20,Blundstone Arena,CD_I1023542,13094,40,GEEL,INT,Ted,Clohesy,
27/07/2024,20,Blundstone Arena,CD_I280317,11855,1,GEEL,EMERG,Rhys,Stanley,
27/07/2024,20,Blundstone Arena,CD_I292511,11979,2,GEEL,EMERG,Zach,Tuohy,
27/07/2024,20,Blundstone Arena,CD_I298419,12513,3,GEEL,EMERG,Brandan,Parfitt,
27/07/2024,20,People First Stadium,CD_I295446,12453,25,GCFC,BPL,Sam,Collins,
27/07/2024,20,People First Stadium,CD_I1007881,12658,27,GCFC,FB,Wil,Powell,
27/07/2024,20,People First Stadium,CD_I1017396,13019,31,GCFC,BPR,Mac,Andrew,
27/07/2024,20,People First Stadium,CD_I1024666,13091,38,GCFC,HBFL,Lloyd,Johnston,
27/07/2024,20,People First Stadium,CD_I1017665,13037,32,GCFC,CHB,Bodhi,Uwland,
27/07/2024,20,People First Stadium,CD_I1005992,12932,40,GCFC,HBFR,Joel,Jeffrey,
27/07/2024,20,People First Stadium,CD_I297456,12314,7,GCFC,WL,Nick,Holman,
27/07/2024,20,People First Stadium,CD_I1009199,12767,15,GCFC,C,Noah,Anderson,
27/07/2024,20,People First Stadium,CD_I1013257,13119,33,GCFC,WR,Sam,Clohesy,
27/07/2024,20,People First Stadium,CD_I1023500,13050,19,GCFC,HFFL,Bailey,Humphrey,
27/07/2024,20,People First Stadium,CD_I1026960,13120,26,GCFC,CHF,Will,Graham,
27/07/2024,20,People First Stadium,CD_I298524,12393,14,GCFC,HFFR,Lachie,Weller,
27/07/2024,20,People First Stadium,CD_I993917,12529,22,GCFC,FPL,Ben,Long,
27/07/2024,20,People First Stadium,CD_I1006144,12728,34,GCFC,FF,Ben,King,
27/07/2024,20,People First Stadium,CD_I1004095,12703,13,GCFC,FPR,Jack,Lukosius,
27/07/2024,20,People First Stadium,CD_I1021013,13051,49,GCFC,RK,Ned,Moyle,
27/07/2024,20,People First Stadium,CD_I1009260,12825,3,GCFC,RR,Sam,Flanders,
27/07/2024,20,People First Stadium,CD_I1009208,12769,18,GCFC,R,Matt,Rowell,
27/07/2024,20,People First Stadium,CD_I1008882,12631,10,GCFC,INT,Charlie,Ballard,
27/07/2024,20,People First Stadium,CD_I1006100,12776,16,GCFC,INT,Thomas,Berry,
27/07/2024,20,People First Stadium,CD_I290832,11923,24,GCFC,INT,David,Swallow,
27/07/2024,20,People First Stadium,CD_I291975,12184,28,GCFC,INT,Jarrod,Witts,
27/07/2024,20,People First Stadium,CD_I1005986,12903,41,GCFC,INT,Malcolm,Rosas,
27/07/2024,20,People First Stadium,CD_I294643,12086,6,GCFC,EMERG,Alex,Sexton,
27/07/2024,20,People First Stadium,CD_I1023736,13114,17,GCFC,EMERG,Jed,Walter,
27/07/2024,20,People First Stadium,CD_I1008454,12768,35,GCFC,EMERG,Connor,Budarick,
27/07/2024,20,People First Stadium,CD_I261224,12082,15,BL,BPL,Dayne,Zorko,
27/07/2024,20,People First Stadium,CD_I294518,12205,3,BL,FB,Joe,Daniher,
27/07/2024,20,People First Stadium,CD_I1002401,12673,37,BL,BPR,Brandon,Starcevich,
27/07/2024,20,People First Stadium,CD_I1017067,13027,44,BL,HBFL,Darcy,Wilmot,
27/07/2024,20,People First Stadium,CD_I291548,11901,35,BL,CHB,Ryan,Lester,
27/07/2024,20,People First Stadium,CD_I998133,12525,7,BL,HBFR,Jarrod,Berry,
27/07/2024,20,People First Stadium,CD_I1023708,13072,28,BL,WL,Jaspa,Fletcher,
27/07/2024,20,People First Stadium,CD_I1023517,13034,8,BL,C,Will,Ashcroft,
27/07/2024,20,People First Stadium,CD_I1000978,12526,6,BL,WR,Hugh,McCluggage,
27/07/2024,20,People First Stadium,CD_I1002235,12594,16,BL,HFFL,Cam,Rayner,
27/07/2024,20,People First Stadium,CD_I1028019,13138,13,BL,CHF,Logan,Morris,
27/07/2024,20,People First Stadium,CD_I1014026,12969,1,BL,HFFR,Kai,Lohmann,
27/07/2024,20,People First Stadium,CD_I990609,12284,23,BL,FPL,Charlie,Cameron,
27/07/2024,20,People First Stadium,CD_I993953,12462,30,BL,FF,Eric,Hipwood,
27/07/2024,20,People First Stadium,CD_I1002312,12617,33,BL,FPR,Zac,Bailey,
27/07/2024,20,People First Stadium,CD_I1005521,12625,46,BL,RK,Oscar,McInerney,
27/07/2024,20,People First Stadium,CD_I993834,12421,5,BL,RR,Josh,Dunkley,
27/07/2024,20,People First Stadium,CD_I293535,12061,9,BL,R,Lachie,Neale,
27/07/2024,20,People First Stadium,CD_I298437,12412,4,BL,INT,Callum,Ah Chee,
27/07/2024,20,People First Stadium,CD_I1009386,12874,20,BL,INT,Jaxon,Prior,
27/07/2024,20,People First Stadium,CD_I1016189,13500,25,BL,INT,Henry,Smith,
27/07/2024,20,People First Stadium,CD_I997846,12400,26,BL,INT,Conor,McKenna,
27/07/2024,20,People First Stadium,CD_I1028105,13143,34,BL,INT,Shadeau,Brain,
27/07/2024,20,People First Stadium,CD_I1007099,12862,22,BL,EMERG,Harry,Sharp,
27/07/2024,20,People First Stadium,CD_I298211,12726,32,BL,EMERG,Darcy,Fort,
27/07/2024,20,People First Stadium,CD_I1009317,13139,38,BL,EMERG,Bruce,Reville,
27/07/2024,20,Marvel Stadium,CD_I998134,12565,26,STK,BPL,Josh,Battle,
27/07/2024,20,Marvel Stadium,CD_I993480,12426,20,STK,FB,Dougal,Howard,
27/07/2024,20,Marvel Stadium,CD_I296422,12701,44,STK,BPR,Callum,Wilkie,
27/07/2024,20,Marvel Stadium,CD_I1008312,12721,14,STK,HBFL,Liam,Stocker,
27/07/2024,20,Marvel Stadium,CD_I1015507,12947,7,STK,CHB,Nasiah,Wanganeen-Milera,
27/07/2024,20,Marvel Stadium,CD_I290757,12194,29,STK,HBFR,Jimmy,Webster,
27/07/2024,20,Marvel Stadium,CD_I295584,12066,8,STK,WL,Bradley,Hill,
27/07/2024,20,Marvel Stadium,CD_I994389,12337,35,STK,C,Jack,Sinclair,
27/07/2024,20,Marvel Stadium,CD_I1011994,12804,13,STK,WR,Ryan,Byrnes,
27/07/2024,20,Marvel Stadium,CD_I295340,12321,32,STK,HFFL,Mason,Wood,
27/07/2024,20,Marvel Stadium,CD_I1002227,12616,1,STK,CHF,Jack,Higgins,
27/07/2024,20,Marvel Stadium,CD_I1023272,12945,10,STK,HFFR,Mitch,Owens,
27/07/2024,20,Marvel Stadium,CD_I1023784,13041,47,STK,FPL,Anthony,Caminiti,
27/07/2024,20,Marvel Stadium,CD_I294596,12307,28,STK,FF,Tim,Membrey,
27/07/2024,20,Marvel Stadium,CD_I1018018,12930,43,STK,FPR,Cooper,Sharman,
27/07/2024,20,Marvel Stadium,CD_I992468,12572,19,STK,RK,Rowan,Marshall,
27/07/2024,20,Marvel Stadium,CD_I296205,12377,9,STK,RR,Jack,Steele,
27/07/2024,20,Marvel Stadium,CD_I991988,12294,3,STK,R,Zak,Jones,
27/07/2024,20,Marvel Stadium,CD_I1002264,12593,11,STK,INT,Hunter,Clark,
27/07/2024,20,Marvel Stadium,CD_I992374,12498,16,STK,INT,Dan,Butler,
27/07/2024,20,Marvel Stadium,CD_I1027875,13109,22,STK,INT,Darcy,Wilson,
27/07/2024,20,Marvel Stadium,CD_I1027790,13124,34,STK,INT,Hugo,Garcia,
27/07/2024,20,Marvel Stadium,CD_I994599,12492,36,STK,INT,Riley,Bonner,
27/07/2024,20,Marvel Stadium,CD_I1002256,12589,15,STK,EMERG,Paddy,Dow,
27/07/2024,20,Marvel Stadium,CD_I1017077,13295,41,STK,EMERG,Angus,McLennan,
27/07/2024,20,Marvel Stadium,CD_I1015886,13296,42,STK,EMERG,Max,Heath,
27/07/2024,20,Marvel Stadium,CD_I1001026,12640,14,ESS,BPL,Jordan,Ridley,
27/07/2024,20,Marvel Stadium,CD_I1002143,12588,32,ESS,FB,Ben,McKay,
27/07/2024,20,Marvel Stadium,CD_I298280,12384,15,ESS,BPR,Jayden,Laverde,
27/07/2024,20,Marvel Stadium,CD_I1012013,12950,37,ESS,HBFL,Nic,Martin,
27/07/2024,20,Marvel Stadium,CD_I997078,12445,27,ESS,CHB,Mason,Redman,
27/07/2024,20,Marvel Stadium,CD_I998102,12505,1,ESS,HBFR,Andrew,McGrath,
27/07/2024,20,Marvel Stadium,CD_I1015827,12858,13,ESS,WL,Nik,Cox,
27/07/2024,20,Marvel Stadium,CD_I291783,12032,9,ESS,C,Dylan,Shiel,
27/07/2024,20,Marvel Stadium,CD_I1006096,12695,28,ESS,WR,Xavier,Duursma,
27/07/2024,20,Marvel Stadium,CD_I293884,12173,25,ESS,HFFL,Jake,Stringer,
27/07/2024,20,Marvel Stadium,CD_I1027899,13149,30,ESS,CHF,Nate,Caddy,
27/07/2024,20,Marvel Stadium,CD_I1015810,12926,22,ESS,HFFR,Sam,Durham,
27/07/2024,20,Marvel Stadium,CD_I298630,12358,4,ESS,FPL,Kyle,Langford,
27/07/2024,20,Marvel Stadium,CD_I298289,12371,20,ESS,FF,Peter,Wright,
27/07/2024,20,Marvel Stadium,CD_I298421,12422,11,ESS,FPR,Jade,Gresham,
27/07/2024,20,Marvel Stadium,CD_I1005577,12809,2,ESS,RK,Sam,Draper,
27/07/2024,20,Marvel Stadium,CD_I1006103,12752,6,ESS,RR,Jye,Caldwell,
27/07/2024,20,Marvel Stadium,CD_I992016,12249,7,ESS,R,Zach,Merrett,
27/07/2024,20,Marvel Stadium,CD_I993817,12414,3,ESS,INT,Darcy,Parish,
27/07/2024,20,Marvel Stadium,CD_I1015873,12880,16,ESS,INT,Archie,Perkins,
27/07/2024,20,Marvel Stadium,CD_I290629,11903,21,ESS,INT,Dyson,Heppell,
27/07/2024,20,Marvel Stadium,CD_I1011755,12857,23,ESS,INT,Harrison,Jones,
27/07/2024,20,Marvel Stadium,CD_I1013201,13020,47,ESS,INT,Jye,Menzie,
27/07/2024,20,Marvel Stadium,CD_I1017088,12972,8,ESS,EMERG,Ben,Hobbs,
27/07/2024,20,Marvel Stadium,CD_I271129,11692,17,ESS,EMERG,Todd,Goldstein,
27/07/2024,20,Marvel Stadium,CD_I1023515,,38,ESS,EMERG,Archie,Roberts,
27/07/2024,20,MCG,CD_I291533,12015,25,MELB,BPL,Tom,McDonald,
27/07/2024,20,MCG,CD_I281085,11945,1,MELB,FB,Steven,May,
27/07/2024,20,MCG,CD_I1017703,13036,4,MELB,BPR,Judd,McVee,
27/07/2024,20,MCG,CD_I1012825,12933,17,MELB,HBFL,Jake,Bowey,
27/07/2024,20,MCG,CD_I298281,12359,8,MELB,CHB,Jake,Lever,
27/07/2024,20,MCG,CD_I1013165,13160,45,MELB,HBFR,Andy,Moniz-Wakefield,
27/07/2024,20,MCG,CD_I298264,12401,15,MELB,WL,Ed,Langdon,
27/07/2024,20,MCG,CD_I996701,12411,13,MELB,C,Clayton,Oliver,
27/07/2024,20,MCG,CD_I1027821,13099,6,MELB,WR,Caleb,Windsor,
27/07/2024,20,MCG,CD_I1008541,12774,36,MELB,HFFL,Kysaiah,Pickett,
27/07/2024,20,MCG,CD_I1017720,13048,2,MELB,CHF,Jacob,van Rooyen,
27/07/2024,20,MCG,CD_I280824,11828,18,MELB,HFFR,Jake,Melksham,
27/07/2024,20,MCG,CD_I1005330,12756,37,MELB,FPL,Kade,Chandler,
27/07/2024,20,MCG,CD_I1001438,12603,31,MELB,FF,Bayley,Fritsch,
27/07/2024,20,MCG,CD_I1008893,12660,35,MELB,FPR,Harrison,Petty,
27/07/2024,20,MCG,CD_I290528,11972,11,MELB,RK,Max,Gawn,
27/07/2024,20,MCG,CD_I291902,12152,7,MELB,RR,Jack,Viney,
27/07/2024,20,MCG,CD_I1009378,12778,24,MELB,R,Trent,Rivers,
27/07/2024,20,MCG,CD_I296351,12255,14,MELB,INT,Jack,Billings,
27/07/2024,20,MCG,CD_I1012826,13035,16,MELB,INT,Bailey,Laurie,
27/07/2024,20,MCG,CD_I296420,12375,30,MELB,INT,Alex,Neal-Bullen,
27/07/2024,20,MCG,CD_I1018425,13078,40,MELB,INT,Taj,Woewodin,
27/07/2024,20,MCG,CD_I1020959,12998,42,MELB,INT,Daniel,Turner,
27/07/2024,20,MCG,CD_I1017122,13098,22,MELB,EMERG,Blake,Howes,
27/07/2024,20,MCG,CD_I999391,12692,32,MELB,EMERG,Tom,Sparrow,
27/07/2024,20,MCG,CD_I1027949,13158,41,MELB,EMERG,Kynan,Brown,
27/07/2024,20,MCG,CD_I1008083,12749,39,GWS,BPL,Connor,Idun,
27/07/2024,20,MCG,CD_I1009708,12845,44,GWS,FB,Jack,Buckley,
27/07/2024,20,MCG,CD_I993107,12470,27,GWS,BPR,Harry,Himmelberg,
27/07/2024,20,MCG,CD_I294305,12147,6,GWS,HBFL,Lachie,Whitfield,
27/07/2024,20,MCG,CD_I1005247,12651,15,GWS,CHB,Sam,Taylor,
27/07/2024,20,MCG,CD_I998205,12541,36,GWS,HBFR,Harry,Perryman,
27/07/2024,20,MCG,CD_I280109,11683,8,GWS,WL,Callan,Ward,
27/07/2024,20,MCG,CD_I1009528,12766,12,GWS,C,Tom,Green,
27/07/2024,20,MCG,CD_I1027971,13089,31,GWS,WR,Toby,McMullin,
27/07/2024,20,MCG,CD_I1002251,12663,16,GWS,HFFL,Brent,Daniels,
27/07/2024,20,MCG,CD_I1008123,12835,26,GWS,CHF,Jake,Riccardi,
27/07/2024,20,MCG,CD_I1008139,12773,14,GWS,HFFR,Toby,Bedford,
27/07/2024,20,MCG,CD_I295344,12026,4,GWS,FPL,Toby,Greene,
27/07/2024,20,MCG,CD_I296324,12326,23,GWS,FF,Jesse,Hogan,
27/07/2024,20,MCG,CD_I1020650,13128,2,GWS,FPR,Darcy,Jones,
27/07/2024,20,MCG,CD_I1008436,12905,32,GWS,RK,Kieren,Briggs,
27/07/2024,20,MCG,CD_I1023266,12970,17,GWS,RR,Finn,Callaghan,
27/07/2024,20,MCG,CD_I1006013,12934,20,GWS,R,James,Peatling,
27/07/2024,20,MCG,CD_I1032629,13165,37,GWS,INT,Joe,Fonti,
27/07/2024,20,MCG,CD_I1019038,13054,5,GWS,INT,Aaron,Cadman,
27/07/2024,20,MCG,CD_I1027925,13101,28,GWS,INT,Harvey,Thomas,
27/07/2024,20,MCG,CD_I1009253,12782,7,GWS,INT,Lachie,Ash,
27/07/2024,20,MCG,CD_I1006135,12822,33,GWS,INT,Xavier,O'Halloran,
27/07/2024,20,MCG,CD_I1015862,12887,18,GWS,EMERG,Conor,Stone,
27/07/2024,20,MCG,CD_I290314,11998,25,GWS,EMERG,Lachlan,Keeffe,
27/07/2024,20,MCG,CD_I295265,12096,19,GWS,EMERG,Nick,Haynes,
27/07/2024,20,Optus Stadium,CD_I998659,12550,13,FRE,BPL,Luke,Ryan,
27/07/2024,20,Optus Stadium,CD_I1020668,13113,37,FRE,FB,Joshua,Draper,
27/07/2024,20,Optus Stadium,CD_I997033,12552,36,FRE,BPR,Brennan,Cox,
27/07/2024,20,Optus Stadium,CD_I1009410,12915,31,FRE,HBFL,Brandon,Walker,
27/07/2024,20,Optus Stadium,CD_I1013224,12876,5,FRE,CHB,Heath,Chapman,
27/07/2024,20,Optus Stadium,CD_I1006152,12688,6,FRE,HBFR,Jordan,Clark,
27/07/2024,20,Optus Stadium,CD_I294613,12149,2,FRE,WL,Jaeger,O'Meara,
27/07/2024,20,Optus Stadium,CD_I291570,11844,7,FRE,C,Nat,Fyfe,
27/07/2024,20,Optus Stadium,CD_I1009256,12777,26,FRE,WR,Hayden,Young,
27/07/2024,20,Optus Stadium,CD_I1013611,12764,1,FRE,HFFL,Sam,Sturt,
27/07/2024,20,Optus Stadium,CD_I992059,12679,39,FRE,CHF,Sam,Switkowski,
27/07/2024,20,Optus Stadium,CD_I999321,12803,32,FRE,HFFR,Michael,Frederick,
27/07/2024,20,Optus Stadium,CD_I1012819,12888,35,FRE,FPL,Josh,Treacy,
27/07/2024,20,Optus Stadium,CD_I1020594,12983,24,FRE,FF,Jye,Amiss,
27/07/2024,20,Optus Stadium,CD_I1009399,12779,9,FRE,FPR,Luke,Jackson,
27/07/2024,20,Optus Stadium,CD_I998145,12555,4,FRE,RK,Sean,Darcy,
27/07/2024,20,Optus Stadium,CD_I1009420,12786,3,FRE,RR,Caleb,Serong,
27/07/2024,20,Optus Stadium,CD_I1002232,12596,8,FRE,R,Andrew,Brayshaw,
27/07/2024,20,Optus Stadium,CD_I295067,12252,11,FRE,INT,James,Aish,
27/07/2024,20,Optus Stadium,CD_I1009380,12821,14,FRE,INT,Jeremy,Sharp,
27/07/2024,20,Optus Stadium,CD_I998180,12595,41,FRE,INT,Bailey,Banfield,
27/07/2024,20,Optus Stadium,CD_I993940,12461,34,FRE,INT,Corey,Wagner,
27/07/2024,20,Optus Stadium,CD_I1020695,13093,18,FRE,INT,Tom,Emmett,
27/07/2024,20,Optus Stadium,CD_I1027656,13131,29,FRE,EMERG,Cooper,Simpson,
27/07/2024,20,Optus Stadium,CD_I996580,12406,15,FRE,EMERG,Ethan,Hughes,
27/07/2024,20,Optus Stadium,CD_I1017754,13132,38,FRE,EMERG,Patrick,Voss,
27/07/2024,20,Optus Stadium,CD_I993820,12454,28,WCE,BPL,Tom,Cole,
27/07/2024,20,Optus Stadium,CD_I990290,12391,37,WCE,FB,Tom,Barrass,
27/07/2024,20,Optus Stadium,CD_I1011437,12812,42,WCE,BPR,Harry,Edwards,
27/07/2024,20,Optus Stadium,CD_I994385,12433,5,WCE,HBFL,Jayden,Hunt,
27/07/2024,20,Optus Stadium,CD_I294859,12279,20,WCE,CHB,Jeremy,McGovern,
27/07/2024,20,Optus Stadium,CD_I1023167,12958,19,WCE,HBFR,Brady,Hough,
27/07/2024,20,Optus Stadium,CD_I1029416,13071,41,WCE,WL,Ryan,Maric,
27/07/2024,20,Optus Stadium,CD_I295898,12605,11,WCE,C,Tim,Kelly,
27/07/2024,20,Optus Stadium,CD_I1006576,12912,16,WCE,WR,Luke,Edwards,
27/07/2024,20,Optus Stadium,CD_I1004364,12607,1,WCE,HFFL,Liam,Ryan,
27/07/2024,20,Optus Stadium,CD_I996554,12609,2,WCE,CHF,Jake,Waterman,
27/07/2024,20,Optus Stadium,CD_I290826,11942,15,WCE,HFFR,Jamie,Cripps,
27/07/2024,20,Optus Stadium,CD_I290838,11908,27,WCE,FPL,Jack,Darling,
27/07/2024,20,Optus Stadium,CD_I1004385,12662,12,WCE,FF,Oscar,Allen,
27/07/2024,20,Optus Stadium,CD_I1020371,12960,34,WCE,FPR,Jack,Williams,
27/07/2024,20,Optus Stadium,CD_I1006114,12837,32,WCE,RK,Bailey J.,Williams,
27/07/2024,20,Optus Stadium,CD_I292128,12093,6,WCE,RR,Elliot,Yeo,
27/07/2024,20,Optus Stadium,CD_I1023492,13112,9,WCE,R,Harley,Reid,
27/07/2024,20,Optus Stadium,CD_I1023025,13032,7,WCE,INT,Reuben,Ginbey,
27/07/2024,20,Optus Stadium,CD_I1011449,13010,26,WCE,INT,Zane,Trew,
27/07/2024,20,Optus Stadium,CD_I997823,12709,35,WCE,INT,Josh,Rotham,
27/07/2024,20,Optus Stadium,CD_I1036098,13152,44,WCE,INT,Jack,Hutchinson,
27/07/2024,20,Optus Stadium,CD_I1020802,13016,49,WCE,INT,Jai,Culley,
27/07/2024,20,Optus Stadium,CD_I296296,12260,4,WCE,EMERG,Dom,Sheed,
27/07/2024,20,Optus Stadium,CD_I1006550,12630,21,WCE,EMERG,Jack,Petruccelle,
27/07/2024,20,Optus Stadium,CD_I998128,12554,23,WCE,EMERG,Alex,Witherden,
28/07/2024,20,MCG,CD_I992010,12380,4,COLL,BPL,Brayden,Maynard,
28/07/2024,20,MCG,CD_I298288,12381,30,COLL,FB,Darcy,Moore,
28/07/2024,20,MCG,CD_I1008089,12740,3,COLL,BPR,Isaac,Quaynor,
28/07/2024,20,MCG,CD_I1000072,12743,9,COLL,HBFL,John,Noble,
28/07/2024,20,MCG,CD_I298358,12468,37,COLL,CHB,Oleg,Markov,
28/07/2024,20,MCG,CD_I1023261,12948,35,COLL,HBFR,Nick,Daicos,
28/07/2024,20,MCG,CD_I280965,11759,22,COLL,WL,Steele,Sidebottom,
28/07/2024,20,MCG,CD_I1017124,13025,44,COLL,C,Ned,Long,
28/07/2024,20,MCG,CD_I1005054,12582,7,COLL,WR,Josh,Daicos,
28/07/2024,20,MCG,CD_I1006148,12744,23,COLL,HFFL,Bobby,Hill,
28/07/2024,20,MCG,CD_I1000860,12704,8,COLL,CHF,Lachie,Schultz,
28/07/2024,20,MCG,CD_I293801,12091,5,COLL,HFFR,Jamie,Elliott,
28/07/2024,20,MCG,CD_I998647,12435,46,COLL,FPL,Mason,Cox,
28/07/2024,20,MCG,CD_I297504,12297,11,COLL,FF,Daniel,McStay,
28/07/2024,20,MCG,CD_I291313,11973,38,COLL,FPR,Jeremy,Howe,
28/07/2024,20,MCG,CD_I990291,12666,14,COLL,RK,Darcy,Cameron,
28/07/2024,20,MCG,CD_I260257,11506,10,COLL,RR,Scott,Pendlebury,
28/07/2024,20,MCG,CD_I293871,12067,25,COLL,R,Jack,Crisp,
28/07/2024,20,MCG,CD_I1003130,12586,1,COLL,INT,Patrick,Lipinski,
28/07/2024,20,MCG,CD_I994185,12333,2,COLL,INT,Jordan,De Goey,
28/07/2024,20,MCG,CD_I991773,12682,17,COLL,INT,Billy,Frampton,
28/07/2024,20,MCG,CD_I1002922,12824,27,COLL,INT,Jack,Bytel,
28/07/2024,20,MCG,CD_I291720,12029,32,COLL,INT,Will,Hoskin-Elliott,
28/07/2024,20,MCG,CD_I998480,13134,33,COLL,INT,Lachlan,Sullivan,
28/07/2024,20,MCG,CD_I1015332,13070,36,COLL,INT,Harvey,Harrison,
28/07/2024,20,MCG,CD_I1012873,13148,45,COLL,INT,Wil,Parker,
28/07/2024,20,MCG,CD_I1002403,12940,46,RICH,BPL,Ben,Miller,
28/07/2024,20,MCG,CD_I295203,12464,35,RICH,FB,Nathan,Broad,
28/07/2024,20,MCG,CD_I294674,12180,1,RICH,BPR,Nick,Vlastuin,
28/07/2024,20,MCG,CD_I992049,12425,15,RICH,HBFL,Jayden,Short,
28/07/2024,20,MCG,CD_I1031829,13096,36,RICH,CHB,James,Trezise,
28/07/2024,20,MCG,CD_I1000981,12409,17,RICH,HBFR,Daniel,Rioli,
28/07/2024,20,MCG,CD_I1011985,12904,13,RICH,WL,Hugo,Ralphsmith,
28/07/2024,20,MCG,CD_I290627,11921,3,RICH,C,Dion,Prestia,
28/07/2024,20,MCG,CD_I294592,12324,33,RICH,WR,Kamdyn,McIntosh,
28/07/2024,20,MCG,CD_I1008478,12884,31,RICH,HFFL,Rhyan,Mansell,
28/07/2024,20,MCG,CD_I1000223,12668,7,RICH,CHF,Liam,Baker,
28/07/2024,20,MCG,CD_I1023275,13100,44,RICH,HFFR,Seth,Campbell,
28/07/2024,20,MCG,CD_I1002245,12686,21,RICH,FPL,Noah,Balta,
28/07/2024,20,MCG,CD_I993993,12542,29,RICH,FF,Shai,Bolton,
28/07/2024,20,MCG,CD_I1006030,12861,20,RICH,FPR,Jacob,Koschitzke,
28/07/2024,20,MCG,CD_I1012386,12918,32,RICH,RK,Samson,Ryan,
28/07/2024,20,MCG,CD_I998172,12512,14,RICH,RR,Tim,Taranto,
28/07/2024,20,MCG,CD_I993903,12447,22,RICH,R,Jacob,Hopper,
28/07/2024,20,MCG,CD_I1009226,12836,27,RICH,INT,Thomson,Dow,
28/07/2024,20,MCG,CD_I1017086,13097,30,RICH,INT,Tom,Brown,
28/07/2024,20,MCG,CD_I1017114,13015,40,RICH,INT,Tyler,Sonsie,
28/07/2024,20,MCG,CD_I1013197,13076,41,RICH,INT,Sam,Banks,
28/07/2024,20,MCG,CD_I1022999,13150,49,RICH,INT,Kaleb,Smith,
28/07/2024,20,MCG,CD_I1023056,13144,48,RICH,INT,Steely,Green,
28/07/2024,20,MCG,CD_I1021152,13077,43,RICH,INT,Jacob,Bauer,
28/07/2024,20,MCG,CD_I1008616,13082,26,RICH,INT,Matthew,Coulthard,
28/07/2024,20,SCG,CD_I291978,12038,7,SYD,BPL,Harry,Cunningham,
28/07/2024,20,SCG,CD_I1008198,12634,30,SYD,FB,Tom,McCartin,
28/07/2024,20,SCG,CD_I1006028,12699,22,SYD,BPR,Nick,Blakey,
28/07/2024,20,SCG,CD_I998103,12501,13,SYD,HBFL,Oliver,Florent,
28/07/2024,20,SCG,CD_I996743,12533,43,SYD,CHB,Lewis,Melican,
28/07/2024,20,SCG,CD_I295342,12275,44,SYD,HBFR,Jake,Lloyd,
28/07/2024,20,SCG,CD_I1012210,12993,34,SYD,WL,Matt,Roberts,
28/07/2024,20,SCG,CD_I1012014,12799,1,SYD,C,Chad,Warner,
28/07/2024,20,SCG,CD_I1013409,12853,17,SYD,WR,James,Jordon,
28/07/2024,20,SCG,CD_I1013128,12864,21,SYD,HFFL,Errol,Gulden,
28/07/2024,20,SCG,CD_I1013230,12863,6,SYD,CHF,Logan,McDonald,
28/07/2024,20,SCG,CD_I993905,12418,14,SYD,HFFR,Callum,Mills,
28/07/2024,20,SCG,CD_I291848,12515,42,SYD,FPL,Robbie,Fox,
28/07/2024,20,SCG,CD_I1008091,12847,36,SYD,FF,Joel,Amartey,
28/07/2024,20,SCG,CD_I997100,12516,9,SYD,FPR,Will,Hayward,
28/07/2024,20,SCG,CD_I293957,12223,4,SYD,RK,Brodie,Grundy,
28/07/2024,20,SCG,CD_I298539,12331,5,SYD,RR,Isaac,Heeney,
28/07/2024,20,SCG,CD_I291776,12070,3,SYD,R,Taylor,Adams,
28/07/2024,20,SCG,CD_I1013133,12865,16,SYD,INT,Braeden,Campbell,
28/07/2024,20,SCG,CD_I1018424,13053,37,SYD,INT,Corey,Warner,
28/07/2024,20,SCG,CD_I290778,11958,26,SYD,INT,Luke,Parker,
28/07/2024,20,SCG,CD_I1003203,12745,2,SYD,INT,Hayden,McLean,
28/07/2024,20,SCG,CD_I1006232,12820,15,SYD,INT,Sam,Wicks,
28/07/2024,20,SCG,CD_I1024096,13117,35,SYD,INT,Caleb,Mitchell,
28/07/2024,20,SCG,CD_I990816,12475,10,SYD,INT,Aaron,Francis,
28/07/2024,20,SCG,CD_I997142,12729,19,SYD,INT,Peter,Ladhams,
28/07/2024,20,SCG,CD_I290085,12169,15,WB,BPL,Taylor,Duryea,
28/07/2024,20,SCG,CD_I998782,12901,24,WB,FB,Buku,Khamis,
28/07/2024,20,SCG,CD_I1005717,12615,17,WB,BPR,Nick,Coffield,
28/07/2024,20,SCG,CD_I1000864,12917,29,WB,HBFL,Lachlan,Bramble,
28/07/2024,20,SCG,CD_I990740,12289,7,WB,CHB,Rory,Lobb,
28/07/2024,20,SCG,CD_I996708,12362,31,WB,HBFR,Bailey,Dale,
28/07/2024,20,SCG,CD_I1005000,12781,23,WB,WL,Laitham,Vandermeer,
28/07/2024,20,SCG,CD_I1008280,12612,20,WB,C,Ed,Richards,
28/07/2024,20,SCG,CD_I992351,12449,34,WB,WR,Bailey,Williams,
28/07/2024,20,SCG,CD_I291790,12058,1,WB,HFFL,Adam,Treloar,
28/07/2024,20,SCG,CD_I1002404,12602,33,WB,CHF,Aaron,Naughton,
28/07/2024,20,SCG,CD_I1009301,12924,2,WB,HFFR,Jamarra,Ugle-Hagan,
28/07/2024,20,SCG,CD_I1011803,12801,3,WB,FPL,Cody,Weightman,
28/07/2024,20,SCG,CD_I1017126,13023,10,WB,FF,Sam,Darcy,
28/07/2024,20,SCG,CD_I1006127,12748,14,WB,FPR,Rhylee,West,
28/07/2024,20,SCG,CD_I1004592,12548,44,WB,RK,Tim,English,
28/07/2024,20,SCG,CD_I297373,12277,4,WB,RR,Marcus,Bontempelli,
28/07/2024,20,SCG,CD_I290799,11904,21,WB,R,Tom,Liberatore,
28/07/2024,20,SCG,CD_I1008855,12723,13,WB,INT,Oskar,Baker,
28/07/2024,20,SCG,CD_I295136,12382,35,WB,INT,Caleb,Daniel,
28/07/2024,20,SCG,CD_I1027704,13140,27,WB,INT,Joel,Freijah,
28/07/2024,20,SCG,CD_I1006533,12908,38,WB,INT,Riley,Garcia,
28/07/2024,20,SCG,CD_I281078,11874,19,WB,INT,Liam,Jones,
28/07/2024,20,SCG,CD_I295467,12172,11,WB,INT,Jack,Macrae,
28/07/2024,20,SCG,CD_I1009015,12851,30,WB,INT,Lachlan,McNeil,
28/07/2024,20,SCG,CD_I1011589,12897,25,WB,INT,Caleb,Poulter,
28/07/2024,20,Adelaide Oval,CD_I1006203,12697,1,ADEL,BPL,Chayce,Jones,
28/07/2024,20,Adelaide Oval,CD_I1013974,12813,48,ADEL,FB,Mark,Keane,
28/07/2024,20,Adelaide Oval,CD_I1021031,13084,27,ADEL,BPR,Luke,Nankervis,
28/07/2024,20,Adelaide Oval,CD_I1015370,13038,16,ADEL,HBFL,Max,Michalanney,
28/07/2024,20,Adelaide Oval,CD_I1009029,13088,35,ADEL,CHB,James,Borlase,
28/07/2024,20,Adelaide Oval,CD_I1004863,12725,20,ADEL,HBFR,Mitchell,Hinge,
28/07/2024,20,Adelaide Oval,CD_I1006136,12818,38,ADEL,WL,Lachlan,Sholl,
28/07/2024,20,Adelaide Oval,CD_I1023534,13166,40,ADEL,C,Hugh,Bond,
28/07/2024,20,Adelaide Oval,CD_I1015329,13151,31,ADEL,WR,Billy,Dowling,
28/07/2024,20,Adelaide Oval,CD_I993946,12441,2,ADEL,HFFL,Ben,Keays,
28/07/2024,20,Adelaide Oval,CD_I1008384,12893,7,ADEL,CHF,Riley,Thilthorpe,
28/07/2024,20,Adelaide Oval,CD_I1017109,12956,14,ADEL,HFFR,Jake,Soligo,
28/07/2024,20,Adelaide Oval,CD_I1000998,12592,4,ADEL,FPL,Lachlan,Murphy,
28/07/2024,20,Adelaide Oval,CD_I280506,11724,13,ADEL,FF,Taylor,Walker,
28/07/2024,20,Adelaide Oval,CD_I999331,12591,32,ADEL,FPR,Darcy,Fogarty,
28/07/2024,20,Adelaide Oval,CD_I297523,12483,43,ADEL,RK,Reilly,O'Brien,
28/07/2024,20,Adelaide Oval,CD_I293222,12171,29,ADEL,RR,Rory,Laird,
28/07/2024,20,Adelaide Oval,CD_I1012807,12855,3,ADEL,R,Sam,Berry,
28/07/2024,20,Adelaide Oval,CD_I291748,11898,33,ADEL,INT,Brodie,Smith,
28/07/2024,20,Adelaide Oval,CD_I1024023,13133,6,ADEL,INT,Daniel,Curtin,
28/07/2024,20,Adelaide Oval,CD_I1011981,12916,24,ADEL,INT,Josh,Worrell,
28/07/2024,20,Adelaide Oval,CD_I1017051,12957,8,ADEL,INT,Josh,Rachele,
28/07/2024,20,Adelaide Oval,CD_I1008185,12780,25,ADEL,INT,Ned,McHenry,
28/07/2024,20,Adelaide Oval,CD_I1005199,12683,34,ADEL,INT,Elliott,Himmelberg,
28/07/2024,20,Adelaide Oval,CD_I1017065,13161,19,ADEL,INT,Zac,Taylor,
28/07/2024,20,Adelaide Oval,CD_I1018335,12936,15,ADEL,INT,Brayden,Cook,
28/07/2024,20,Adelaide Oval,CD_I998114,12571,14,HAW,BPL,Jack,Scrimshaw,
28/07/2024,20,Adelaide Oval,CD_I293738,12124,8,HAW,FB,Sam,Frost,
28/07/2024,20,Adelaide Oval,CD_I296254,12245,4,HAW,BPR,Jarman,Impey,
28/07/2024,20,Adelaide Oval,CD_I998390,12753,9,HAW,HBFL,Changkuoth,Jiath,
28/07/2024,20,Adelaide Oval,CD_I297566,12342,6,HAW,CHB,James,Sicily,
28/07/2024,20,Adelaide Oval,CD_I1009421,12846,32,HAW,HBFR,Finn,Maginness,
28/07/2024,20,Adelaide Oval,CD_I1006314,12710,13,HAW,WL,Dylan,Moore,
28/07/2024,20,Adelaide Oval,CD_I1020895,12913,3,HAW,C,Jai,Newcombe,
28/07/2024,20,Adelaide Oval,CD_I297354,12365,10,HAW,WR,Karl,Amon,
28/07/2024,20,Adelaide Oval,CD_I1012857,12928,33,HAW,HFFL,Jack,Ginnivan,
28/07/2024,20,Adelaide Oval,CD_I1008550,12794,12,HAW,CHF,Will,Day,
28/07/2024,20,Adelaide Oval,CD_I1023473,13103,34,HAW,HFFR,Nick,Watson,
28/07/2024,20,Adelaide Oval,CD_I994077,12491,18,HAW,FPL,Mabior,Chol,
28/07/2024,20,Adelaide Oval,CD_I993794,12477,15,HAW,FF,Blake,Hardwick,
28/07/2024,20,Adelaide Oval,CD_I1023482,13039,28,HAW,FPR,Cam,Mackenzie,
28/07/2024,20,Adelaide Oval,CD_I1000980,12854,17,HAW,RK,Lloyd,Meek,
28/07/2024,20,Adelaide Oval,CD_I1002222,12626,5,HAW,RR,James,Worpel,
28/07/2024,20,Adelaide Oval,CD_I1017110,12954,25,HAW,R,Josh,Ward,
28/07/2024,20,Adelaide Oval,CD_I1005144,12999,16,HAW,INT,Massimo,D'Ambrosio,
28/07/2024,20,Adelaide Oval,CD_I1000963,12585,1,HAW,INT,Harry,Morrison,
28/07/2024,20,Adelaide Oval,CD_I291351,11854,19,HAW,INT,Jack,Gunston,
28/07/2024,20,Adelaide Oval,CD_I1027935,13059,23,HAW,INT,Josh,Weddle,
28/07/2024,20,Adelaide Oval,CD_I280744,11960,22,HAW,INT,Luke,Breust,
28/07/2024,20,Adelaide Oval,CD_I1007124,12678,11,HAW,INT,Conor,Nash,
28/07/2024,20,Adelaide Oval,CD_I1032100,13137,35,HAW,INT,Calsher,Dear,
28/07/2024,20,Adelaide Oval,CD_I1017094,12953,31,HAW,INT,Connor,Macdonald,
