gameId,gameTimeLocal,gameTimeUTC,duration,gameCode,gameStatusText,gameStatus,regulationPeriods,period,arenaId,arenaName,arenaCity,arenaState,arenaCountry,arenaTimezone,teamId,teamName,teamCity,teamTricode,score,teamStatus,status,order,personId,jerseyNum,position,starter,oncourt,played,name,nameI,firstName,familyName,statistics.assists,statistics.blocks,statistics.blocksReceived,statistics.fieldGoalsAttempted,statistics.fieldGoalsMade,statistics.fieldGoalsPercentage,statistics.foulsOffensive,statistics.foulsDrawn,statistics.foulsPersonal,statistics.foulsTechnical,statistics.freeThrowsAttempted,statistics.freeThrowsMade,statistics.freeThrowsPercentage,statistics.minus,statistics.minutes,statistics.minutesCalculated,statistics.plus,statistics.plusMinusPoints,statistics.points,statistics.pointsFastBreak,statistics.pointsInThePaint,statistics.pointsSecondChance,statistics.reboundsDefensive,statistics.reboundsOffensive,statistics.reboundsTotal,statistics.steals,statistics.threePointersAttempted,statistics.threePointersMade,statistics.threePointersPercentage,statistics.turnovers,statistics.twoPointersAttempted,statistics.twoPointersMade,statistics.twoPointersPercentage,notPlayingReason,notPlayingDescription
22400270,2024-11-23T19:30:00-08:00,2024-11-24T03:30:00Z,126,20241123/DENLAL,Final,3,4,4,1000069,Crypto.com Arena,Los Angeles,CA,US,America/Los_Angeles,1610612743,Nuggets,Denver,DEN,127,AWAY,ACTIVE,1,1629008,1,SF,1,0,1,Michael Porter Jr.,M. Porter Jr.,Michael,Porter Jr.,4,0,0,15,10,0.666666667,1,1,2,0,1,0,0,69,PT36M13.99S,PT36M,99,30,24,0,12,2,10,1,11,1,7,4,0.571428571,2,8,6,0.75,,
22400270,2024-11-23T19:30:00-08:00,2024-11-24T03:30:00Z,126,20241123/DENLAL,Final,3,4,4,1000069,Crypto.com Arena,Los Angeles,CA,US,America/Los_Angeles,1610612743,Nuggets,Denver,DEN,127,AWAY,ACTIVE,2,1631212,8,PF,1,0,1,Peyton Watson,P. Watson,Peyton,Watson,2,1,1,8,5,0.625,0,0,1,0,0,0,0,66,PT35M25.01S,PT35M,94,28,11,2,8,4,3,2,5,0,1,1,1,1,7,4,0.571428571,,
22400270,2024-11-23T19:30:00-08:00,2024-11-24T03:30:00Z,126,20241123/DENLAL,Final,3,4,4,1000069,Crypto.com Arena,Los Angeles,CA,US,America/Los_Angeles,1610612743,Nuggets,Denver,DEN,127,AWAY,ACTIVE,3,203999,15,C,1,0,1,Nikola Jokić,N. Jokić,Nikola,Jokić,8,1,0,20,12,0.6,1,6,3,0,8,7,0.875,65,PT36M37.00S,PT37M,104,39,34,7,18,2,11,2,13,2,7,3,0.428571429,6,13,9,0.692307692,,
22400270,2024-11-23T19:30:00-08:00,2024-11-24T03:30:00Z,126,20241123/DENLAL,Final,3,4,4,1000069,Crypto.com Arena,Los Angeles,CA,US,America/Los_Angeles,1610612743,Nuggets,Denver,DEN,127,AWAY,ACTIVE,4,1631128,0,SG,1,0,1,Christian Braun,C. Braun,Christian,Braun,3,0,0,7,7,1,0,0,2,0,0,0,0,71,PT31M26.89S,PT31M,84,13,16,4,10,0,2,0,2,1,2,2,1,2,5,5,1,,
22400270,2024-11-23T19:30:00-08:00,2024-11-24T03:30:00Z,126,20241123/DENLAL,Final,3,4,4,1000069,Crypto.com Arena,Los Angeles,CA,US,America/Los_Angeles,1610612743,Nuggets,Denver,DEN,127,AWAY,ACTIVE,5,1627750,27,PG,1,0,1,Jamal Murray,J. Murray,Jamal,Murray,5,0,1,12,5,0.416666667,0,6,2,0,6,2,0.333333333,58,PT29M42.00S,PT30M,78,20,14,8,4,1,5,0,5,1,4,2,0.5,2,8,3,0.375,,
22400270,2024-11-23T19:30:00-08:00,2024-11-24T03:30:00Z,126,20241123/DENLAL,Final,3,4,4,1000069,Crypto.com Arena,Los Angeles,CA,US,America/Los_Angeles,1610612743,Nuggets,Denver,DEN,127,AWAY,ACTIVE,6,1631124,3,,0,1,1,Julian Strawther,J. Strawther,Julian,Strawther,1,0,0,3,2,0.666666667,0,0,3,0,0,0,0,56,PT19M20.00S,PT19M,44,-12,6,3,0,0,2,0,2,0,2,2,1,0,1,0,0,,
22400270,2024-11-23T19:30:00-08:00,2024-11-24T03:30:00Z,126,20241123/DENLAL,Final,3,4,4,1000069,Crypto.com Arena,Los Angeles,CA,US,America/Los_Angeles,1610612743,Nuggets,Denver,DEN,127,AWAY,ACTIVE,7,1641725,23,,0,1,1,Trey Alexander,T. Alexander,Trey,Alexander,0,0,0,2,1,0.5,0,0,1,0,0,0,0,21,PT10M06.99S,PT10M,29,8,3,0,0,0,0,0,0,0,2,1,0.5,0,0,0,0,,
22400270,2024-11-23T19:30:00-08:00,2024-11-24T03:30:00Z,126,20241123/DENLAL,Final,3,4,4,1000069,Crypto.com Arena,Los Angeles,CA,US,America/Los_Angeles,1610612743,Nuggets,Denver,DEN,127,AWAY,ACTIVE,8,201566,4,,0,0,1,Russell Westbrook,R. Westbrook,Russell,Westbrook,11,0,1,10,6,0.6,0,2,3,0,2,1,0.5,51,PT24M17.09S,PT24M,68,17,14,2,8,4,5,2,7,1,4,1,0.25,3,6,5,0.833333333,,
22400270,2024-11-23T19:30:00-08:00,2024-11-24T03:30:00Z,126,20241123/DENLAL,Final,3,4,4,1000069,Crypto.com Arena,Los Angeles,CA,US,America/Los_Angeles,1610612743,Nuggets,Denver,DEN,127,AWAY,ACTIVE,9,203967,9,,0,0,1,Dario Šarić,D. Šarić,Dario,Šarić,1,0,0,1,0,0,0,0,0,0,0,0,0,19,PT03M58.00S,PT04M,7,-12,0,0,0,0,1,0,1,0,1,0,0,1,0,0,0,,
22400270,2024-11-23T19:30:00-08:00,2024-11-24T03:30:00Z,126,20241123/DENLAL,Final,3,4,4,1000069,Crypto.com Arena,Los Angeles,CA,US,America/Los_Angeles,1610612743,Nuggets,Denver,DEN,127,AWAY,ACTIVE,10,201599,6,,0,0,1,DeAndre Jordan,D. Jordan,DeAndre,Jordan,1,0,0,1,1,1,0,0,0,0,0,0,0,10,PT04M43.03S,PT05M,10,0,2,0,2,0,0,0,0,1,0,0,0,0,1,1,1,,
22400270,2024-11-23T19:30:00-08:00,2024-11-24T03:30:00Z,126,20241123/DENLAL,Final,3,4,4,1000069,Crypto.com Arena,Los Angeles,CA,US,America/Los_Angeles,1610612743,Nuggets,Denver,DEN,127,AWAY,ACTIVE,11,1641816,5,,0,1,1,Hunter Tyson,H. Tyson,Hunter,Tyson,1,0,0,0,0,0,0,1,0,0,2,1,0.5,8,PT02M44.00S,PT03M,6,-2,1,0,0,0,1,1,2,0,0,0,0,0,0,0,0,,
22400270,2024-11-23T19:30:00-08:00,2024-11-24T03:30:00Z,126,20241123/DENLAL,Final,3,4,4,1000069,Crypto.com Arena,Los Angeles,CA,US,America/Los_Angeles,1610612743,Nuggets,Denver,DEN,127,AWAY,ACTIVE,12,1630192,22,,0,1,1,Zeke Nnaji,Z. Nnaji,Zeke,Nnaji,0,0,0,1,0,0,0,0,0,0,0,0,0,8,PT02M44.00S,PT03M,6,-2,0,0,0,0,0,0,0,0,1,0,0,0,0,0,0,,
22400270,2024-11-23T19:30:00-08:00,2024-11-24T03:30:00Z,126,20241123/DENLAL,Final,3,4,4,1000069,Crypto.com Arena,Los Angeles,CA,US,America/Los_Angeles,1610612743,Nuggets,Denver,DEN,127,AWAY,ACTIVE,13,1641790,13,,0,1,1,PJ Hall,P. Hall,PJ,Hall,0,0,0,2,1,0.5,0,0,1,0,0,0,0,8,PT02M42.00S,PT03M,6,-2,2,0,2,2,0,0,0,0,1,0,0,0,1,1,1,,
22400270,2024-11-23T19:30:00-08:00,2024-11-24T03:30:00Z,126,20241123/DENLAL,Final,3,4,4,1000069,Crypto.com Arena,Los Angeles,CA,US,America/Los_Angeles,1610612743,Nuggets,Denver,DEN,127,AWAY,INACTIVE,14,1628427,31,,0,0,0,Vlatko Čančar,V. Čančar,Vlatko,Čančar,0,0,0,0,0,0,0,0,0,0,0,0,0,0,PT00M00.00S,PT00M,0,0,0,0,0,0,0,0,0,0,0,0,0,0,0,0,0,INACTIVE_INJURY,Left Knee; Sprain
22400270,2024-11-23T19:30:00-08:00,2024-11-24T03:30:00Z,126,20241123/DENLAL,Final,3,4,4,1000069,Crypto.com Arena,Los Angeles,CA,US,America/Los_Angeles,1610612743,Nuggets,Denver,DEN,127,AWAY,INACTIVE,15,203932,32,,0,0,0,Aaron Gordon,A. Gordon,Aaron,Gordon,0,0,0,0,0,0,0,0,0,0,0,0,0,0,PT00M00.00S,PT00M,0,0,0,0,0,0,0,0,0,0,0,0,0,0,0,0,0,INACTIVE_INJURY,Right Calf; Strain
22400270,2024-11-23T19:30:00-08:00,2024-11-24T03:30:00Z,126,20241123/DENLAL,Final,3,4,4,1000069,Crypto.com Arena,Los Angeles,CA,US,America/Los_Angeles,1610612743,Nuggets,Denver,DEN,127,AWAY,INACTIVE,16,1641747,14,,0,0,0,DaRon Holmes II,D. Holmes II,DaRon,Holmes II,0,0,0,0,0,0,0,0,0,0,0,0,0,0,PT00M00.00S,PT00M,0,0,0,0,0,0,0,0,0,0,0,0,0,0,0,0,0,INACTIVE_INJURY,Right Achilles Tendon; Repair
22400270,2024-11-23T19:30:00-08:00,2024-11-24T03:30:00Z,126,20241123/DENLAL,Final,3,4,4,1000069,Crypto.com Arena,Los Angeles,CA,US,America/Los_Angeles,1610612743,Nuggets,Denver,DEN,127,AWAY,INACTIVE,17,1642461,21,,0,0,0,Spencer Jones,S. Jones,Spencer,Jones,0,0,0,0,0,0,0,0,0,0,0,0,0,0,PT00M00.00S,PT00M,0,0,0,0,0,0,0,0,0,0,0,0,0,0,0,0,0,INACTIVE_GLEAGUE_TWOWAY,
22400270,2024-11-23T19:30:00-08:00,2024-11-24T03:30:00Z,126,20241123/DENLAL,Final,3,4,4,1000069,Crypto.com Arena,Los Angeles,CA,US,America/Los_Angeles,1610612743,Nuggets,Denver,DEN,127,AWAY,INACTIVE,18,1629618,24,,0,0,0,Jalen Pickett,J. Pickett,Jalen,Pickett,0,0,0,0,0,0,0,0,0,0,0,0,0,0,PT00M00.00S,PT00M,0,0,0,0,0,0,0,0,0,0,0,0,0,0,0,0,0,INACTIVE_GLEAGUE_ON_ASSIGNMENT,
22400270,2024-11-23T19:30:00-08:00,2024-11-24T03:30:00Z,126,20241123/DENLAL,Final,3,4,4,1000069,Crypto.com Arena,Los Angeles,CA,US,America/Los_Angeles,1610612747,Lakers,Los Angeles,LAL,102,HOME,ACTIVE,1,1629060,28,SF,1,0,1,Rui Hachimura,R. Hachimura,Rui,Hachimura,3,0,1,7,4,0.571428571,0,0,1,0,0,0,0,57,PT22M27.00S,PT23M,44,-13,10,5,4,0,1,1,2,1,4,2,0.5,0,3,2,0.666666667,,
22400270,2024-11-23T19:30:00-08:00,2024-11-24T03:30:00Z,126,20241123/DENLAL,Final,3,4,4,1000069,Crypto.com Arena,Los Angeles,CA,US,America/Los_Angeles,1610612747,Lakers,Los Angeles,LAL,102,HOME,ACTIVE,2,2544,23,PF,1,0,1,LeBron James,L. James,LeBron,James,7,0,0,17,7,0.411764706,0,5,3,0,3,3,1,94,PT34M41.00S,PT35M,69,-25,18,7,8,0,6,0,6,3,4,1,0.25,6,13,6,0.461538462,,
22400270,2024-11-23T19:30:00-08:00,2024-11-24T03:30:00Z,126,20241123/DENLAL,Final,3,4,4,1000069,Crypto.com Arena,Los Angeles,CA,US,America/Los_Angeles,1610612747,Lakers,Los Angeles,LAL,102,HOME,ACTIVE,3,203076,3,C,1,0,1,Anthony Davis,A. Davis,Anthony,Davis,3,2,0,19,6,0.315789474,0,3,2,0,3,2,0.666666667,91,PT35M24.00S,PT35M,65,-26,14,4,10,5,7,3,10,3,2,0,0,1,17,6,0.352941176,,
22400270,2024-11-23T19:30:00-08:00,2024-11-24T03:30:00Z,126,20241123/DENLAL,Final,3,4,4,1000069,Crypto.com Arena,Los Angeles,CA,US,America/Los_Angeles,1610612747,Lakers,Los Angeles,LAL,102,HOME,ACTIVE,4,1629629,5,SG,1,0,1,Cam Reddish,C. Reddish,Cam,Reddish,0,0,0,3,2,0.666666667,0,1,2,0,0,0,0,57,PT19M53.00S,PT20M,34,-23,6,0,0,0,0,0,0,2,3,2,0.666666667,1,0,0,0,,
22400270,2024-11-23T19:30:00-08:00,2024-11-24T03:30:00Z,126,20241123/DENLAL,Final,3,4,4,1000069,Crypto.com Arena,Los Angeles,CA,US,America/Los_Angeles,1610612747,Lakers,Los Angeles,LAL,102,HOME,ACTIVE,5,1630559,15,PG,1,0,1,Austin Reaves,A. Reaves,Austin,Reaves,6,0,0,13,7,0.538461538,0,3,1,0,2,2,1,82,PT31M51.00S,PT32M,60,-22,19,5,4,0,2,1,3,1,7,3,0.428571429,3,6,4,0.666666667,,
22400270,2024-11-23T19:30:00-08:00,2024-11-24T03:30:00Z,126,20241123/DENLAL,Final,3,4,4,1000069,Crypto.com Arena,Los Angeles,CA,US,America/Los_Angeles,1610612747,Lakers,Los Angeles,LAL,102,HOME,ACTIVE,6,1626156,1,,0,0,1,D'Angelo Russell,D. Russell,D'Angelo,Russell,5,0,0,9,2,0.222222222,0,1,0,0,2,2,1,46,PT18M15.00S,PT18M,46,0,7,2,2,0,2,0,2,0,6,1,0.166666667,2,3,1,0.333333333,,
22400270,2024-11-23T19:30:00-08:00,2024-11-24T03:30:00Z,126,20241123/DENLAL,Final,3,4,4,1000069,Crypto.com Arena,Los Angeles,CA,US,America/Los_Angeles,1610612747,Lakers,Los Angeles,LAL,102,HOME,ACTIVE,7,1642261,4,,0,0,1,Dalton Knecht,D. Knecht,Dalton,Knecht,1,0,1,7,3,0.428571429,0,2,1,0,2,2,1,75,PT28M03.00S,PT28M,58,-17,9,4,4,0,4,1,5,0,4,1,0.25,0,3,2,0.666666667,,
22400270,2024-11-23T19:30:00-08:00,2024-11-24T03:30:00Z,126,20241123/DENLAL,Final,3,4,4,1000069,Crypto.com Arena,Los Angeles,CA,US,America/Los_Angeles,1610612747,Lakers,Los Angeles,LAL,102,HOME,ACTIVE,8,1631108,12,,0,1,1,Max Christie,M. Christie,Max,Christie,1,0,0,8,5,0.625,0,1,1,0,0,0,0,49,PT16M34.00S,PT17M,37,-12,12,0,6,0,0,0,0,0,3,2,0.666666667,1,5,3,0.6,,
22400270,2024-11-23T19:30:00-08:00,2024-11-24T03:30:00Z,126,20241123/DENLAL,Final,3,4,4,1000069,Crypto.com Arena,Los Angeles,CA,US,America/Los_Angeles,1610612747,Lakers,Los Angeles,LAL,102,HOME,ACTIVE,9,1631132,10,,0,1,1,Christian Koloko,C. Koloko,Christian,Koloko,0,1,0,0,0,0,0,0,1,0,0,0,0,27,PT10M20.00S,PT10M,35,8,0,0,0,0,3,0,3,1,0,0,0,0,0,0,0,,
22400270,2024-11-23T19:30:00-08:00,2024-11-24T03:30:00Z,126,20241123/DENLAL,Final,3,4,4,1000069,Crypto.com Arena,Los Angeles,CA,US,America/Los_Angeles,1610612747,Lakers,Los Angeles,LAL,102,HOME,ACTIVE,10,1629216,7,,0,1,1,Gabe Vincent,G. Vincent,Gabe,Vincent,1,0,0,5,3,0.6,0,0,3,0,0,0,0,35,PT13M46.00S,PT14M,38,3,7,0,2,0,0,0,0,0,3,1,0.333333333,1,2,2,1,,
22400270,2024-11-23T19:30:00-08:00,2024-11-24T03:30:00Z,126,20241123/DENLAL,Final,3,4,4,1000069,Crypto.com Arena,Los Angeles,CA,US,America/Los_Angeles,1610612747,Lakers,Los Angeles,LAL,102,HOME,ACTIVE,11,1641721,20,,0,1,1,Maxwell Lewis,M. Lewis,Maxwell,Lewis,0,0,0,0,0,0,0,0,0,0,0,0,0,11,PT04M23.00S,PT04M,12,1,0,0,0,0,0,0,0,0,0,0,0,0,0,0,0,,
22400270,2024-11-23T19:30:00-08:00,2024-11-24T03:30:00Z,126,20241123/DENLAL,Final,3,4,4,1000069,Crypto.com Arena,Los Angeles,CA,US,America/Los_Angeles,1610612747,Lakers,Los Angeles,LAL,102,HOME,ACTIVE,12,1642422,94,,0,1,1,Armel Traoré,A. Traoré,Armel,Traoré,0,0,0,0,0,0,0,2,1,0,2,0,0,11,PT04M23.00S,PT04M,12,1,0,0,0,0,1,0,1,0,0,0,0,0,0,0,0,,
22400270,2024-11-23T19:30:00-08:00,2024-11-24T03:30:00Z,126,20241123/DENLAL,Final,3,4,4,1000069,Crypto.com Arena,Los Angeles,CA,US,America/Los_Angeles,1610612747,Lakers,Los Angeles,LAL,102,HOME,INACTIVE,13,1629637,11,,0,0,0,Jaxson Hayes,J. Hayes,Jaxson,Hayes,0,0,0,0,0,0,0,0,0,0,0,0,0,0,PT00M00.00S,PT00M,0,0,0,0,0,0,0,0,0,0,0,0,0,0,0,0,0,INACTIVE_INJURY,Right Ankle; Sprain
22400270,2024-11-23T19:30:00-08:00,2024-11-24T03:30:00Z,126,20241123/DENLAL,Final,3,4,4,1000069,Crypto.com Arena,Los Angeles,CA,US,America/Los_Angeles,1610612747,Lakers,Los Angeles,LAL,102,HOME,INACTIVE,14,1641720,0,,0,0,0,Jalen Hood-Schifino,J. Hood-Schifino,Jalen,Hood-Schifino,0,0,0,0,0,0,0,0,0,0,0,0,0,0,PT00M00.00S,PT00M,0,0,0,0,0,0,0,0,0,0,0,0,0,0,0,0,0,INACTIVE_INJURY,Left Hamstring; Strain
22400270,2024-11-23T19:30:00-08:00,2024-11-24T03:30:00Z,126,20241123/DENLAL,Final,3,4,4,1000069,Crypto.com Arena,Los Angeles,CA,US,America/Los_Angeles,1610612747,Lakers,Los Angeles,LAL,102,HOME,INACTIVE,15,1642355,9,,0,0,0,Bronny James,B. James,Bronny,James,0,0,0,0,0,0,0,0,0,0,0,0,0,0,PT00M00.00S,PT00M,0,0,0,0,0,0,0,0,0,0,0,0,0,0,0,0,0,INACTIVE_INJURY,Left Heel; Contusion
22400270,2024-11-23T19:30:00-08:00,2024-11-24T03:30:00Z,126,20241123/DENLAL,Final,3,4,4,1000069,Crypto.com Arena,Los Angeles,CA,US,America/Los_Angeles,1610612747,Lakers,Los Angeles,LAL,102,HOME,INACTIVE,16,1642439,41,,0,0,0,Quincy Olivari,Q. Olivari,Quincy,Olivari,0,0,0,0,0,0,0,0,0,0,0,0,0,0,PT00M00.00S,PT00M,0,0,0,0,0,0,0,0,0,0,0,0,0,0,0,0,0,INACTIVE_INJURY,Right Ankle; Sprain
22400270,2024-11-23T19:30:00-08:00,2024-11-24T03:30:00Z,126,20241123/DENLAL,Final,3,4,4,1000069,Crypto.com Arena,Los Angeles,CA,US,America/Los_Angeles,1610612747,Lakers,Los Angeles,LAL,102,HOME,INACTIVE,17,1629020,2,,0,0,0,Jarred Vanderbilt,J. Vanderbilt,Jarred,Vanderbilt,0,0,0,0,0,0,0,0,0,0,0,0,0,0,PT00M00.00S,PT00M,0,0,0,0,0,0,0,0,0,0,0,0,0,0,0,0,0,INACTIVE_INJURY,Right Foot; Surgery Recovery
22400270,2024-11-23T19:30:00-08:00,2024-11-24T03:30:00Z,126,20241123/DENLAL,Final,3,4,4,1000069,Crypto.com Arena,Los Angeles,CA,US,America/Los_Angeles,1610612747,Lakers,Los Angeles,LAL,102,HOME,INACTIVE,18,1626174,35,,0,0,0,Christian Wood,C. Wood,Christian,Wood,0,0,0,0,0,0,0,0,0,0,0,0,0,0,PT00M00.00S,PT00M,0,0,0,0,0,0,0,0,0,0,0,0,0,0,0,0,0,INACTIVE_INJURY,Left Knee; Surgery Recovery
22400269,2024-11-23T19:30:00-06:00,2024-11-24T01:30:00Z,130,20241123/GSWSAS,Final,3,4,4,1000118,Frost Bank Center,San Antonio,TX,US,America/Chicago,1610612744,Warriors,Golden State,GSW,94,AWAY,ACTIVE,1,203952,22,SF,1,0,1,Andrew Wiggins,A. Wiggins,Andrew,Wiggins,3,0,0,16,6,0.375,0,3,1,0,5,4,0.8,67,PT33M08.00S,PT33M,68,1,20,0,4,6,3,2,5,1,10,4,0.4,0,6,2,0.333333333,,
22400269,2024-11-23T19:30:00-06:00,2024-11-24T01:30:00Z,130,20241123/GSWSAS,Final,3,4,4,1000118,Frost Bank Center,San Antonio,TX,US,America/Chicago,1610612744,Warriors,Golden State,GSW,94,AWAY,ACTIVE,2,203110,23,PF,1,0,1,Draymond Green,D. Green,Draymond,Green,8,1,0,5,0,0,0,4,6,0,2,1,0.5,56,PT26M41.00S,PT27M,56,0,1,0,0,1,5,2,7,0,3,0,0,0,2,0,0,DNP_INJURY,Right Elbow; Soreness
22400269,2024-11-23T19:30:00-06:00,2024-11-24T01:30:00Z,130,20241123/GSWSAS,Final,3,4,4,1000118,Frost Bank Center,San Antonio,TX,US,America/Chicago,1610612744,Warriors,Golden State,GSW,94,AWAY,ACTIVE,3,1631218,32,C,1,1,1,Trayce Jackson-Davis,T. Jackson-Davis,Trayce,Jackson-Davis,3,0,2,12,6,0.5,0,0,2,0,0,0,0,54,PT23M19.00S,PT23M,47,-7,12,0,12,0,4,4,8,0,0,0,0,0,12,6,0.5,,
22400269,2024-11-23T19:30:00-06:00,2024-11-24T01:30:00Z,130,20241123/GSWSAS,Final,3,4,4,1000118,Frost Bank Center,San Antonio,TX,US,America/Chicago,1610612744,Warriors,Golden State,GSW,94,AWAY,ACTIVE,4,1630322,43,SG,1,1,1,Lindy Waters III,L. Waters III,Lindy,Waters III,1,1,2,12,4,0.333333333,0,0,3,0,0,0,0,60,PT25M11.00S,PT25M,52,-8,11,0,2,3,2,2,4,0,8,3,0.375,0,4,1,0.25,DNP_INJURY,N/a; Illness
22400269,2024-11-23T19:30:00-06:00,2024-11-24T01:30:00Z,130,20241123/GSWSAS,Final,3,4,4,1000118,Frost Bank Center,San Antonio,TX,US,America/Chicago,1610612744,Warriors,Golden State,GSW,94,AWAY,ACTIVE,5,201939,30,PG,1,0,1,Stephen Curry,S. Curry,Stephen,Curry,5,0,0,16,5,0.3125,0,1,1,0,1,1,1,66,PT31M59.94S,PT32M,70,4,14,0,4,6,5,2,7,0,10,3,0.3,3,6,2,0.333333333,DNP_INJURY,Left Knee; Bursitis
22400269,2024-11-23T19:30:00-06:00,2024-11-24T01:30:00Z,130,20241123/GSWSAS,Final,3,4,4,1000118,Frost Bank Center,San Antonio,TX,US,America/Chicago,1610612744,Warriors,Golden State,GSW,94,AWAY,ACTIVE,6,1627780,0,,0,1,1,Gary Payton II,G. Payton II,Gary,Payton II,1,1,1,4,2,0.5,1,2,2,0,0,0,0,21,PT12M54.08S,PT13M,28,7,5,0,2,2,1,0,1,0,2,1,0.5,1,2,1,0.5,DNP_INJURY,Left Knee; Inflammation
22400269,2024-11-23T19:30:00-06:00,2024-11-24T01:30:00Z,130,20241123/GSWSAS,Final,3,4,4,1000118,Frost Bank Center,San Antonio,TX,US,America/Chicago,1610612744,Warriors,Golden State,GSW,94,AWAY,ACTIVE,7,1630541,4,,0,1,1,Moses Moody,M. Moody,Moses,Moody,1,0,1,8,2,0.25,0,1,0,0,2,2,1,52,PT21M49.00S,PT22M,39,-13,6,2,4,0,0,1,1,1,2,0,0,0,6,2,0.333333333,,
22400269,2024-11-23T19:30:00-06:00,2024-11-24T01:30:00Z,130,20241123/GSWSAS,Final,3,4,4,1000118,Frost Bank Center,San Antonio,TX,US,America/Chicago,1610612744,Warriors,Golden State,GSW,94,AWAY,ACTIVE,8,1627741,7,,0,1,1,Buddy Hield,B. Hield,Buddy,Hield,4,0,1,9,4,0.444444444,0,1,2,0,0,0,0,47,PT23M50.97S,PT24M,45,-2,11,0,2,0,0,1,1,0,7,3,0.428571429,2,2,1,0.5,,
22400269,2024-11-23T19:30:00-06:00,2024-11-24T01:30:00Z,130,20241123/GSWSAS,Final,3,4,4,1000118,Frost Bank Center,San Antonio,TX,US,America/Chicago,1610612744,Warriors,Golden State,GSW,94,AWAY,ACTIVE,9,1626172,5,,0,0,1,Kevon Looney,K. Looney,Kevon,Looney,0,0,1,5,4,0.8,1,1,2,0,2,0,0,33,PT12M40.00S,PT13M,23,-10,8,0,8,0,4,3,7,2,0,0,0,2,5,4,0.8,,
22400269,2024-11-23T19:30:00-06:00,2024-11-24T01:30:00Z,130,20241123/GSWSAS,Final,3,4,4,1000118,Frost Bank Center,San Antonio,TX,US,America/Chicago,1610612744,Warriors,Golden State,GSW,94,AWAY,ACTIVE,10,1641764,2,,0,0,1,Brandin Podziemski,B. Podziemski,Brandin,Podziemski,2,0,1,3,0,0,0,2,0,0,0,0,0,38,PT15M34.00S,PT15M,24,-14,0,0,0,0,3,0,3,0,1,0,0,1,2,0,0,,
22400269,2024-11-23T19:30:00-06:00,2024-11-24T01:30:00Z,130,20241123/GSWSAS,Final,3,4,4,1000118,Frost Bank Center,San Antonio,TX,US,America/Chicago,1610612744,Warriors,Golden State,GSW,94,AWAY,ACTIVE,11,203937,1,,0,0,1,Kyle Anderson,K. Anderson,Kyle,Anderson,1,0,0,5,3,0.6,0,1,2,0,1,0,0,26,PT12M53.01S,PT13M,18,-8,6,0,6,2,5,0,5,0,1,0,0,1,4,3,0.75,,
22400269,2024-11-23T19:30:00-06:00,2024-11-24T01:30:00Z,130,20241123/GSWSAS,Final,3,4,4,1000118,Frost Bank Center,San Antonio,TX,US,America/Chicago,1610612744,Warriors,Golden State,GSW,94,AWAY,ACTIVE,12,1630228,0,,0,0,0,Jonathan Kuminga,J. Kuminga,Jonathan,Kuminga,0,0,0,0,0,0,0,0,0,0,0,0,0,0,PT00M00.00S,PT00M,0,0,0,0,0,0,0,0,0,0,0,0,0,0,0,0,0,DNP_INJURY,N/a; Illness
22400269,2024-11-23T19:30:00-06:00,2024-11-24T01:30:00Z,130,20241123/GSWSAS,Final,3,4,4,1000118,Frost Bank Center,San Antonio,TX,US,America/Chicago,1610612744,Warriors,Golden State,GSW,94,AWAY,ACTIVE,13,1630611,15,,0,0,0,Gui Santos,G. Santos,Gui,Santos,0,0,0,0,0,0,0,0,0,0,0,0,0,0,PT00M00.00S,PT00M,0,0,0,0,0,0,0,0,0,0,0,0,0,0,0,0,0,,
22400269,2024-11-23T19:30:00-06:00,2024-11-24T01:30:00Z,130,20241123/GSWSAS,Final,3,4,4,1000118,Frost Bank Center,San Antonio,TX,US,America/Chicago,1610612744,Warriors,Golden State,GSW,94,AWAY,INACTIVE,14,1641736,3,,0,0,0,Reece Beekman,R. Beekman,Reece,Beekman,0,0,0,0,0,0,0,0,0,0,0,0,0,0,PT00M00.00S,PT00M,0,0,0,0,0,0,0,0,0,0,0,0,0,0,0,0,0,,
22400269,2024-11-23T19:30:00-06:00,2024-11-24T01:30:00Z,130,20241123/GSWSAS,Final,3,4,4,1000118,Frost Bank Center,San Antonio,TX,US,America/Chicago,1610612744,Warriors,Golden State,GSW,94,AWAY,INACTIVE,15,1629001,8,,0,0,0,De'Anthony Melton,D. Melton,De'Anthony,Melton,0,0,0,0,0,0,0,0,0,0,0,0,0,0,PT00M00.00S,PT00M,0,0,0,0,0,0,0,0,0,0,0,0,0,0,0,0,0,,
22400269,2024-11-23T19:30:00-06:00,2024-11-24T01:30:00Z,130,20241123/GSWSAS,Final,3,4,4,1000118,Frost Bank Center,San Antonio,TX,US,America/Chicago,1610612744,Warriors,Golden State,GSW,94,AWAY,INACTIVE,16,1642366,21,,0,0,0,Quinten Post,Q. Post,Quinten,Post,0,0,0,0,0,0,0,0,0,0,0,0,0,0,PT00M00.00S,PT00M,0,0,0,0,0,0,0,0,0,0,0,0,0,0,0,0,0,,
22400269,2024-11-23T19:30:00-06:00,2024-11-24T01:30:00Z,130,20241123/GSWSAS,Final,3,4,4,1000118,Frost Bank Center,San Antonio,TX,US,America/Chicago,1610612744,Warriors,Golden State,GSW,94,AWAY,INACTIVE,17,1630311,61,,0,0,0,Pat Spencer,P. Spencer,Pat,Spencer,0,0,0,0,0,0,0,0,0,0,0,0,0,0,PT00M00.00S,PT00M,0,0,0,0,0,0,0,0,0,0,0,0,0,0,0,0,0,,
22400269,2024-11-23T19:30:00-06:00,2024-11-24T01:30:00Z,130,20241123/GSWSAS,Final,3,4,4,1000118,Frost Bank Center,San Antonio,TX,US,America/Chicago,1610612759,Spurs,San Antonio,SAS,104,HOME,ACTIVE,1,1630577,30,SF,1,0,1,Julian Champagnie,J. Champagnie,Julian,Champagnie,1,2,0,11,4,0.363636364,0,0,2,0,0,0,0,71,PT34M27.88S,PT34M,77,6,9,2,6,0,5,0,5,0,8,1,0.125,0,3,3,1,,
22400269,2024-11-23T19:30:00-06:00,2024-11-24T01:30:00Z,130,20241123/GSWSAS,Final,3,4,4,1000118,Frost Bank Center,San Antonio,TX,US,America/Chicago,1610612759,Spurs,San Antonio,SAS,104,HOME,ACTIVE,2,203084,40,PF,1,1,1,Harrison Barnes,H. Barnes,Harrison,Barnes,2,1,0,8,7,0.875,0,6,1,0,8,6,0.75,67,PT31M42.00S,PT32M,63,-4,22,0,10,4,6,2,8,1,3,2,0.666666667,0,5,5,1,,
22400269,2024-11-23T19:30:00-06:00,2024-11-24T01:30:00Z,130,20241123/GSWSAS,Final,3,4,4,1000118,Frost Bank Center,San Antonio,TX,US,America/Chicago,1610612759,Spurs,San Antonio,SAS,104,HOME,ACTIVE,3,1641705,1,C,1,1,1,Victor Wembanyama,V. Wembanyama,Victor,Wembanyama,9,3,0,21,9,0.428571429,0,5,3,0,4,3,0.75,67,PT34M16.95S,PT34M,83,16,25,3,6,2,7,0,7,1,13,4,0.307692308,4,8,5,0.625,DNP_INJURY,Right Knee; Contusion
22400269,2024-11-23T19:30:00-06:00,2024-11-24T01:30:00Z,130,20241123/GSWSAS,Final,3,4,4,1000118,Frost Bank Center,San Antonio,TX,US,America/Chicago,1610612759,Spurs,San Antonio,SAS,104,HOME,ACTIVE,4,1642264,5,SG,1,1,1,Stephon Castle,S. Castle,Stephon,Castle,3,0,0,15,7,0.466666667,0,2,1,0,4,3,0.75,62,PT32M46.05S,PT33M,76,14,19,4,6,1,3,0,3,1,7,2,0.285714286,2,8,5,0.625,,
22400269,2024-11-23T19:30:00-06:00,2024-11-24T01:30:00Z,130,20241123/GSWSAS,Final,3,4,4,1000118,Frost Bank Center,San Antonio,TX,US,America/Chicago,1610612759,Spurs,San Antonio,SAS,104,HOME,ACTIVE,5,101108,3,PG,1,1,1,Chris Paul,C. Paul,Chris,Paul,7,2,1,7,3,0.428571429,0,1,2,0,1,1,1,66,PT28M35.18S,PT29M,61,-5,9,0,2,0,3,0,3,0,4,2,0.5,0,3,1,0.333333333,,
22400269,2024-11-23T19:30:00-06:00,2024-11-24T01:30:00Z,130,20241123/GSWSAS,Final,3,4,4,1000118,Frost Bank Center,San Antonio,TX,US,America/Chicago,1610612759,Spurs,San Antonio,SAS,104,HOME,ACTIVE,6,1628380,23,,0,0,1,Zach Collins,Z. Collins,Zach,Collins,1,1,1,4,0,0,0,0,2,0,0,0,0,27,PT12M08.05S,PT12M,19,-8,0,0,0,0,3,1,4,0,1,0,0,0,3,0,0,,
22400269,2024-11-23T19:30:00-06:00,2024-11-24T01:30:00Z,130,20241123/GSWSAS,Final,3,4,4,1000118,Frost Bank Center,San Antonio,TX,US,America/Chicago,1610612759,Spurs,San Antonio,SAS,104,HOME,ACTIVE,7,1630200,33,,0,1,1,Tre Jones,T. Jones,Tre,Jones,3,0,0,3,1,0.333333333,0,5,1,0,0,0,0,41,PT23M04.00S,PT23M,47,6,2,2,2,0,3,3,6,0,2,0,0,0,1,1,1,,
22400269,2024-11-23T19:30:00-06:00,2024-11-24T01:30:00Z,130,20241123/GSWSAS,Final,3,4,4,1000118,Frost Bank Center,San Antonio,TX,US,America/Chicago,1610612759,Spurs,San Antonio,SAS,104,HOME,ACTIVE,8,1631103,22,,0,0,1,Malaki Branham,M. Branham,Malaki,Branham,1,0,1,5,2,0.4,0,1,2,0,2,2,1,22,PT12M51.89S,PT13M,25,3,6,2,4,2,1,1,2,0,2,0,0,1,3,2,0.666666667,,
22400269,2024-11-23T19:30:00-06:00,2024-11-24T01:30:00Z,130,20241123/GSWSAS,Final,3,4,4,1000118,Frost Bank Center,San Antonio,TX,US,America/Chicago,1610612759,Spurs,San Antonio,SAS,104,HOME,ACTIVE,9,1630572,54,,0,0,1,Sandro Mamukelashvili,S. Mamukelashvili,Sandro,Mamukelashvili,1,0,0,6,2,0.333333333,0,0,1,0,0,0,0,24,PT16M31.00S,PT16M,38,14,5,0,2,3,7,1,8,1,5,1,0.2,0,1,1,1,,
22400269,2024-11-23T19:30:00-06:00,2024-11-24T01:30:00Z,130,20241123/GSWSAS,Final,3,4,4,1000118,Frost Bank Center,San Antonio,TX,US,America/Chicago,1610612759,Spurs,San Antonio,SAS,104,HOME,ACTIVE,10,1631104,14,,0,0,1,Blake Wesley,B. Wesley,Blake,Wesley,1,0,0,5,3,0.6,0,1,1,0,0,0,0,23,PT13M37.00S,PT14M,31,8,7,0,4,0,1,1,2,1,2,1,0.5,1,3,2,0.666666667,,
22400269,2024-11-23T19:30:00-06:00,2024-11-24T01:30:00Z,130,20241123/GSWSAS,Final,3,4,4,1000118,Frost Bank Center,San Antonio,TX,US,America/Chicago,1610612759,Spurs,San Antonio,SAS,104,HOME,ACTIVE,11,1629646,28,,0,0,0,Charles Bassey,C. Bassey,Charles,Bassey,0,0,0,0,0,0,0,0,0,0,0,0,0,0,PT00M00.00S,PT00M,0,0,0,0,0,0,0,0,0,0,0,0,0,0,0,0,0,,
22400269,2024-11-23T19:30:00-06:00,2024-11-24T01:30:00Z,130,20241123/GSWSAS,Final,3,4,4,1000118,Frost Bank Center,San Antonio,TX,US,America/Chicago,1610612759,Spurs,San Antonio,SAS,104,HOME,ACTIVE,12,1631321,25,,0,0,0,Sidy Cissoko,S. Cissoko,Sidy,Cissoko,0,0,0,0,0,0,0,0,0,0,0,0,0,0,PT00M00.00S,PT00M,0,0,0,0,0,0,0,0,0,0,0,0,0,0,0,0,0,,
22400269,2024-11-23T19:30:00-06:00,2024-11-24T01:30:00Z,130,20241123/GSWSAS,Final,3,4,4,1000118,Frost Bank Center,San Antonio,TX,US,America/Chicago,1610612759,Spurs,San Antonio,SAS,104,HOME,INACTIVE,13,1630561,7,,0,0,0,David Duke Jr.,D. Duke Jr.,David,Duke Jr.,0,0,0,0,0,0,0,0,0,0,0,0,0,0,PT00M00.00S,PT00M,0,0,0,0,0,0,0,0,0,0,0,0,0,0,0,0,0,INACTIVE_GLEAGUE_TWOWAY,
22400269,2024-11-23T19:30:00-06:00,2024-11-24T01:30:00Z,130,20241123/GSWSAS,Final,3,4,4,1000118,Frost Bank Center,San Antonio,TX,US,America/Chicago,1610612759,Spurs,San Antonio,SAS,104,HOME,INACTIVE,14,1631127,55,,0,0,0,Harrison Ingram,H. Ingram,Harrison,Ingram,0,0,0,0,0,0,0,0,0,0,0,0,0,0,PT00M00.00S,PT00M,0,0,0,0,0,0,0,0,0,0,0,0,0,0,0,0,0,INACTIVE_GLEAGUE_TWOWAY,
22400269,2024-11-23T19:30:00-06:00,2024-11-24T01:30:00Z,130,20241123/GSWSAS,Final,3,4,4,1000118,Frost Bank Center,San Antonio,TX,US,America/Chicago,1610612759,Spurs,San Antonio,SAS,104,HOME,INACTIVE,15,1629640,0,,0,0,0,Keldon Johnson,K. Johnson,Keldon,Johnson,0,0,0,0,0,0,0,0,0,0,0,0,0,0,PT00M00.00S,PT00M,0,0,0,0,0,0,0,0,0,0,0,0,0,0,0,0,0,INACTIVE_INJURY,Right Hamstring; Tightness
22400269,2024-11-23T19:30:00-06:00,2024-11-24T01:30:00Z,130,20241123/GSWSAS,Final,3,4,4,1000118,Frost Bank Center,San Antonio,TX,US,America/Chicago,1610612759,Spurs,San Antonio,SAS,104,HOME,INACTIVE,16,1642434,27,,0,0,0,Riley Minix,R. Minix,Riley,Minix,0,0,0,0,0,0,0,0,0,0,0,0,0,0,PT00M00.00S,PT00M,0,0,0,0,0,0,0,0,0,0,0,0,0,0,0,0,0,INACTIVE_GLEAGUE_TWOWAY,
22400269,2024-11-23T19:30:00-06:00,2024-11-24T01:30:00Z,130,20241123/GSWSAS,Final,3,4,4,1000118,Frost Bank Center,San Antonio,TX,US,America/Chicago,1610612759,Spurs,San Antonio,SAS,104,HOME,INACTIVE,17,1631110,10,,0,0,0,Jeremy Sochan,J. Sochan,Jeremy,Sochan,0,0,0,0,0,0,0,0,0,0,0,0,0,0,PT00M00.00S,PT00M,0,0,0,0,0,0,0,0,0,0,0,0,0,0,0,0,0,INACTIVE_INJURY,Left Thumb; Proximal Phalanx Surgery
22400269,2024-11-23T19:30:00-06:00,2024-11-24T01:30:00Z,130,20241123/GSWSAS,Final,3,4,4,1000118,Frost Bank Center,San Antonio,TX,US,America/Chicago,1610612759,Spurs,San Antonio,SAS,104,HOME,INACTIVE,18,1630170,24,,0,0,0,Devin Vassell,D. Vassell,Devin,Vassell,0,0,0,0,0,0,0,0,0,0,0,0,0,0,PT00M00.00S,PT00M,0,0,0,0,0,0,0,0,0,0,0,0,0,0,0,0,0,INACTIVE_INJURY,Left Knee; Bone Bruise
22400266,2024-11-23T19:00:00-06:00,2024-11-24T01:00:00Z,127,20241123/MEMCHI,Final,3,4,4,66,United Center,Chicago,IL,US,America/Chicago,1610612763,Grizzlies,Memphis,MEM,142,AWAY,ACTIVE,1,1642377,0,SF,1,1,1,Jaylen Wells,J. Wells,Jaylen,Wells,6,0,0,14,10,0.714285714,0,0,3,0,0,0,0,94,PT31M37.00S,PT32M,104,10,26,3,4,0,3,1,4,0,10,6,0.6,0,4,4,1,,
22400266,2024-11-23T19:00:00-06:00,2024-11-24T01:00:00Z,127,20241123/MEMCHI,Final,3,4,4,66,United Center,Chicago,IL,US,America/Chicago,1610612763,Grizzlies,Memphis,MEM,142,AWAY,ACTIVE,2,1628991,13,PF,1,1,1,Jaren Jackson Jr.,J. Jackson Jr.,Jaren,Jackson Jr.,4,2,2,15,7,0.466666667,0,4,3,0,8,6,0.75,71,PT26M06.06S,PT26M,75,4,23,0,8,4,2,2,4,1,7,3,0.428571429,1,8,4,0.5,,
22400266,2024-11-23T19:00:00-06:00,2024-11-24T01:00:00Z,127,20241123/MEMCHI,Final,3,4,4,66,United Center,Chicago,IL,US,America/Chicago,1610612763,Grizzlies,Memphis,MEM,142,AWAY,ACTIVE,3,1629634,15,C,1,1,1,Brandon Clarke,B. Clarke,Brandon,Clarke,2,0,0,6,6,1,0,2,2,0,1,0,0,65,PT24M11.07S,PT24M,74,9,12,4,12,2,6,2,8,0,0,0,0,0,6,6,1,,
22400266,2024-11-23T19:00:00-06:00,2024-11-24T01:00:00Z,127,20241123/MEMCHI,Final,3,4,4,66,United Center,Chicago,IL,US,America/Chicago,1610612763,Grizzlies,Memphis,MEM,142,AWAY,ACTIVE,4,1630217,22,SG,1,1,1,Desmond Bane,D. Bane,Desmond,Bane,2,1,2,14,4,0.285714286,0,3,1,0,6,4,0.666666667,77,PT30M03.00S,PT30M,82,5,13,5,6,2,5,2,7,0,5,1,0.2,2,9,3,0.333333333,,
22400266,2024-11-23T19:00:00-06:00,2024-11-24T01:00:00Z,127,20241123/MEMCHI,Final,3,4,4,66,United Center,Chicago,IL,US,America/Chicago,1610612763,Grizzlies,Memphis,MEM,142,AWAY,ACTIVE,5,1630590,1,PG,1,1,1,Scotty Pippen Jr.,S. Pippen Jr.,Scotty,Pippen Jr.,10,0,0,16,13,0.8125,0,1,2,0,1,1,1,96,PT31M28.00S,PT31M,92,-4,30,8,16,4,2,0,2,0,6,3,0.5,4,10,10,1,,
22400266,2024-11-23T19:00:00-06:00,2024-11-24T01:00:00Z,127,20241123/MEMCHI,Final,3,4,4,66,United Center,Chicago,IL,US,America/Chicago,1610612763,Grizzlies,Memphis,MEM,142,AWAY,ACTIVE,6,1630583,7,,0,0,1,Santi Aldama,S. Aldama,Santi,Aldama,5,0,1,10,4,0.4,0,1,2,0,2,1,0.5,62,PT23M36.93S,PT24M,74,12,10,0,6,6,7,3,10,2,4,1,0.25,3,6,3,0.5,,
22400266,2024-11-23T19:00:00-06:00,2024-11-24T01:00:00Z,127,20241123/MEMCHI,Final,3,4,4,66,United Center,Chicago,IL,US,America/Chicago,1610612763,Grizzlies,Memphis,MEM,142,AWAY,ACTIVE,7,1628379,10,,0,0,1,Luke Kennard,L. Kennard,Luke,Kennard,2,0,0,8,4,0.5,0,0,0,0,0,0,0,72,PT23M47.00S,PT24M,74,2,10,3,4,0,3,1,4,1,5,2,0.4,0,3,2,0.666666667,,
22400266,2024-11-23T19:00:00-06:00,2024-11-24T01:00:00Z,127,20241123/MEMCHI,Final,3,4,4,66,United Center,Chicago,IL,US,America/Chicago,1610612763,Grizzlies,Memphis,MEM,142,AWAY,ACTIVE,8,1630643,30,,0,0,1,Jay Huff,J. Huff,Jay,Huff,1,1,0,6,5,0.833333333,0,2,1,0,2,1,0.5,52,PT19M05.94S,PT19M,57,5,14,3,4,0,4,1,5,1,3,3,1,0,3,2,0.666666667,,
22400266,2024-11-23T19:00:00-06:00,2024-11-24T01:00:00Z,127,20241123/MEMCHI,Final,3,4,4,66,United Center,Chicago,IL,US,America/Chicago,1610612763,Grizzlies,Memphis,MEM,142,AWAY,ACTIVE,9,1631222,3,,0,0,1,Jake LaRavia,J. LaRavia,Jake,LaRavia,6,0,3,6,1,0.166666667,0,1,2,0,0,0,0,43,PT18M28.00S,PT18M,45,2,2,2,2,0,3,1,4,0,2,0,0,1,4,1,0.25,,
22400266,2024-11-23T19:00:00-06:00,2024-11-24T01:00:00Z,127,20241123/MEMCHI,Final,3,4,4,66,United Center,Chicago,IL,US,America/Chicago,1610612763,Grizzlies,Memphis,MEM,142,AWAY,ACTIVE,10,1642285,24,,0,0,1,Cam Spencer,C. Spencer,Cam,Spencer,0,0,0,1,1,1,0,0,2,0,0,0,0,23,PT11M37.00S,PT12M,33,10,2,0,2,0,1,0,1,0,0,0,0,0,1,1,1,,
22400266,2024-11-23T19:00:00-06:00,2024-11-24T01:00:00Z,127,20241123/MEMCHI,Final,3,4,4,66,United Center,Chicago,IL,US,America/Chicago,1610612763,Grizzlies,Memphis,MEM,142,AWAY,ACTIVE,11,1642530,17,,0,0,0,Yuki Kawamura,Y. Kawamura,Yuki,Kawamura,0,0,0,0,0,0,0,0,0,0,0,0,0,0,PT00M00.00S,PT00M,0,0,0,0,0,0,0,0,0,0,0,0,0,0,0,0,0,,
22400266,2024-11-23T19:00:00-06:00,2024-11-24T01:00:00Z,127,20241123/MEMCHI,Final,3,4,4,66,United Center,Chicago,IL,US,America/Chicago,1610612763,Grizzlies,Memphis,MEM,142,AWAY,ACTIVE,12,1629723,46,,0,0,0,John Konchar,J. Konchar,John,Konchar,0,0,0,0,0,0,0,0,0,0,0,0,0,0,PT00M00.00S,PT00M,0,0,0,0,0,0,0,0,0,0,0,0,0,0,0,0,0,,
22400266,2024-11-23T19:00:00-06:00,2024-11-24T01:00:00Z,127,20241123/MEMCHI,Final,3,4,4,66,United Center,Chicago,IL,US,America/Chicago,1610612763,Grizzlies,Memphis,MEM,142,AWAY,INACTIVE,13,1630658,8,,0,0,0,Colin Castleton,C. Castleton,Colin,Castleton,0,0,0,0,0,0,0,0,0,0,0,0,0,0,PT00M00.00S,PT00M,0,0,0,0,0,0,0,0,0,0,0,0,0,0,0,0,0,INACTIVE_GLEAGUE_TWOWAY,
22400266,2024-11-23T19:00:00-06:00,2024-11-24T01:00:00Z,127,20241123/MEMCHI,Final,3,4,4,66,United Center,Chicago,IL,US,America/Chicago,1610612763,Grizzlies,Memphis,MEM,142,AWAY,INACTIVE,14,1641744,14,,0,0,0,Zach Edey,Z. Edey,Zach,Edey,0,0,0,0,0,0,0,0,0,0,0,0,0,0,PT00M00.00S,PT00M,0,0,0,0,0,0,0,0,0,0,0,0,0,0,0,0,0,INACTIVE_INJURY,Left Ankle; Sprain
22400266,2024-11-23T19:00:00-06:00,2024-11-24T01:00:00Z,127,20241123/MEMCHI,Final,3,4,4,66,United Center,Chicago,IL,US,America/Chicago,1610612763,Grizzlies,Memphis,MEM,142,AWAY,INACTIVE,15,1641713,45,,0,0,0,GG Jackson,G. Jackson,GG,Jackson,0,0,0,0,0,0,0,0,0,0,0,0,0,0,PT00M00.00S,PT00M,0,0,0,0,0,0,0,0,0,0,0,0,0,0,0,0,0,INACTIVE_INJURY,Right Fifth Metatarsal; Repair
22400266,2024-11-23T19:00:00-06:00,2024-11-24T01:00:00Z,127,20241123/MEMCHI,Final,3,4,4,66,United Center,Chicago,IL,US,America/Chicago,1610612763,Grizzlies,Memphis,MEM,142,AWAY,INACTIVE,16,1629630,12,,0,0,0,Ja Morant,J. Morant,Ja,Morant,0,0,0,0,0,0,0,0,0,0,0,0,0,0,PT00M00.00S,PT00M,0,0,0,0,0,0,0,0,0,0,0,0,0,0,0,0,0,INACTIVE_INJURY,Right Hip; Subluxation and Pelvic Muscle Strains
22400266,2024-11-23T19:00:00-06:00,2024-11-24T01:00:00Z,127,20241123/MEMCHI,Final,3,4,4,66,United Center,Chicago,IL,US,America/Chicago,1610612763,Grizzlies,Memphis,MEM,142,AWAY,INACTIVE,17,203935,36,,0,0,0,Marcus Smart,M. Smart,Marcus,Smart,0,0,0,0,0,0,0,0,0,0,0,0,0,0,PT00M00.00S,PT00M,0,0,0,0,0,0,0,0,0,0,0,0,0,0,0,0,0,INACTIVE_INJURY,Illness; Illness
22400266,2024-11-23T19:00:00-06:00,2024-11-24T01:00:00Z,127,20241123/MEMCHI,Final,3,4,4,66,United Center,Chicago,IL,US,America/Chicago,1610612763,Grizzlies,Memphis,MEM,142,AWAY,INACTIVE,18,1631246,5,,0,0,0,Vince Williams Jr.,V. Williams Jr.,Vince,Williams Jr.,0,0,0,0,0,0,0,0,0,0,0,0,0,0,PT00M00.00S,PT00M,0,0,0,0,0,0,0,0,0,0,0,0,0,0,0,0,0,INACTIVE_INJURY,Right Ankle; Sprain
22400266,2024-11-23T19:00:00-06:00,2024-11-24T01:00:00Z,127,20241123/MEMCHI,Final,3,4,4,66,United Center,Chicago,IL,US,America/Chicago,1610612741,Bulls,Chicago,CHI,131,HOME,ACTIVE,1,203897,8,SF,1,0,1,Zach LaVine,Z. LaVine,Zach,LaVine,0,0,0,19,10,0.526315789,0,5,0,0,6,6,1,115,PT34M10.00S,PT34M,97,-18,29,2,12,3,3,0,3,2,6,3,0.5,1,13,7,0.538461538,,
22400266,2024-11-23T19:00:00-06:00,2024-11-24T01:00:00Z,127,20241123/MEMCHI,Final,3,4,4,66,United Center,Chicago,IL,US,America/Chicago,1610612741,Bulls,Chicago,CHI,131,HOME,ACTIVE,2,1630245,11,PF,1,0,1,Ayo Dosunmu,A. Dosunmu,Ayo,Dosunmu,5,0,0,7,3,0.428571429,0,2,2,0,2,0,0,101,PT29M20.00S,PT29M,76,-25,8,0,2,0,1,0,1,0,4,2,0.5,1,3,1,0.333333333,,
22400266,2024-11-23T19:00:00-06:00,2024-11-24T01:00:00Z,127,20241123/MEMCHI,Final,3,4,4,66,United Center,Chicago,IL,US,America/Chicago,1610612741,Bulls,Chicago,CHI,131,HOME,ACTIVE,3,202696,9,C,1,0,1,Nikola Vučević,N. Vučević,Nikola,Vučević,3,0,1,14,9,0.642857143,0,6,3,0,6,6,1,97,PT28M02.00S,PT28M,85,-12,26,0,14,7,4,4,8,1,4,2,0.5,5,10,7,0.7,,
22400266,2024-11-23T19:00:00-06:00,2024-11-24T01:00:00Z,127,20241123/MEMCHI,Final,3,4,4,66,United Center,Chicago,IL,US,America/Chicago,1610612741,Bulls,Chicago,CHI,131,HOME,ACTIVE,4,1629632,0,SG,1,0,1,Coby White,C. White,Coby,White,5,1,1,11,4,0.363636364,0,2,3,0,2,1,0.5,88,PT29M54.00S,PT30M,83,-5,11,0,4,0,2,2,4,1,4,2,0.5,1,7,2,0.285714286,,
22400266,2024-11-23T19:00:00-06:00,2024-11-24T01:00:00Z,127,20241123/MEMCHI,Final,3,4,4,66,United Center,Chicago,IL,US,America/Chicago,1610612741,Bulls,Chicago,CHI,131,HOME,ACTIVE,5,1630581,3,PG,1,0,1,Josh Giddey,J. Giddey,Josh,Giddey,8,2,1,10,5,0.5,0,1,1,0,0,0,0,69,PT21M02.00S,PT21M,65,-4,12,0,6,0,6,1,7,0,4,2,0.5,0,6,3,0.5,,
22400266,2024-11-23T19:00:00-06:00,2024-11-24T01:00:00Z,127,20241123/MEMCHI,Final,3,4,4,66,United Center,Chicago,IL,US,America/Chicago,1610612741,Bulls,Chicago,CHI,131,HOME,ACTIVE,6,1641824,14,,0,1,1,Matas Buzelis,M. Buzelis,Matas,Buzelis,1,1,0,13,6,0.461538462,0,1,2,0,1,0,0,77,PT29M24.00S,PT29M,87,10,14,2,8,2,2,1,3,0,5,2,0.4,1,8,4,0.5,,
22400266,2024-11-23T19:00:00-06:00,2024-11-24T01:00:00Z,127,20241123/MEMCHI,Final,3,4,4,66,United Center,Chicago,IL,US,America/Chicago,1610612741,Bulls,Chicago,CHI,131,HOME,ACTIVE,7,1631207,25,,0,0,1,Dalen Terry,D. Terry,Dalen,Terry,0,1,1,5,1,0.2,0,0,0,0,0,0,0,36,PT12M48.00S,PT13M,28,-8,2,2,2,0,0,0,0,0,3,0,0,0,2,1,0.5,,
22400266,2024-11-23T19:00:00-06:00,2024-11-24T01:00:00Z,127,20241123/MEMCHI,Final,3,4,4,66,United Center,Chicago,IL,US,America/Chicago,1610612741,Bulls,Chicago,CHI,131,HOME,ACTIVE,8,1629659,22,,0,1,1,Talen Horton-Tucker,T. Horton-Tucker,Talen,Horton-Tucker,5,2,0,7,4,0.571428571,0,1,0,0,2,1,0.5,40,PT17M49.00S,PT18M,43,3,10,1,6,0,2,0,2,0,3,1,0.333333333,1,4,3,0.75,,
22400266,2024-11-23T19:00:00-06:00,2024-11-24T01:00:00Z,127,20241123/MEMCHI,Final,3,4,4,66,United Center,Chicago,IL,US,America/Chicago,1610612741,Bulls,Chicago,CHI,131,HOME,ACTIVE,9,1630188,7,,0,0,1,Jalen Smith,J. Smith,Jalen,Smith,0,1,0,5,3,0.6,0,0,0,0,0,0,0,39,PT15M22.00S,PT15M,31,-8,7,0,4,2,4,1,5,0,3,1,0.333333333,0,2,2,1,,
22400266,2024-11-23T19:00:00-06:00,2024-11-24T01:00:00Z,127,20241123/MEMCHI,Final,3,4,4,66,United Center,Chicago,IL,US,America/Chicago,1610612741,Bulls,Chicago,CHI,131,HOME,ACTIVE,10,1628470,13,,0,0,1,Torrey Craig,T. Craig,Torrey,Craig,0,0,0,0,0,0,0,0,3,0,0,0,0,30,PT08M21.00S,PT08M,15,-15,0,0,0,0,0,0,0,0,0,0,0,0,0,0,0,,
22400266,2024-11-23T19:00:00-06:00,2024-11-24T01:00:00Z,127,20241123/MEMCHI,Final,3,4,4,66,United Center,Chicago,IL,US,America/Chicago,1610612741,Bulls,Chicago,CHI,131,HOME,ACTIVE,11,1628975,5,,0,1,1,Jevon Carter,J. Carter,Jevon,Carter,1,0,0,2,1,0.5,0,0,0,0,0,0,0,6,PT04M36.00S,PT05M,15,9,3,0,0,0,0,0,0,0,2,1,0.5,1,0,0,0,,
22400266,2024-11-23T19:00:00-06:00,2024-11-24T01:00:00Z,127,20241123/MEMCHI,Final,3,4,4,66,United Center,Chicago,IL,US,America/Chicago,1610612741,Bulls,Chicago,CHI,131,HOME,ACTIVE,12,1630537,27,,0,1,1,Chris Duarte,C. Duarte,Chris,Duarte,0,0,0,1,1,1,0,0,0,0,0,0,0,6,PT04M36.00S,PT05M,15,9,3,3,0,0,1,1,2,0,1,1,1,0,0,0,0,,
22400266,2024-11-23T19:00:00-06:00,2024-11-24T01:00:00Z,127,20241123/MEMCHI,Final,3,4,4,66,United Center,Chicago,IL,US,America/Chicago,1610612741,Bulls,Chicago,CHI,131,HOME,ACTIVE,13,1630604,32,,0,1,1,E.J. Liddell,E. Liddell,E.J.,Liddell,1,0,0,3,2,0.666666667,0,0,0,0,0,0,0,6,PT04M36.00S,PT05M,15,9,6,0,0,0,0,0,0,0,3,2,0.666666667,0,0,0,0,,
22400266,2024-11-23T19:00:00-06:00,2024-11-24T01:00:00Z,127,20241123/MEMCHI,Final,3,4,4,66,United Center,Chicago,IL,US,America/Chicago,1610612741,Bulls,Chicago,CHI,131,HOME,INACTIVE,14,1628366,2,,0,0,0,Lonzo Ball,L. Ball,Lonzo,Ball,0,0,0,0,0,0,0,0,0,0,0,0,0,0,PT00M00.00S,PT00M,0,0,0,0,0,0,0,0,0,0,0,0,0,0,0,0,0,INACTIVE_INJURY,Right Wrist; Sprain
22400266,2024-11-23T19:00:00-06:00,2024-11-24T01:00:00Z,127,20241123/MEMCHI,Final,3,4,4,66,United Center,Chicago,IL,US,America/Chicago,1610612741,Bulls,Chicago,CHI,131,HOME,INACTIVE,15,1641763,15,,0,0,0,Julian Phillips,J. Phillips,Julian,Phillips,0,0,0,0,0,0,0,0,0,0,0,0,0,0,PT00M00.00S,PT00M,0,0,0,0,0,0,0,0,0,0,0,0,0,0,0,0,0,INACTIVE_INJURY,Upper Respiratory; Illness
22400266,2024-11-23T19:00:00-06:00,2024-11-24T01:00:00Z,127,20241123/MEMCHI,Final,3,4,4,66,United Center,Chicago,IL,US,America/Chicago,1610612741,Bulls,Chicago,CHI,131,HOME,INACTIVE,16,1641766,21,,0,0,0,Adama Sanogo,A. Sanogo,Adama,Sanogo,0,0,0,0,0,0,0,0,0,0,0,0,0,0,PT00M00.00S,PT00M,0,0,0,0,0,0,0,0,0,0,0,0,0,0,0,0,0,INACTIVE_INJURY,Right Knee; Effusion
22400266,2024-11-23T19:00:00-06:00,2024-11-24T01:00:00Z,127,20241123/MEMCHI,Final,3,4,4,66,United Center,Chicago,IL,US,America/Chicago,1610612741,Bulls,Chicago,CHI,131,HOME,INACTIVE,17,1630569,0,,0,0,0,DJ Steward,D. Steward,DJ,Steward,0,0,0,0,0,0,0,0,0,0,0,0,0,0,PT00M00.00S,PT00M,0,0,0,0,0,0,0,0,0,0,0,0,0,0,0,0,0,INACTIVE_GLEAGUE_TWOWAY,
22400266,2024-11-23T19:00:00-06:00,2024-11-24T01:00:00Z,127,20241123/MEMCHI,Final,3,4,4,66,United Center,Chicago,IL,US,America/Chicago,1610612741,Bulls,Chicago,CHI,131,HOME,INACTIVE,18,1630172,44,,0,0,0,Patrick Williams,P. Williams,Patrick,Williams,0,0,0,0,0,0,0,0,0,0,0,0,0,0,PT00M00.00S,PT00M,0,0,0,0,0,0,0,0,0,0,0,0,0,0,0,0,0,INACTIVE_INJURY,Left Foot; Injury Management 
22400267,2024-11-23T19:00:00-06:00,2024-11-24T01:00:00Z,148,20241123/PORHOU,Final,3,4,4,215,Toyota Center,Houston,TX,US,America/Chicago,1610612757,Trail Blazers,Portland,POR,104,AWAY,ACTIVE,1,1641739,33,SF,1,1,1,Toumani Camara,T. Camara,Toumani,Camara,1,1,1,10,2,0.2,0,3,4,0,2,0,0,61,PT28M17.07S,PT28M,57,-4,5,2,2,2,4,1,5,1,5,1,0.2,2,5,1,0.2,,
22400267,2024-11-23T19:00:00-06:00,2024-11-24T01:00:00Z,148,20241123/PORHOU,Final,3,4,4,215,Toyota Center,Houston,TX,US,America/Chicago,1610612757,Trail Blazers,Portland,POR,104,AWAY,ACTIVE,2,203924,9,PF,1,1,1,Jerami Grant,J. Grant,Jerami,Grant,2,1,0,12,6,0.5,1,3,5,0,6,6,1,71,PT33M26.00S,PT33M,76,5,22,7,4,2,2,1,3,0,7,4,0.571428571,2,5,2,0.4,,
22400267,2024-11-23T19:00:00-06:00,2024-11-24T01:00:00Z,148,20241123/PORHOU,Final,3,4,4,215,Toyota Center,Houston,TX,US,America/Chicago,1610612757,Trail Blazers,Portland,POR,104,AWAY,ACTIVE,3,1642270,23,C,1,0,1,Donovan Clingan,D. Clingan,Donovan,Clingan,1,3,0,4,0,0,0,1,4,0,0,0,0,49,PT25M36.00S,PT26M,52,3,0,0,0,0,10,9,19,1,0,0,0,1,4,0,0,,
22400267,2024-11-23T19:00:00-06:00,2024-11-24T01:00:00Z,148,20241123/PORHOU,Final,3,4,4,215,Toyota Center,Houston,TX,US,America/Chicago,1610612757,Trail Blazers,Portland,POR,104,AWAY,ACTIVE,4,1631101,17,SG,1,1,1,Shaedon Sharpe,S. Sharpe,Shaedon,Sharpe,1,0,0,18,7,0.388888889,0,4,3,0,6,6,1,73,PT35M57.00S,PT36M,81,8,24,6,6,3,2,1,3,2,9,4,0.444444444,2,9,3,0.333333333,,
22400267,2024-11-23T19:00:00-06:00,2024-11-24T01:00:00Z,148,20241123/PORHOU,Final,3,4,4,215,Toyota Center,Houston,TX,US,America/Chicago,1610612757,Trail Blazers,Portland,POR,104,AWAY,ACTIVE,5,1629014,1,PG,1,1,1,Anfernee Simons,A. Simons,Anfernee,Simons,3,0,1,20,10,0.5,1,2,4,1,1,1,1,75,PT37M22.97S,PT37M,83,8,25,2,12,0,4,0,4,0,11,4,0.363636364,4,9,6,0.666666667,,
22400267,2024-11-23T19:00:00-06:00,2024-11-24T01:00:00Z,148,20241123/PORHOU,Final,3,4,4,215,Toyota Center,Houston,TX,US,America/Chicago,1610612757,Trail Blazers,Portland,POR,104,AWAY,ACTIVE,6,1630166,8,,0,1,1,Deni Avdija,D. Avdija,Deni,Avdija,2,4,1,8,4,0.5,0,4,1,0,6,4,0.666666667,70,PT33M23.00S,PT33M,68,-2,14,2,4,5,8,2,10,1,3,2,0.666666667,3,5,2,0.4,,
22400267,2024-11-23T19:00:00-06:00,2024-11-24T01:00:00Z,148,20241123/PORHOU,Final,3,4,4,215,Toyota Center,Houston,TX,US,America/Chicago,1610612757,Trail Blazers,Portland,POR,104,AWAY,ACTIVE,7,1630625,5,,0,0,1,Dalano Banton,D. Banton,Dalano,Banton,5,1,2,9,2,0.222222222,0,2,4,0,2,1,0.5,45,PT21M29.96S,PT22M,51,6,7,0,0,1,6,0,6,0,5,2,0.4,1,4,0,0,,
22400267,2024-11-23T19:00:00-06:00,2024-11-24T01:00:00Z,148,20241123/PORHOU,Final,3,4,4,215,Toyota Center,Houston,TX,US,America/Chicago,1610612757,Trail Blazers,Portland,POR,104,AWAY,ACTIVE,8,1631200,24,,0,0,1,Kris Murray,K. Murray,Kris,Murray,1,1,0,7,3,0.428571429,0,0,1,0,0,0,0,27,PT14M12.00S,PT14M,31,4,7,0,4,5,1,0,1,0,4,1,0.25,1,3,2,0.666666667,,
22400267,2024-11-23T19:00:00-06:00,2024-11-24T01:00:00Z,148,20241123/PORHOU,Final,3,4,4,215,Toyota Center,Houston,TX,US,America/Chicago,1610612757,Trail Blazers,Portland,POR,104,AWAY,ACTIVE,9,1641712,21,,0,0,1,Rayan Rupert,R. Rupert,Rayan,Rupert,0,0,0,2,0,0,0,0,0,0,0,0,0,11,PT05M30.00S,PT06M,8,-3,0,0,0,0,0,1,1,0,0,0,0,0,2,0,0,,
22400267,2024-11-23T19:00:00-06:00,2024-11-24T01:00:00Z,148,20241123/PORHOU,Final,3,4,4,215,Toyota Center,Houston,TX,US,America/Chicago,1610612757,Trail Blazers,Portland,POR,104,AWAY,ACTIVE,10,1641871,26,,0,0,1,Duop Reath,D. Reath,Duop,Reath,0,1,0,0,0,0,0,0,0,0,0,0,0,8,PT04M46.00S,PT05M,13,5,0,0,0,0,0,1,1,0,0,0,0,0,0,0,0,,
22400267,2024-11-23T19:00:00-06:00,2024-11-24T01:00:00Z,148,20241123/PORHOU,Final,3,4,4,215,Toyota Center,Houston,TX,US,America/Chicago,1610612757,Trail Blazers,Portland,POR,104,AWAY,ACTIVE,11,1629028,2,,0,0,0,Deandre Ayton,D. Ayton,Deandre,Ayton,0,0,0,0,0,0,0,0,0,0,0,0,0,0,PT00M00.00S,PT00M,0,0,0,0,0,0,0,0,0,0,0,0,0,0,0,0,0,DND_INJURY,Right Index Finger; Deep contusion 
22400267,2024-11-23T19:00:00-06:00,2024-11-24T01:00:00Z,148,20241123/PORHOU,Final,3,4,4,215,Toyota Center,Houston,TX,US,America/Chicago,1610612757,Trail Blazers,Portland,POR,104,AWAY,ACTIVE,12,1630703,0,,0,0,0,Scoot Henderson,S. Henderson,Scoot,Henderson,0,0,0,0,0,0,0,0,0,0,0,0,0,0,PT00M00.00S,PT00M,0,0,0,0,0,0,0,0,0,0,0,0,0,0,0,0,0,DND_INJURY,Back; Strain 
22400267,2024-11-23T19:00:00-06:00,2024-11-24T01:00:00Z,148,20241123/PORHOU,Final,3,4,4,215,Toyota Center,Houston,TX,US,America/Chicago,1610612757,Trail Blazers,Portland,POR,104,AWAY,ACTIVE,13,1631303,10,,0,0,0,Justin Minaya,J. Minaya,Justin,Minaya,0,0,0,0,0,0,0,0,0,0,0,0,0,0,PT00M00.00S,PT00M,0,0,0,0,0,0,0,0,0,0,0,0,0,0,0,0,0,,
22400267,2024-11-23T19:00:00-06:00,2024-11-24T01:00:00Z,148,20241123/PORHOU,Final,3,4,4,215,Toyota Center,Houston,TX,US,America/Chicago,1610612757,Trail Blazers,Portland,POR,104,AWAY,ACTIVE,14,1631386,76,,0,0,0,Tazé Moore,T. Moore,Tazé,Moore,0,0,0,0,0,0,0,0,0,0,0,0,0,0,PT00M00.00S,PT00M,0,0,0,0,0,0,0,0,0,0,0,0,0,0,0,0,0,,
22400267,2024-11-23T19:00:00-06:00,2024-11-24T01:00:00Z,148,20241123/PORHOU,Final,3,4,4,215,Toyota Center,Houston,TX,US,America/Chicago,1610612757,Trail Blazers,Portland,POR,104,AWAY,ACTIVE,15,1631133,34,,0,0,0,Jabari Walker,J. Walker,Jabari,Walker,0,0,0,0,0,0,0,0,0,0,0,0,0,0,PT00M00.00S,PT00M,0,0,0,0,0,0,0,0,0,0,0,0,0,0,0,0,0,,
22400267,2024-11-23T19:00:00-06:00,2024-11-24T01:00:00Z,148,20241123/PORHOU,Final,3,4,4,215,Toyota Center,Houston,TX,US,America/Chicago,1610612757,Trail Blazers,Portland,POR,104,AWAY,INACTIVE,16,1631121,11,,0,0,0,Bryce McGowens,B. McGowens,Bryce,McGowens,0,0,0,0,0,0,0,0,0,0,0,0,0,0,PT00M00.00S,PT00M,0,0,0,0,0,0,0,0,0,0,0,0,0,0,0,0,0,INACTIVE_GLEAGUE_TWOWAY,
22400267,2024-11-23T19:00:00-06:00,2024-11-24T01:00:00Z,148,20241123/PORHOU,Final,3,4,4,215,Toyota Center,Houston,TX,US,America/Chicago,1610612757,Trail Blazers,Portland,POR,104,AWAY,INACTIVE,17,1629680,4,,0,0,0,Matisse Thybulle,M. Thybulle,Matisse,Thybulle,0,0,0,0,0,0,0,0,0,0,0,0,0,0,PT00M00.00S,PT00M,0,0,0,0,0,0,0,0,0,0,0,0,0,0,0,0,0,INACTIVE_INJURY,Right Ankle; Sprain 
22400267,2024-11-23T19:00:00-06:00,2024-11-24T01:00:00Z,148,20241123/PORHOU,Final,3,4,4,215,Toyota Center,Houston,TX,US,America/Chicago,1610612757,Trail Blazers,Portland,POR,104,AWAY,INACTIVE,18,1629057,35,,0,0,0,Robert Williams III,R. Williams III,Robert,Williams III,0,0,0,0,0,0,0,0,0,0,0,0,0,0,PT00M00.00S,PT00M,0,0,0,0,0,0,0,0,0,0,0,0,0,0,0,0,0,INACTIVE_REST,
22400267,2024-11-23T19:00:00-06:00,2024-11-24T01:00:00Z,148,20241123/PORHOU,Final,3,4,4,215,Toyota Center,Houston,TX,US,America/Chicago,1610612745,Rockets,Houston,HOU,98,HOME,ACTIVE,1,1628415,9,SF,1,1,1,Dillon Brooks,D. Brooks,Dillon,Brooks,1,0,2,11,5,0.454545455,0,2,3,1,2,2,1,65,PT31M25.97S,PT31M,65,0,13,5,6,4,4,1,5,1,3,1,0.333333333,0,8,4,0.5,,
22400267,2024-11-23T19:00:00-06:00,2024-11-24T01:00:00Z,148,20241123/PORHOU,Final,3,4,4,215,Toyota Center,Houston,TX,US,America/Chicago,1610612745,Rockets,Houston,HOU,98,HOME,ACTIVE,2,1631095,10,PF,1,1,1,Jabari Smith Jr.,J. Smith Jr.,Jabari,Smith Jr.,1,3,2,10,3,0.3,0,5,3,0,6,5,0.833333333,82,PT37M04.97S,PT37M,80,-2,14,0,0,1,6,2,8,0,7,3,0.428571429,1,3,0,0,,
22400267,2024-11-23T19:00:00-06:00,2024-11-24T01:00:00Z,148,20241123/PORHOU,Final,3,4,4,215,Toyota Center,Houston,TX,US,America/Chicago,1610612745,Rockets,Houston,HOU,98,HOME,ACTIVE,3,1630578,28,C,1,1,1,Alperen Sengun,A. Sengun,Alperen,Sengun,5,0,3,17,7,0.411764706,0,10,3,0,11,8,0.727272727,77,PT35M52.00S,PT36M,74,-3,22,0,14,4,3,2,5,2,0,0,0,2,17,7,0.411764706,,
22400267,2024-11-23T19:00:00-06:00,2024-11-24T01:00:00Z,148,20241123/PORHOU,Final,3,4,4,215,Toyota Center,Houston,TX,US,America/Chicago,1610612745,Rockets,Houston,HOU,98,HOME,ACTIVE,4,1630224,4,SG,1,0,1,Jalen Green,J. Green,Jalen,Green,2,0,0,14,3,0.214285714,0,3,0,0,4,3,0.75,63,PT29M31.00S,PT30M,55,-8,10,2,4,0,2,0,2,1,9,1,0.111111111,0,5,2,0.4,,
22400267,2024-11-23T19:00:00-06:00,2024-11-24T01:00:00Z,148,20241123/PORHOU,Final,3,4,4,215,Toyota Center,Houston,TX,US,America/Chicago,1610612745,Rockets,Houston,HOU,98,HOME,ACTIVE,5,1627832,5,PG,1,0,1,Fred VanVleet,F. VanVleet,Fred,VanVleet,5,0,0,13,4,0.307692308,1,0,5,1,0,0,0,57,PT28M23.97S,PT28M,53,-4,8,2,4,0,5,0,5,1,6,0,0,3,7,4,0.571428571,,
22400267,2024-11-23T19:00:00-06:00,2024-11-24T01:00:00Z,148,20241123/PORHOU,Final,3,4,4,215,Toyota Center,Houston,TX,US,America/Chicago,1610612745,Rockets,Houston,HOU,98,HOME,ACTIVE,6,1641708,1,,0,1,1,Amen Thompson,A. Thompson,Amen,Thompson,2,0,1,11,7,0.636363636,1,2,2,0,4,4,1,81,PT34M55.00S,PT35M,78,-3,19,2,12,0,3,4,7,1,1,1,1,2,10,6,0.6,,
22400267,2024-11-23T19:00:00-06:00,2024-11-24T01:00:00Z,148,20241123/PORHOU,Final,3,4,4,215,Toyota Center,Houston,TX,US,America/Chicago,1610612745,Rockets,Houston,HOU,98,HOME,ACTIVE,7,1631106,17,,0,1,1,Tari Eason,T. Eason,Tari,Eason,0,1,3,7,0,0,0,2,1,0,4,4,1,40,PT19M32.03S,PT20M,38,-2,4,2,0,0,2,3,5,2,1,0,0,0,6,0,0,,
22400267,2024-11-23T19:00:00-06:00,2024-11-24T01:00:00Z,148,20241123/PORHOU,Final,3,4,4,215,Toyota Center,Houston,TX,US,America/Chicago,1610612745,Rockets,Houston,HOU,98,HOME,ACTIVE,8,1629111,2,,0,0,1,Jock Landale,J. Landale,Jock,Landale,1,1,0,1,0,0,0,2,0,0,2,0,0,27,PT11M54.03S,PT12M,24,-3,0,0,0,0,4,2,6,0,1,0,0,0,0,0,0,,
22400267,2024-11-23T19:00:00-06:00,2024-11-24T01:00:00Z,148,20241123/PORHOU,Final,3,4,4,215,Toyota Center,Houston,TX,US,America/Chicago,1610612745,Rockets,Houston,HOU,98,HOME,ACTIVE,9,1642263,15,,0,0,1,Reed Sheppard,R. Sheppard,Reed,Sheppard,0,0,1,6,3,0.5,0,0,2,0,0,0,0,28,PT11M21.03S,PT11M,23,-5,8,0,0,3,0,0,0,0,4,2,0.5,1,2,1,0.5,,
22400267,2024-11-23T19:00:00-06:00,2024-11-24T01:00:00Z,148,20241123/PORHOU,Final,3,4,4,215,Toyota Center,Houston,TX,US,America/Chicago,1610612745,Rockets,Houston,HOU,98,HOME,ACTIVE,10,201145,32,,0,0,0,Jeff Green,J. Green,Jeff,Green,0,0,0,0,0,0,0,0,0,0,0,0,0,0,PT00M00.00S,PT00M,0,0,0,0,0,0,0,0,0,0,0,0,0,0,0,0,0,,
22400267,2024-11-23T19:00:00-06:00,2024-11-24T01:00:00Z,148,20241123/PORHOU,Final,3,4,4,215,Toyota Center,Houston,TX,US,America/Chicago,1610612745,Rockets,Houston,HOU,98,HOME,ACTIVE,11,1628988,0,,0,0,0,Aaron Holiday,A. Holiday,Aaron,Holiday,0,0,0,0,0,0,0,0,0,0,0,0,0,0,PT00M00.00S,PT00M,0,0,0,0,0,0,0,0,0,0,0,0,0,0,0,0,0,,
22400267,2024-11-23T19:00:00-06:00,2024-11-24T01:00:00Z,148,20241123/PORHOU,Final,3,4,4,215,Toyota Center,Houston,TX,US,America/Chicago,1610612745,Rockets,Houston,HOU,98,HOME,ACTIVE,12,1629098,58,,0,0,0,Jack McVeigh,J. McVeigh,Jack,McVeigh,0,0,0,0,0,0,0,0,0,0,0,0,0,0,PT00M00.00S,PT00M,0,0,0,0,0,0,0,0,0,0,0,0,0,0,0,0,0,,
22400267,2024-11-23T19:00:00-06:00,2024-11-24T01:00:00Z,148,20241123/PORHOU,Final,3,4,4,215,Toyota Center,Houston,TX,US,America/Chicago,1610612745,Rockets,Houston,HOU,98,HOME,ACTIVE,13,1630256,8,,0,0,0,Jae'Sean Tate,J. Tate,Jae'Sean,Tate,0,0,0,0,0,0,0,0,0,0,0,0,0,0,PT00M00.00S,PT00M,0,0,0,0,0,0,0,0,0,0,0,0,0,0,0,0,0,,
22400267,2024-11-23T19:00:00-06:00,2024-11-24T01:00:00Z,148,20241123/PORHOU,Final,3,4,4,215,Toyota Center,Houston,TX,US,America/Chicago,1610612745,Rockets,Houston,HOU,98,HOME,INACTIVE,14,203500,12,,0,0,0,Steven Adams,S. Adams,Steven,Adams,0,0,0,0,0,0,0,0,0,0,0,0,0,0,PT00M00.00S,PT00M,0,0,0,0,0,0,0,0,0,0,0,0,0,0,0,0,0,INACTIVE_INJURY,Right Knee; Injury Recovery
22400267,2024-11-23T19:00:00-06:00,2024-11-24T01:00:00Z,148,20241123/PORHOU,Final,3,4,4,215,Toyota Center,Houston,TX,US,America/Chicago,1610612745,Rockets,Houston,HOU,98,HOME,INACTIVE,15,1642368,3,,0,0,0,N'Faly Dante,N. Dante,N'Faly,Dante,0,0,0,0,0,0,0,0,0,0,0,0,0,0,PT00M00.00S,PT00M,0,0,0,0,0,0,0,0,0,0,0,0,0,0,0,0,0,INACTIVE_GLEAGUE_TWOWAY,
22400267,2024-11-23T19:00:00-06:00,2024-11-24T01:00:00Z,148,20241123/PORHOU,Final,3,4,4,215,Toyota Center,Houston,TX,US,America/Chicago,1610612745,Rockets,Houston,HOU,98,HOME,INACTIVE,16,1641715,7,,0,0,0,Cam Whitmore,C. Whitmore,Cam,Whitmore,0,0,0,0,0,0,0,0,0,0,0,0,0,0,PT00M00.00S,PT00M,0,0,0,0,0,0,0,0,0,0,0,0,0,0,0,0,0,INACTIVE_GLEAGUE_ON_ASSIGNMENT,
22400267,2024-11-23T19:00:00-06:00,2024-11-24T01:00:00Z,148,20241123/PORHOU,Final,3,4,4,215,Toyota Center,Houston,TX,US,America/Chicago,1610612745,Rockets,Houston,HOU,98,HOME,INACTIVE,17,1631466,19,,0,0,0,Nate Williams,N. Williams,Nate,Williams,0,0,0,0,0,0,0,0,0,0,0,0,0,0,PT00M00.00S,PT00M,0,0,0,0,0,0,0,0,0,0,0,0,0,0,0,0,0,INACTIVE_GLEAGUE_TWOWAY,
22400268,2024-11-23T19:00:00-06:00,2024-11-24T01:00:00Z,142,20241123/CHAMIL,Final,3,4,4,642,Fiserv Forum,Milwaukee,WI,US,America/Chicago,1610612766,Hornets,Charlotte,CHA,119,AWAY,ACTIVE,1,1630182,10,SF,1,1,1,Josh Green,J. Green,Josh,Green,0,0,1,10,4,0.4,0,1,4,0,0,0,0,82,PT31M10.07S,PT31M,81,-1,11,3,2,0,3,2,5,0,5,3,0.6,0,5,1,0.2,,
22400268,2024-11-23T19:00:00-06:00,2024-11-24T01:00:00Z,142,20241123/CHAMIL,Final,3,4,4,642,Fiserv Forum,Milwaukee,WI,US,America/Chicago,1610612766,Hornets,Charlotte,CHA,119,AWAY,ACTIVE,2,1629684,2,PF,1,0,1,Grant Williams,G. Williams,Grant,Williams,2,1,0,6,2,0.333333333,0,3,3,0,2,2,1,80,PT31M42.00S,PT32M,82,2,8,0,0,0,7,0,7,1,3,2,0.666666667,1,3,0,0,,
22400268,2024-11-23T19:00:00-06:00,2024-11-24T01:00:00Z,142,20241123/CHAMIL,Final,3,4,4,642,Fiserv Forum,Milwaukee,WI,US,America/Chicago,1610612766,Hornets,Charlotte,CHA,119,AWAY,ACTIVE,3,1631217,14,C,1,1,1,Moussa Diabaté,M. Diabaté,Moussa,Diabaté,2,1,3,4,0,0,1,0,4,0,0,0,0,82,PT31M29.00S,PT32M,80,-2,0,0,0,0,4,7,11,2,0,0,0,1,4,0,0,,
22400268,2024-11-23T19:00:00-06:00,2024-11-24T01:00:00Z,142,20241123/CHAMIL,Final,3,4,4,642,Fiserv Forum,Milwaukee,WI,US,America/Chicago,1610612766,Hornets,Charlotte,CHA,119,AWAY,ACTIVE,4,1641706,24,SG,1,1,1,Brandon Miller,B. Miller,Brandon,Miller,3,1,1,23,11,0.47826087,0,5,2,0,4,4,1,114,PT42M47.93S,PT43M,109,-5,32,9,10,9,9,2,11,0,13,6,0.461538462,4,10,5,0.5,,
22400268,2024-11-23T19:00:00-06:00,2024-11-24T01:00:00Z,142,20241123/CHAMIL,Final,3,4,4,642,Fiserv Forum,Milwaukee,WI,US,America/Chicago,1610612766,Hornets,Charlotte,CHA,119,AWAY,ACTIVE,5,1630163,1,PG,1,1,1,LaMelo Ball,L. Ball,LaMelo,Ball,10,0,2,38,17,0.447368421,1,11,3,0,13,10,0.769230769,103,PT39M41.00S,PT40M,110,7,50,4,16,1,5,0,5,1,17,6,0.352941176,4,21,11,0.523809524,,
22400268,2024-11-23T19:00:00-06:00,2024-11-24T01:00:00Z,142,20241123/CHAMIL,Final,3,4,4,642,Fiserv Forum,Milwaukee,WI,US,America/Chicago,1610612766,Hornets,Charlotte,CHA,119,AWAY,ACTIVE,6,1628998,11,,0,1,1,Cody Martin,C. Martin,Cody,Martin,4,2,1,7,2,0.285714286,0,1,2,0,2,2,1,73,PT29M10.00S,PT29M,78,5,6,2,4,2,4,2,6,2,4,0,0,0,3,2,0.666666667,,
22400268,2024-11-23T19:00:00-06:00,2024-11-24T01:00:00Z,142,20241123/CHAMIL,Final,3,4,4,642,Fiserv Forum,Milwaukee,WI,US,America/Chicago,1610612766,Hornets,Charlotte,CHA,119,AWAY,ACTIVE,7,1642275,31,,0,0,1,Tidjane Salaün,T. Salaün,Tidjane,Salaün,1,0,0,3,2,0.666666667,0,1,1,0,0,0,0,47,PT16M53.00S,PT17M,32,-15,6,0,0,3,1,1,2,0,3,2,0.666666667,0,0,0,0,,
22400268,2024-11-23T19:00:00-06:00,2024-11-24T01:00:00Z,142,20241123/CHAMIL,Final,3,4,4,642,Fiserv Forum,Milwaukee,WI,US,America/Chicago,1610612766,Hornets,Charlotte,CHA,119,AWAY,ACTIVE,8,203552,30,,0,0,1,Seth Curry,S. Curry,Seth,Curry,0,0,0,2,1,0.5,0,0,0,0,0,0,0,11,PT04M24.00S,PT04M,7,-4,2,0,0,0,0,0,0,0,0,0,0,0,2,1,0.5,,
22400268,2024-11-23T19:00:00-06:00,2024-11-24T01:00:00Z,142,20241123/CHAMIL,Final,3,4,4,642,Fiserv Forum,Milwaukee,WI,US,America/Chicago,1610612766,Hornets,Charlotte,CHA,119,AWAY,ACTIVE,9,201959,67,,0,0,1,Taj Gibson,T. Gibson,Taj,Gibson,0,0,0,3,2,0.666666667,0,0,1,0,0,0,0,11,PT04M24.00S,PT04M,7,-4,4,0,4,0,0,0,0,0,0,0,0,0,3,2,0.666666667,,
22400268,2024-11-23T19:00:00-06:00,2024-11-24T01:00:00Z,142,20241123/CHAMIL,Final,3,4,4,642,Fiserv Forum,Milwaukee,WI,US,America/Chicago,1610612766,Hornets,Charlotte,CHA,119,AWAY,ACTIVE,10,203995,22,,0,0,1,Vasilije Micić,V. Micić,Vasilije,Micić,0,0,1,4,0,0,0,0,1,0,0,0,0,22,PT08M19.00S,PT08M,9,-13,0,0,0,0,1,0,1,0,2,0,0,0,2,0,0,,
22400268,2024-11-23T19:00:00-06:00,2024-11-24T01:00:00Z,142,20241123/CHAMIL,Final,3,4,4,642,Fiserv Forum,Milwaukee,WI,US,America/Chicago,1610612766,Hornets,Charlotte,CHA,119,AWAY,ACTIVE,11,1642354,25,,0,0,0,KJ Simpson,K. Simpson,KJ,Simpson,0,0,0,0,0,0,0,0,0,0,0,0,0,0,PT00M00.00S,PT00M,0,0,0,0,0,0,0,0,0,0,0,0,0,0,0,0,0,,
22400268,2024-11-23T19:00:00-06:00,2024-11-24T01:00:00Z,142,20241123/CHAMIL,Final,3,4,4,642,Fiserv Forum,Milwaukee,WI,US,America/Chicago,1610612766,Hornets,Charlotte,CHA,119,AWAY,ACTIVE,12,1641733,8,,0,0,0,Nick Smith Jr.,N. Smith Jr.,Nick,Smith Jr.,0,0,0,0,0,0,0,0,0,0,0,0,0,0,PT00M00.00S,PT00M,0,0,0,0,0,0,0,0,0,0,0,0,0,0,0,0,0,,
22400268,2024-11-23T19:00:00-06:00,2024-11-24T01:00:00Z,142,20241123/CHAMIL,Final,3,4,4,642,Fiserv Forum,Milwaukee,WI,US,America/Chicago,1610612766,Hornets,Charlotte,CHA,119,AWAY,INACTIVE,13,1628970,0,,0,0,0,Miles Bridges,M. Bridges,Miles,Bridges,0,0,0,0,0,0,0,0,0,0,0,0,0,0,PT00M00.00S,PT00M,0,0,0,0,0,0,0,0,0,0,0,0,0,0,0,0,0,INACTIVE_INJURY,Right Knee; Bone Bruise
22400268,2024-11-23T19:00:00-06:00,2024-11-24T01:00:00Z,142,20241123/CHAMIL,Final,3,4,4,642,Fiserv Forum,Milwaukee,WI,US,America/Chicago,1610612766,Hornets,Charlotte,CHA,119,AWAY,INACTIVE,14,1629610,3,,0,0,0,DaQuan Jeffries,D. Jeffries,DaQuan,Jeffries,0,0,0,0,0,0,0,0,0,0,0,0,0,0,PT00M00.00S,PT00M,0,0,0,0,0,0,0,0,0,0,0,0,0,0,0,0,0,INACTIVE_INJURY,Right Hand; Fracture
22400268,2024-11-23T19:00:00-06:00,2024-11-24T01:00:00Z,142,20241123/CHAMIL,Final,3,4,4,642,Fiserv Forum,Milwaukee,WI,US,America/Chicago,1610612766,Hornets,Charlotte,CHA,119,AWAY,INACTIVE,15,1630544,23,,0,0,0,Tre Mann,T. Mann,Tre,Mann,0,0,0,0,0,0,0,0,0,0,0,0,0,0,PT00M00.00S,PT00M,0,0,0,0,0,0,0,0,0,0,0,0,0,0,0,0,0,INACTIVE_INJURY,Low Back; Soreness
22400268,2024-11-23T19:00:00-06:00,2024-11-24T01:00:00Z,142,20241123/CHAMIL,Final,3,4,4,642,Fiserv Forum,Milwaukee,WI,US,America/Chicago,1610612766,Hornets,Charlotte,CHA,119,AWAY,INACTIVE,16,1631197,27,,0,0,0,Jared Rhoden,J. Rhoden,Jared,Rhoden,0,0,0,0,0,0,0,0,0,0,0,0,0,0,PT00M00.00S,PT00M,0,0,0,0,0,0,0,0,0,0,0,0,0,0,0,0,0,INACTIVE_GLEAGUE_TWOWAY,
22400268,2024-11-23T19:00:00-06:00,2024-11-24T01:00:00Z,142,20241123/CHAMIL,Final,3,4,4,642,Fiserv Forum,Milwaukee,WI,US,America/Chicago,1610612766,Hornets,Charlotte,CHA,119,AWAY,INACTIVE,17,1630208,4,,0,0,0,Nick Richards,N. Richards,Nick,Richards,0,0,0,0,0,0,0,0,0,0,0,0,0,0,PT00M00.00S,PT00M,0,0,0,0,0,0,0,0,0,0,0,0,0,0,0,0,0,INACTIVE_INJURY,Right First Rib; Fracture
22400268,2024-11-23T19:00:00-06:00,2024-11-24T01:00:00Z,142,20241123/CHAMIL,Final,3,4,4,642,Fiserv Forum,Milwaukee,WI,US,America/Chicago,1610612766,Hornets,Charlotte,CHA,119,AWAY,INACTIVE,18,1631109,5,,0,0,0,Mark Williams,M. Williams,Mark,Williams,0,0,0,0,0,0,0,0,0,0,0,0,0,0,PT00M00.00S,PT00M,0,0,0,0,0,0,0,0,0,0,0,0,0,0,0,0,0,INACTIVE_INJURY,Left Foot; Tendon Strain
22400268,2024-11-23T19:00:00-06:00,2024-11-24T01:00:00Z,142,20241123/CHAMIL,Final,3,4,4,642,Fiserv Forum,Milwaukee,WI,US,America/Chicago,1610612749,Bucks,Milwaukee,MIL,125,HOME,ACTIVE,1,1627752,12,SF,1,1,1,Taurean Prince,T. Prince,Taurean,Prince,0,0,1,5,2,0.4,1,1,4,1,2,2,1,68,PT21M34.97S,PT22M,52,-16,8,3,0,0,4,1,5,0,3,2,0.666666667,3,2,0,0,,
22400268,2024-11-23T19:00:00-06:00,2024-11-24T01:00:00Z,142,20241123/CHAMIL,Final,3,4,4,642,Fiserv Forum,Milwaukee,WI,US,America/Chicago,1610612749,Bucks,Milwaukee,MIL,125,HOME,ACTIVE,2,203507,34,PF,1,1,1,Giannis Antetokounmpo,G. Antetokounmpo,Giannis,Antetokounmpo,6,2,2,23,12,0.52173913,0,7,1,0,10,7,0.7,89,PT31M29.00S,PT31M,87,-2,32,5,14,2,9,2,11,0,3,1,0.333333333,4,20,11,0.55,,
22400268,2024-11-23T19:00:00-06:00,2024-11-24T01:00:00Z,142,20241123/CHAMIL,Final,3,4,4,642,Fiserv Forum,Milwaukee,WI,US,America/Chicago,1610612749,Bucks,Milwaukee,MIL,125,HOME,ACTIVE,3,201572,11,C,1,1,1,Brook Lopez,B. Lopez,Brook,Lopez,2,3,0,9,4,0.444444444,1,3,4,0,2,2,1,91,PT38M00.00S,PT38M,93,2,13,0,2,5,7,1,8,1,7,3,0.428571429,1,2,1,0.5,,
22400268,2024-11-23T19:00:00-06:00,2024-11-24T01:00:00Z,142,20241123/CHAMIL,Final,3,4,4,642,Fiserv Forum,Milwaukee,WI,US,America/Chicago,1610612749,Bucks,Milwaukee,MIL,125,HOME,ACTIVE,4,1641748,44,SG,1,0,1,Andre Jackson Jr.,A. Jackson Jr.,Andre,Jackson Jr.,4,0,0,4,2,0.5,0,1,0,0,0,0,0,57,PT20M35.93S,PT21M,52,-5,5,0,2,2,3,3,6,0,1,1,1,0,3,1,0.333333333,,
22400268,2024-11-23T19:00:00-06:00,2024-11-24T01:00:00Z,142,20241123/CHAMIL,Final,3,4,4,642,Fiserv Forum,Milwaukee,WI,US,America/Chicago,1610612749,Bucks,Milwaukee,MIL,125,HOME,ACTIVE,5,203081,0,PG,1,1,1,Damian Lillard,D. Lillard,Damian,Lillard,4,0,1,21,9,0.428571429,0,6,2,0,11,10,0.909090909,88,PT34M42.00S,PT35M,92,4,31,0,8,2,4,0,4,1,9,3,0.333333333,1,12,6,0.5,,
22400268,2024-11-23T19:00:00-06:00,2024-11-24T01:00:00Z,142,20241123/CHAMIL,Final,3,4,4,642,Fiserv Forum,Milwaukee,WI,US,America/Chicago,1610612749,Bucks,Milwaukee,MIL,125,HOME,ACTIVE,6,1626153,55,,0,0,1,Delon Wright,D. Wright,Delon,Wright,0,1,0,2,0,0,0,0,0,0,0,0,0,31,PT13M18.00S,PT13M,33,2,0,0,0,0,1,0,1,0,2,0,0,1,0,0,0,,
22400268,2024-11-23T19:00:00-06:00,2024-11-24T01:00:00Z,142,20241123/CHAMIL,Final,3,4,4,642,Fiserv Forum,Milwaukee,WI,US,America/Chicago,1610612749,Bucks,Milwaukee,MIL,125,HOME,ACTIVE,7,1626171,9,,0,0,1,Bobby Portis,B. Portis,Bobby,Portis,2,3,0,13,5,0.384615385,0,1,2,0,1,0,0,58,PT26M31.00S,PT26M,70,12,11,2,4,2,6,1,7,1,3,1,0.333333333,0,10,4,0.4,,
22400268,2024-11-23T19:00:00-06:00,2024-11-24T01:00:00Z,142,20241123/CHAMIL,Final,3,4,4,642,Fiserv Forum,Milwaukee,WI,US,America/Chicago,1610612749,Bucks,Milwaukee,MIL,125,HOME,ACTIVE,8,1629018,5,,0,1,1,Gary Trent Jr.,G. Trent Jr.,Gary,Trent Jr.,2,0,1,8,6,0.75,1,1,3,0,0,0,0,69,PT29M16.03S,PT29M,82,13,16,0,2,3,2,1,3,0,5,4,0.8,2,3,2,0.666666667,,
22400268,2024-11-23T19:00:00-06:00,2024-11-24T01:00:00Z,142,20241123/CHAMIL,Final,3,4,4,642,Fiserv Forum,Milwaukee,WI,US,America/Chicago,1610612749,Bucks,Milwaukee,MIL,125,HOME,ACTIVE,9,1631260,20,,0,0,1,AJ Green,A. Green,AJ,Green,0,0,0,4,3,0.75,1,1,6,0,0,0,0,44,PT24M33.07S,PT25M,64,20,9,0,0,3,5,1,6,0,4,3,0.75,2,0,0,0,,
22400268,2024-11-23T19:00:00-06:00,2024-11-24T01:00:00Z,142,20241123/CHAMIL,Final,3,4,4,642,Fiserv Forum,Milwaukee,WI,US,America/Chicago,1610612749,Bucks,Milwaukee,MIL,125,HOME,ACTIVE,10,1630699,3,,0,0,0,MarJon Beauchamp,M. Beauchamp,MarJon,Beauchamp,0,0,0,0,0,0,0,0,0,0,0,0,0,0,PT00M00.00S,PT00M,0,0,0,0,0,0,0,0,0,0,0,0,0,0,0,0,0,DNP_COACH,
22400268,2024-11-23T19:00:00-06:00,2024-11-24T01:00:00Z,142,20241123/CHAMIL,Final,3,4,4,642,Fiserv Forum,Milwaukee,WI,US,America/Chicago,1610612749,Bucks,Milwaukee,MIL,125,HOME,ACTIVE,11,1626192,24,,0,0,0,Pat Connaughton,P. Connaughton,Pat,Connaughton,0,0,0,0,0,0,0,0,0,0,0,0,0,0,PT00M00.00S,PT00M,0,0,0,0,0,0,0,0,0,0,0,0,0,0,0,0,0,,
22400268,2024-11-23T19:00:00-06:00,2024-11-24T01:00:00Z,142,20241123/CHAMIL,Final,3,4,4,642,Fiserv Forum,Milwaukee,WI,US,America/Chicago,1610612749,Bucks,Milwaukee,MIL,125,HOME,ACTIVE,12,1641753,7,,0,0,0,Chris Livingston,C. Livingston,Chris,Livingston,0,0,0,0,0,0,0,0,0,0,0,0,0,0,PT00M00.00S,PT00M,0,0,0,0,0,0,0,0,0,0,0,0,0,0,0,0,0,,
22400268,2024-11-23T19:00:00-06:00,2024-11-24T01:00:00Z,142,20241123/CHAMIL,Final,3,4,4,642,Fiserv Forum,Milwaukee,WI,US,America/Chicago,1610612749,Bucks,Milwaukee,MIL,125,HOME,ACTIVE,13,1641857,15,,0,0,0,Liam Robbins,L. Robbins,Liam,Robbins,0,0,0,0,0,0,0,0,0,0,0,0,0,0,PT00M00.00S,PT00M,0,0,0,0,0,0,0,0,0,0,0,0,0,0,0,0,0,DNP_COACH,
22400268,2024-11-23T19:00:00-06:00,2024-11-24T01:00:00Z,142,20241123/CHAMIL,Final,3,4,4,642,Fiserv Forum,Milwaukee,WI,US,America/Chicago,1610612749,Bucks,Milwaukee,MIL,125,HOME,ACTIVE,14,1631157,13,,0,0,0,Ryan Rollins,R. Rollins,Ryan,Rollins,0,0,0,0,0,0,0,0,0,0,0,0,0,0,PT00M00.00S,PT00M,0,0,0,0,0,0,0,0,0,0,0,0,0,0,0,0,0,DNP_COACH,
22400268,2024-11-23T19:00:00-06:00,2024-11-24T01:00:00Z,142,20241123/CHAMIL,Final,3,4,4,642,Fiserv Forum,Milwaukee,WI,US,America/Chicago,1610612749,Bucks,Milwaukee,MIL,125,HOME,ACTIVE,15,1630649,17,,0,0,0,Stanley Umude,S. Umude,Stanley,Umude,0,0,0,0,0,0,0,0,0,0,0,0,0,0,PT00M00.00S,PT00M,0,0,0,0,0,0,0,0,0,0,0,0,0,0,0,0,0,,
22400268,2024-11-23T19:00:00-06:00,2024-11-24T01:00:00Z,142,20241123/CHAMIL,Final,3,4,4,642,Fiserv Forum,Milwaukee,WI,US,America/Chicago,1610612749,Bucks,Milwaukee,MIL,125,HOME,INACTIVE,16,1642358,77,,0,0,0,AJ Johnson,A. Johnson,AJ,Johnson,0,0,0,0,0,0,0,0,0,0,0,0,0,0,PT00M00.00S,PT00M,0,0,0,0,0,0,0,0,0,0,0,0,0,0,0,0,0,INACTIVE_INJURY,Left Achilles; Tendinitis 
22400268,2024-11-23T19:00:00-06:00,2024-11-24T01:00:00Z,142,20241123/CHAMIL,Final,3,4,4,642,Fiserv Forum,Milwaukee,WI,US,America/Chicago,1610612749,Bucks,Milwaukee,MIL,125,HOME,INACTIVE,17,203114,22,,0,0,0,Khris Middleton,K. Middleton,Khris,Middleton,0,0,0,0,0,0,0,0,0,0,0,0,0,0,PT00M00.00S,PT00M,0,0,0,0,0,0,0,0,0,0,0,0,0,0,0,0,0,INACTIVE_INJURY,Bilateral Ankle; Surgery
22400268,2024-11-23T19:00:00-06:00,2024-11-24T01:00:00Z,142,20241123/CHAMIL,Final,3,4,4,642,Fiserv Forum,Milwaukee,WI,US,America/Chicago,1610612749,Bucks,Milwaukee,MIL,125,HOME,INACTIVE,18,1641890,21,,0,0,0,Tyler Smith,T. Smith,Tyler,Smith,0,0,0,0,0,0,0,0,0,0,0,0,0,0,PT00M00.00S,PT00M,0,0,0,0,0,0,0,0,0,0,0,0,0,0,0,0,0,INACTIVE_GLEAGUE_ON_ASSIGNMENT,
22400265,2024-11-23T19:00:00-05:00,2024-11-24T00:00:00Z,134,20241123/DETORL,Final,3,4,4,1000125,Kia Center,Orlando,FL,US,America/New_York,1610612765,Pistons,Detroit,DET,100,AWAY,ACTIVE,1,203501,8,SF,1,0,1,Tim Hardaway Jr.,T. Hardaway Jr.,Tim,Hardaway Jr.,0,0,0,4,1,0.25,0,1,1,0,1,0,0,62,PT26M56.00S,PT27M,53,-9,3,0,0,0,0,1,1,0,4,1,0.25,0,0,0,0,,
22400265,2024-11-23T19:00:00-05:00,2024-11-24T00:00:00Z,134,20241123/DETORL,Final,3,4,4,1000125,Kia Center,Orlando,FL,US,America/New_York,1610612765,Pistons,Detroit,DET,100,AWAY,ACTIVE,2,202699,12,PF,1,0,1,Tobias Harris,T. Harris,Tobias,Harris,1,0,1,9,3,0.333333333,0,4,0,0,3,2,0.666666667,74,PT28M59.95S,PT29M,55,-19,8,0,6,0,4,1,5,1,3,0,0,1,6,3,0.5,,
22400265,2024-11-23T19:00:00-05:00,2024-11-24T00:00:00Z,134,20241123/DETORL,Final,3,4,4,1000125,Kia Center,Orlando,FL,US,America/New_York,1610612765,Pistons,Detroit,DET,100,AWAY,ACTIVE,3,1631105,0,C,1,0,1,Jalen Duren,J. Duren,Jalen,Duren,1,1,3,5,2,0.4,1,4,3,0,4,3,0.75,57,PT24M35.00S,PT24M,51,-6,7,0,4,0,3,1,4,0,0,0,0,3,5,2,0.4,,
22400265,2024-11-23T19:00:00-05:00,2024-11-24T00:00:00Z,134,20241123/DETORL,Final,3,4,4,1000125,Kia Center,Orlando,FL,US,America/New_York,1610612765,Pistons,Detroit,DET,100,AWAY,ACTIVE,4,1631093,23,SG,1,0,1,Jaden Ivey,J. Ivey,Jaden,Ivey,2,1,1,16,6,0.375,0,4,2,0,6,5,0.833333333,67,PT27M45.00S,PT28M,51,-16,19,4,8,5,4,3,7,2,4,2,0.5,2,12,4,0.333333333,,
22400265,2024-11-23T19:00:00-05:00,2024-11-24T00:00:00Z,134,20241123/DETORL,Final,3,4,4,1000125,Kia Center,Orlando,FL,US,America/New_York,1610612765,Pistons,Detroit,DET,100,AWAY,ACTIVE,5,1627736,5,PG,1,0,1,Malik Beasley,M. Beasley,Malik,Beasley,4,0,1,12,7,0.583333333,0,2,1,0,0,0,0,68,PT31M29.07S,PT31M,69,1,18,2,4,3,0,1,1,1,9,4,0.444444444,1,3,3,1,,
22400265,2024-11-23T19:00:00-05:00,2024-11-24T00:00:00Z,134,20241123/DETORL,Final,3,4,4,1000125,Kia Center,Orlando,FL,US,America/New_York,1610612765,Pistons,Detroit,DET,100,AWAY,ACTIVE,6,1631323,19,,0,0,1,Simone Fontecchio,S. Fontecchio,Simone,Fontecchio,0,1,0,3,1,0.333333333,0,2,2,0,2,1,0.5,45,PT16M00.00S,PT16M,25,-20,4,0,0,0,2,0,2,0,2,1,0.5,0,1,0,0,,
22400265,2024-11-23T19:00:00-05:00,2024-11-24T00:00:00Z,134,20241123/DETORL,Final,3,4,4,1000125,Kia Center,Orlando,FL,US,America/New_York,1610612765,Pistons,Detroit,DET,100,AWAY,ACTIVE,7,1630191,28,,0,0,1,Isaiah Stewart,I. Stewart,Isaiah,Stewart,4,5,0,4,3,0.75,2,0,3,0,0,0,0,48,PT19M42.00S,PT20M,37,-11,7,0,4,3,4,1,5,1,2,1,0.5,4,2,2,1,,
22400265,2024-11-23T19:00:00-05:00,2024-11-24T00:00:00Z,134,20241123/DETORL,Final,3,4,4,1000125,Kia Center,Orlando,FL,US,America/New_York,1610612765,Pistons,Detroit,DET,100,AWAY,ACTIVE,8,1631204,25,,0,1,1,Marcus Sasser,M. Sasser,Marcus,Sasser,2,0,1,9,5,0.555555556,0,1,1,0,2,2,1,46,PT21M01.00S,PT21M,49,3,13,2,8,0,1,1,2,1,3,1,0.333333333,1,6,4,0.666666667,,
22400265,2024-11-23T19:00:00-05:00,2024-11-24T00:00:00Z,134,20241123/DETORL,Final,3,4,4,1000125,Kia Center,Orlando,FL,US,America/New_York,1610612765,Pistons,Detroit,DET,100,AWAY,ACTIVE,9,1641842,0,,0,1,1,Ronald Holland II,R. Holland II,Ronald,Holland II,0,0,2,6,1,0.166666667,0,1,3,0,2,2,1,33,PT15M58.98S,PT16M,39,6,4,2,2,0,4,0,4,0,2,0,0,3,4,1,0.25,,
22400265,2024-11-23T19:00:00-05:00,2024-11-24T00:00:00Z,134,20241123/DETORL,Final,3,4,4,1000125,Kia Center,Orlando,FL,US,America/New_York,1610612765,Pistons,Detroit,DET,100,AWAY,ACTIVE,10,1631111,14,,0,0,1,Wendell Moore Jr.,W. Moore Jr.,Wendell,Moore Jr.,1,0,0,2,2,1,0,1,4,0,2,2,1,35,PT14M31.00S,PT14M,31,-4,7,0,0,0,1,1,2,1,1,1,1,2,1,1,1,,
22400265,2024-11-23T19:00:00-05:00,2024-11-24T00:00:00Z,134,20241123/DETORL,Final,3,4,4,1000125,Kia Center,Orlando,FL,US,America/New_York,1610612765,Pistons,Detroit,DET,100,AWAY,ACTIVE,11,1630194,7,,0,1,1,Paul Reed,P. Reed,Paul,Reed,0,0,0,2,2,1,0,0,0,0,0,0,0,8,PT05M36.00S,PT06M,16,8,5,0,2,0,0,0,0,0,1,1,1,0,1,1,1,,
22400265,2024-11-23T19:00:00-05:00,2024-11-24T00:00:00Z,134,20241123/DETORL,Final,3,4,4,1000125,Kia Center,Orlando,FL,US,America/New_York,1610612765,Pistons,Detroit,DET,100,AWAY,ACTIVE,12,1631306,13,,0,1,1,Cole Swider,C. Swider,Cole,Swider,0,0,0,1,0,0,0,0,1,0,0,0,0,6,PT03M43.00S,PT04M,12,6,0,0,0,0,1,0,1,0,1,0,0,0,0,0,0,,
22400265,2024-11-23T19:00:00-05:00,2024-11-24T00:00:00Z,134,20241123/DETORL,Final,3,4,4,1000125,Kia Center,Orlando,FL,US,America/New_York,1610612765,Pistons,Detroit,DET,100,AWAY,ACTIVE,13,1631214,31,,0,1,1,Alondes Williams,A. Williams,Alondes,Williams,1,0,0,2,2,1,0,0,0,0,0,0,0,6,PT03M43.00S,PT04M,12,6,5,0,2,0,0,0,0,0,1,1,1,0,1,1,1,,
22400265,2024-11-23T19:00:00-05:00,2024-11-24T00:00:00Z,134,20241123/DETORL,Final,3,4,4,1000125,Kia Center,Orlando,FL,US,America/New_York,1610612765,Pistons,Detroit,DET,100,AWAY,ACTIVE,14,1641709,9,,0,0,0,Ausar Thompson,A. Thompson,Ausar,Thompson,0,0,0,0,0,0,0,0,0,0,0,0,0,0,PT00M00.00S,PT00M,0,0,0,0,0,0,0,0,0,0,0,0,0,0,0,0,0,,
22400265,2024-11-23T19:00:00-05:00,2024-11-24T00:00:00Z,134,20241123/DETORL,Final,3,4,4,1000125,Kia Center,Orlando,FL,US,America/New_York,1610612765,Pistons,Detroit,DET,100,AWAY,INACTIVE,15,1630595,2,,0,0,0,Cade Cunningham,C. Cunningham,Cade,Cunningham,0,0,0,0,0,0,0,0,0,0,0,0,0,0,PT00M00.00S,PT00M,0,0,0,0,0,0,0,0,0,0,0,0,0,0,0,0,0,INACTIVE_INJURY,Left Sacroiliac joint; Sprain
22400265,2024-11-23T19:00:00-05:00,2024-11-24T00:00:00Z,134,20241123/DETORL,Final,3,4,4,1000125,Kia Center,Orlando,FL,US,America/New_York,1610612765,Pistons,Detroit,DET,100,AWAY,INACTIVE,16,1642450,24,,0,0,0,Daniss Jenkins,D. Jenkins,Daniss,Jenkins,0,0,0,0,0,0,0,0,0,0,0,0,0,0,PT00M00.00S,PT00M,0,0,0,0,0,0,0,0,0,0,0,0,0,0,0,0,0,INACTIVE_GLEAGUE_TWOWAY,
22400265,2024-11-23T19:00:00-05:00,2024-11-24T00:00:00Z,134,20241123/DETORL,Final,3,4,4,1000125,Kia Center,Orlando,FL,US,America/New_York,1610612765,Pistons,Detroit,DET,100,AWAY,INACTIVE,17,1641752,34,,0,0,0,Bobi Klintman,B. Klintman,Bobi,Klintman,0,0,0,0,0,0,0,0,0,0,0,0,0,0,PT00M00.00S,PT00M,0,0,0,0,0,0,0,0,0,0,0,0,0,0,0,0,0,INACTIVE_INJURY,Right Calf; Contusion
22400265,2024-11-23T19:00:00-05:00,2024-11-24T00:00:00Z,134,20241123/DETORL,Final,3,4,4,1000125,Kia Center,Orlando,FL,US,America/New_York,1610612753,Magic,Orlando,ORL,111,HOME,ACTIVE,1,1641783,23,SF,1,1,1,Tristan da Silva,T. da Silva,Tristan,da Silva,1,0,0,7,3,0.428571429,0,1,3,0,0,0,0,55,PT25M45.07S,PT26M,53,-2,8,0,2,2,4,2,6,0,4,2,0.5,0,3,1,0.333333333,,
22400265,2024-11-23T19:00:00-05:00,2024-11-24T00:00:00Z,134,20241123/DETORL,Final,3,4,4,1000125,Kia Center,Orlando,FL,US,America/New_York,1610612753,Magic,Orlando,ORL,111,HOME,ACTIVE,2,1630532,22,PF,1,0,1,Franz Wagner,F. Wagner,Franz,Wagner,8,0,2,22,11,0.5,1,4,3,0,4,4,1,60,PT29M12.95S,PT29M,76,16,30,2,12,3,6,3,9,2,9,4,0.444444444,4,13,7,0.538461538,,
22400265,2024-11-23T19:00:00-05:00,2024-11-24T00:00:00Z,134,20241123/DETORL,Final,3,4,4,1000125,Kia Center,Orlando,FL,US,America/New_York,1610612753,Magic,Orlando,ORL,111,HOME,ACTIVE,3,1629048,35,C,1,0,1,Goga Bitadze,G. Bitadze,Goga,Bitadze,1,3,0,5,4,0.8,1,0,3,0,0,0,0,39,PT17M39.00S,PT18M,46,7,8,0,8,2,1,0,1,1,1,0,0,2,4,4,1,,
22400265,2024-11-23T19:00:00-05:00,2024-11-24T00:00:00Z,134,20241123/DETORL,Final,3,4,4,1000125,Kia Center,Orlando,FL,US,America/New_York,1610612753,Magic,Orlando,ORL,111,HOME,ACTIVE,4,203484,3,SG,1,0,1,Kentavious Caldwell-Pope,K. Caldwell-Pope,Kentavious,Caldwell-Pope,2,2,0,6,3,0.5,0,0,1,0,1,1,1,46,PT24M24.00S,PT24M,62,16,8,2,4,3,0,0,0,1,4,1,0.25,1,2,2,1,,
22400265,2024-11-23T19:00:00-05:00,2024-11-24T00:00:00Z,134,20241123/DETORL,Final,3,4,4,1000125,Kia Center,Orlando,FL,US,America/New_York,1610612753,Magic,Orlando,ORL,111,HOME,ACTIVE,5,1630591,4,PG,1,0,1,Jalen Suggs,J. Suggs,Jalen,Suggs,1,1,0,3,1,0.333333333,0,0,0,0,0,0,0,22,PT09M01.05S,PT09M,16,-6,2,0,2,0,0,0,0,0,1,0,0,0,2,1,0.5,,
22400265,2024-11-23T19:00:00-05:00,2024-11-24T00:00:00Z,134,20241123/DETORL,Final,3,4,4,1000125,Kia Center,Orlando,FL,US,America/New_York,1610612753,Magic,Orlando,ORL,111,HOME,ACTIVE,6,1641710,0,,0,0,1,Anthony Black,A. Black,Anthony,Black,5,0,3,8,3,0.375,0,6,2,0,4,4,1,60,PT31M57.00S,PT32M,76,16,11,4,2,0,1,0,1,2,3,1,0.333333333,4,5,2,0.4,,
22400265,2024-11-23T19:00:00-05:00,2024-11-24T00:00:00Z,134,20241123/DETORL,Final,3,4,4,1000125,Kia Center,Orlando,FL,US,America/New_York,1610612753,Magic,Orlando,ORL,111,HOME,ACTIVE,7,1629021,21,,0,0,1,Moritz Wagner,M. Wagner,Moritz,Wagner,5,0,0,11,7,0.636363636,0,5,2,0,4,3,0.75,53,PT27M43.00S,PT28M,59,6,18,4,12,2,3,4,7,1,4,1,0.25,1,7,6,0.857142857,,
22400265,2024-11-23T19:00:00-05:00,2024-11-24T00:00:00Z,134,20241123/DETORL,Final,3,4,4,1000125,Kia Center,Orlando,FL,US,America/New_York,1610612753,Magic,Orlando,ORL,111,HOME,ACTIVE,8,1628371,1,,0,0,1,Jonathan Isaac,J. Isaac,Jonathan,Isaac,0,3,3,6,1,0.166666667,0,2,1,0,4,3,0.75,47,PT22M37.00S,PT23M,58,11,5,1,2,2,9,3,12,2,2,0,0,0,4,1,0.25,,
22400265,2024-11-23T19:00:00-05:00,2024-11-24T00:00:00Z,134,20241123/DETORL,Final,3,4,4,1000125,Kia Center,Orlando,FL,US,America/New_York,1610612753,Magic,Orlando,ORL,111,HOME,ACTIVE,9,203914,14,,0,0,1,Gary Harris,G. Harris,Gary,Harris,0,0,0,3,2,0.666666667,0,2,2,0,3,2,0.666666667,38,PT18M00.00S,PT18M,41,3,7,2,2,0,1,1,2,3,2,1,0.5,0,1,1,1,,
22400265,2024-11-23T19:00:00-05:00,2024-11-24T00:00:00Z,134,20241123/DETORL,Final,3,4,4,1000125,Kia Center,Orlando,FL,US,America/New_York,1610612753,Magic,Orlando,ORL,111,HOME,ACTIVE,10,1641724,13,,0,1,1,Jett Howard,J. Howard,Jett,Howard,0,0,0,8,4,0.5,0,0,1,0,0,0,0,29,PT15M00.00S,PT15M,32,3,10,2,4,2,1,3,4,0,5,2,0.4,0,3,2,0.666666667,,
22400265,2024-11-23T19:00:00-05:00,2024-11-24T00:00:00Z,134,20241123/DETORL,Final,3,4,4,1000125,Kia Center,Orlando,FL,US,America/New_York,1610612753,Magic,Orlando,ORL,111,HOME,ACTIVE,11,1630175,50,,0,1,1,Cole Anthony,C. Anthony,Cole,Anthony,1,0,0,6,1,0.166666667,0,1,2,0,2,2,1,27,PT10M26.93S,PT10M,22,-5,4,2,2,2,1,1,2,0,2,0,0,1,4,1,0.25,,
22400265,2024-11-23T19:00:00-05:00,2024-11-24T00:00:00Z,134,20241123/DETORL,Final,3,4,4,1000125,Kia Center,Orlando,FL,US,America/New_York,1610612753,Magic,Orlando,ORL,111,HOME,ACTIVE,12,1631216,2,,0,1,1,Caleb Houstan,C. Houstan,Caleb,Houstan,0,0,0,2,0,0,0,0,0,0,0,0,0,16,PT05M36.00S,PT05M,8,-8,0,0,0,0,0,0,0,0,2,0,0,0,0,0,0,,
22400265,2024-11-23T19:00:00-05:00,2024-11-24T00:00:00Z,134,20241123/DETORL,Final,3,4,4,1000125,Kia Center,Orlando,FL,US,America/New_York,1610612753,Magic,Orlando,ORL,111,HOME,ACTIVE,13,202709,10,,0,1,1,Cory Joseph,C. Joseph,Cory,Joseph,1,0,0,0,0,0,0,0,0,0,0,0,0,8,PT02M38.00S,PT03M,6,-2,0,0,0,0,0,0,0,1,0,0,0,0,0,0,0,,
22400265,2024-11-23T19:00:00-05:00,2024-11-24T00:00:00Z,134,20241123/DETORL,Final,3,4,4,1000125,Kia Center,Orlando,FL,US,America/New_York,1610612753,Magic,Orlando,ORL,111,HOME,INACTIVE,14,1631094,5,,0,0,0,Paolo Banchero,P. Banchero,Paolo,Banchero,0,0,0,0,0,0,0,0,0,0,0,0,0,0,PT00M00.00S,PT00M,0,0,0,0,0,0,0,0,0,0,0,0,0,0,0,0,0,INACTIVE_INJURY,Right Oblique; Torn
22400265,2024-11-23T19:00:00-05:00,2024-11-24T00:00:00Z,134,20241123/DETORL,Final,3,4,4,1000125,Kia Center,Orlando,FL,US,America/New_York,1610612753,Magic,Orlando,ORL,111,HOME,INACTIVE,15,1628976,34,,0,0,0,Wendell Carter Jr.,W. Carter Jr.,Wendell,Carter Jr.,0,0,0,0,0,0,0,0,0,0,0,0,0,0,PT00M00.00S,PT00M,0,0,0,0,0,0,0,0,0,0,0,0,0,0,0,0,0,INACTIVE_INJURY,Left Foot; Plantar fasciitis 
22400265,2024-11-23T19:00:00-05:00,2024-11-24T00:00:00Z,134,20241123/DETORL,Final,3,4,4,1000125,Kia Center,Orlando,FL,US,America/New_York,1610612753,Magic,Orlando,ORL,111,HOME,INACTIVE,16,1630644,8,,0,0,0,Mac McClung,M. McClung,Mac,McClung,0,0,0,0,0,0,0,0,0,0,0,0,0,0,PT00M00.00S,PT00M,0,0,0,0,0,0,0,0,0,0,0,0,0,0,0,0,0,INACTIVE_GLEAGUE_TWOWAY,
22400265,2024-11-23T19:00:00-05:00,2024-11-24T00:00:00Z,134,20241123/DETORL,Final,3,4,4,1000125,Kia Center,Orlando,FL,US,America/New_York,1610612753,Magic,Orlando,ORL,111,HOME,INACTIVE,17,1630243,12,,0,0,0,Trevelin Queen,T. Queen,Trevelin,Queen,0,0,0,0,0,0,0,0,0,0,0,0,0,0,PT00M00.00S,PT00M,0,0,0,0,0,0,0,0,0,0,0,0,0,0,0,0,0,INACTIVE_GLEAGUE_TWOWAY,
22400264,2024-11-23T15:00:00-07:00,2024-11-23T22:00:00Z,127,20241123/NYKUTA,Final,3,4,4,1000106,Delta Center,Salt Lake City,UT,US,America/Denver,1610612752,Knicks,New York,NYK,106,AWAY,ACTIVE,1,1628384,8,SF,1,1,1,OG Anunoby,O. Anunoby,OG,Anunoby,0,2,1,19,10,0.526315789,0,0,5,0,0,0,0,95,PT36M01.08S,PT36M,88,-7,27,7,6,0,2,1,3,3,12,7,0.583333333,0,7,3,0.428571429,,
22400264,2024-11-23T15:00:00-07:00,2024-11-23T22:00:00Z,127,20241123/NYKUTA,Final,3,4,4,1000106,Delta Center,Salt Lake City,UT,US,America/Denver,1610612752,Knicks,New York,NYK,106,AWAY,ACTIVE,2,1628404,3,PF,1,1,1,Josh Hart,J. Hart,Josh,Hart,6,3,0,11,6,0.545454545,0,3,2,0,4,3,0.75,115,PT40M57.00S,PT41M,78,-37,17,8,8,6,5,1,6,2,4,2,0.5,3,7,4,0.571428571,,
22400264,2024-11-23T15:00:00-07:00,2024-11-23T22:00:00Z,127,20241123/NYKUTA,Final,3,4,4,1000106,Delta Center,Salt Lake City,UT,US,America/Denver,1610612752,Knicks,New York,NYK,106,AWAY,ACTIVE,3,1626157,32,C,1,1,1,Karl-Anthony Towns,K. Towns,Karl-Anthony,Towns,5,1,2,19,6,0.315789474,1,4,2,0,3,3,1,109,PT38M45.00S,PT39M,75,-34,16,0,10,5,8,8,16,0,9,1,0.111111111,2,10,5,0.5,,
22400264,2024-11-23T15:00:00-07:00,2024-11-23T22:00:00Z,127,20241123/NYKUTA,Final,3,4,4,1000106,Delta Center,Salt Lake City,UT,US,America/Denver,1610612752,Knicks,New York,NYK,106,AWAY,ACTIVE,4,1628969,25,SG,1,0,1,Mikal Bridges,M. Bridges,Mikal,Bridges,0,1,1,15,3,0.2,0,3,0,0,0,0,0,71,PT32M36.00S,PT33M,70,-1,7,2,4,3,3,0,3,1,7,1,0.142857143,2,8,2,0.25,,
22400264,2024-11-23T15:00:00-07:00,2024-11-23T22:00:00Z,127,20241123/NYKUTA,Final,3,4,4,1000106,Delta Center,Salt Lake City,UT,US,America/Denver,1610612752,Knicks,New York,NYK,106,AWAY,ACTIVE,5,1628973,11,PG,1,1,1,Jalen Brunson,J. Brunson,Jalen,Brunson,8,0,0,19,8,0.421052632,0,8,3,0,5,5,1,101,PT37M03.00S,PT37M,86,-15,23,6,10,3,2,0,2,1,9,2,0.222222222,2,10,6,0.6,,
22400264,2024-11-23T15:00:00-07:00,2024-11-23T22:00:00Z,127,20241123/NYKUTA,Final,3,4,4,1000106,Delta Center,Salt Lake City,UT,US,America/Denver,1610612752,Knicks,New York,NYK,106,AWAY,ACTIVE,6,1626166,1,,0,1,1,Cameron Payne,C. Payne,Cameron,Payne,5,2,0,11,4,0.363636364,0,0,5,0,0,0,0,74,PT31M23.00S,PT31M,76,2,11,3,2,0,6,0,6,1,7,3,0.428571429,0,4,1,0.25,,
22400264,2024-11-23T15:00:00-07:00,2024-11-23T22:00:00Z,127,20241123/NYKUTA,Final,3,4,4,1000106,Delta Center,Salt Lake City,UT,US,America/Denver,1610612752,Knicks,New York,NYK,106,AWAY,ACTIVE,7,1630579,20,,0,0,1,Jericho Sims,J. Sims,Jericho,Sims,0,0,0,2,1,0.5,0,0,1,0,0,0,0,12,PT09M15.00S,PT09M,31,19,2,0,2,2,1,1,2,1,0,0,0,0,2,1,0.5,,
22400264,2024-11-23T15:00:00-07:00,2024-11-23T22:00:00Z,127,20241123/NYKUTA,Final,3,4,4,1000106,Delta Center,Salt Lake City,UT,US,America/Denver,1610612752,Knicks,New York,NYK,106,AWAY,ACTIVE,8,1642278,13,,0,0,1,Tyler Kolek,T. Kolek,Tyler,Kolek,1,1,0,4,1,0.25,0,0,1,0,0,0,0,20,PT10M57.00S,PT11M,20,0,3,3,0,0,2,0,2,1,3,1,0.333333333,0,1,0,0,,
22400264,2024-11-23T15:00:00-07:00,2024-11-23T22:00:00Z,127,20241123/NYKUTA,Final,3,4,4,1000106,Delta Center,Salt Lake City,UT,US,America/Denver,1610612752,Knicks,New York,NYK,106,AWAY,ACTIVE,9,1642359,4,,0,0,1,Pacôme Dadiet,P. Dadiet,Pacôme,Dadiet,0,0,0,0,0,0,0,1,0,0,0,0,0,8,PT03M02.92S,PT03M,6,-2,0,0,0,0,0,0,0,0,0,0,0,0,0,0,0,,
22400264,2024-11-23T15:00:00-07:00,2024-11-23T22:00:00Z,127,20241123/NYKUTA,Final,3,4,4,1000106,Delta Center,Salt Lake City,UT,US,America/Denver,1610612752,Knicks,New York,NYK,106,AWAY,ACTIVE,10,1630574,55,,0,0,0,Ariel Hukporti,A. Hukporti,Ariel,Hukporti,0,0,0,0,0,0,0,0,0,0,0,0,0,0,PT00M00.00S,PT00M,0,0,0,0,0,0,0,0,0,0,0,0,0,0,0,0,0,,
22400264,2024-11-23T15:00:00-07:00,2024-11-23T22:00:00Z,127,20241123/NYKUTA,Final,3,4,4,1000106,Delta Center,Salt Lake City,UT,US,America/Denver,1610612752,Knicks,New York,NYK,106,AWAY,ACTIVE,11,1630346,37,,0,0,0,Matt Ryan,M. Ryan,Matt,Ryan,0,0,0,0,0,0,0,0,0,0,0,0,0,0,PT00M00.00S,PT00M,0,0,0,0,0,0,0,0,0,0,0,0,0,0,0,0,0,,
22400264,2024-11-23T15:00:00-07:00,2024-11-23T22:00:00Z,127,20241123/NYKUTA,Final,3,4,4,1000106,Delta Center,Salt Lake City,UT,US,America/Denver,1610612752,Knicks,New York,NYK,106,AWAY,ACTIVE,12,1631210,0,,0,0,0,Jacob Toppin,J. Toppin,Jacob,Toppin,0,0,0,0,0,0,0,0,0,0,0,0,0,0,PT00M00.00S,PT00M,0,0,0,0,0,0,0,0,0,0,0,0,0,0,0,0,0,,
22400264,2024-11-23T15:00:00-07:00,2024-11-23T22:00:00Z,127,20241123/NYKUTA,Final,3,4,4,1000106,Delta Center,Salt Lake City,UT,US,America/Denver,1610612752,Knicks,New York,NYK,106,AWAY,INACTIVE,13,1630173,5,,0,0,0,Precious Achiuwa,P. Achiuwa,Precious,Achiuwa,0,0,0,0,0,0,0,0,0,0,0,0,0,0,PT00M00.00S,PT00M,0,0,0,0,0,0,0,0,0,0,0,0,0,0,0,0,0,INACTIVE_INJURY,Left Hamstring; Strained
22400264,2024-11-23T15:00:00-07:00,2024-11-23T22:00:00Z,127,20241123/NYKUTA,Final,3,4,4,1000106,Delta Center,Salt Lake City,UT,US,America/Denver,1610612752,Knicks,New York,NYK,106,AWAY,INACTIVE,14,1642486,0,,0,0,0,Boo Buie III,B. Buie III,Boo,Buie III,0,0,0,0,0,0,0,0,0,0,0,0,0,0,PT00M00.00S,PT00M,0,0,0,0,0,0,0,0,0,0,0,0,0,0,0,0,0,INACTIVE_GLEAGUE_TWOWAY,
22400264,2024-11-23T15:00:00-07:00,2024-11-23T22:00:00Z,127,20241123/NYKUTA,Final,3,4,4,1000106,Delta Center,Salt Lake City,UT,US,America/Denver,1610612752,Knicks,New York,NYK,106,AWAY,INACTIVE,15,1630540,2,,0,0,0,Miles McBride,M. McBride,Miles,McBride,0,0,0,0,0,0,0,0,0,0,0,0,0,0,PT00M00.00S,PT00M,0,0,0,0,0,0,0,0,0,0,0,0,0,0,0,0,0,INACTIVE_INJURY,Left Knee; Patella Femoral Syndrome
22400264,2024-11-23T15:00:00-07:00,2024-11-23T22:00:00Z,127,20241123/NYKUTA,Final,3,4,4,1000106,Delta Center,Salt Lake City,UT,US,America/Denver,1610612752,Knicks,New York,NYK,106,AWAY,INACTIVE,16,1641755,9,,0,0,0,Kevin McCullar Jr.,K. McCullar Jr.,Kevin,McCullar Jr.,0,0,0,0,0,0,0,0,0,0,0,0,0,0,PT00M00.00S,PT00M,0,0,0,0,0,0,0,0,0,0,0,0,0,0,0,0,0,INACTIVE_GLEAGUE_TWOWAY,
22400264,2024-11-23T15:00:00-07:00,2024-11-23T22:00:00Z,127,20241123/NYKUTA,Final,3,4,4,1000106,Delta Center,Salt Lake City,UT,US,America/Denver,1610612752,Knicks,New York,NYK,106,AWAY,INACTIVE,17,1629011,23,,0,0,0,Mitchell Robinson,M. Robinson,Mitchell,Robinson,0,0,0,0,0,0,0,0,0,0,0,0,0,0,PT00M00.00S,PT00M,0,0,0,0,0,0,0,0,0,0,0,0,0,0,0,0,0,INACTIVE_INJURY,Left Ankle; Surgery
22400264,2024-11-23T15:00:00-07:00,2024-11-23T22:00:00Z,127,20241123/NYKUTA,Final,3,4,4,1000106,Delta Center,Salt Lake City,UT,US,America/Denver,1610612762,Jazz,Utah,UTA,121,HOME,ACTIVE,1,1628374,23,SF,1,1,1,Lauri Markkanen,L. Markkanen,Lauri,Markkanen,2,0,0,15,11,0.733333333,0,4,4,0,8,7,0.875,58,PT33M07.00S,PT33M,88,30,34,4,10,0,9,0,9,0,8,5,0.625,0,7,6,0.857142857,,
22400264,2024-11-23T15:00:00-07:00,2024-11-23T22:00:00Z,127,20241123/NYKUTA,Final,3,4,4,1000106,Delta Center,Salt Lake City,UT,US,America/Denver,1610612762,Jazz,Utah,UTA,121,HOME,ACTIVE,2,1628381,20,PF,1,1,1,John Collins,J. Collins,John,Collins,1,1,1,11,7,0.636363636,2,3,4,0,4,4,1,81,PT32M53.00S,PT33M,84,3,20,0,10,7,11,2,13,2,3,2,0.666666667,4,8,5,0.625,,
22400264,2024-11-23T15:00:00-07:00,2024-11-23T22:00:00Z,127,20241123/NYKUTA,Final,3,4,4,1000106,Delta Center,Salt Lake City,UT,US,America/Denver,1610612762,Jazz,Utah,UTA,121,HOME,ACTIVE,3,1631117,24,C,1,1,1,Walker Kessler,W. Kessler,Walker,Kessler,2,3,2,8,5,0.625,0,3,2,0,2,1,0.5,59,PT35M13.00S,PT35M,93,34,11,2,10,3,8,2,10,0,0,0,0,0,8,5,0.625,,
22400264,2024-11-23T15:00:00-07:00,2024-11-23T22:00:00Z,127,20241123/NYKUTA,Final,3,4,4,1000106,Delta Center,Salt Lake City,UT,US,America/Denver,1610612762,Jazz,Utah,UTA,121,HOME,ACTIVE,4,1629012,2,SG,1,1,1,Collin Sexton,C. Sexton,Collin,Sexton,5,0,0,14,9,0.642857143,1,5,2,0,1,1,1,68,PT38M12.00S,PT38M,100,32,25,8,6,0,1,0,1,1,8,6,0.75,2,6,3,0.5,,
22400264,2024-11-23T15:00:00-07:00,2024-11-23T22:00:00Z,127,20241123/NYKUTA,Final,3,4,4,1000106,Delta Center,Salt Lake City,UT,US,America/Denver,1610612762,Jazz,Utah,UTA,121,HOME,ACTIVE,5,1641718,3,PG,1,1,1,Keyonte George,K. George,Keyonte,George,9,0,1,11,4,0.363636364,0,1,2,0,2,1,0.5,65,PT26M55.00S,PT27M,74,9,11,0,2,0,3,1,4,1,5,2,0.4,5,6,2,0.333333333,,
22400264,2024-11-23T15:00:00-07:00,2024-11-23T22:00:00Z,127,20241123/NYKUTA,Final,3,4,4,1000106,Delta Center,Salt Lake City,UT,US,America/Denver,1610612762,Jazz,Utah,UTA,121,HOME,ACTIVE,6,203903,0,,0,0,1,Jordan Clarkson,J. Clarkson,Jordan,Clarkson,6,0,3,9,2,0.222222222,0,0,2,0,0,0,0,62,PT24M42.00S,PT25M,54,-8,4,0,4,2,2,2,4,0,0,0,0,4,9,2,0.222222222,,
22400264,2024-11-23T15:00:00-07:00,2024-11-23T22:00:00Z,127,20241123/NYKUTA,Final,3,4,4,1000106,Delta Center,Salt Lake City,UT,US,America/Denver,1610612762,Jazz,Utah,UTA,121,HOME,ACTIVE,7,1642268,13,,0,0,1,Isaiah Collier,I. Collier,Isaiah,Collier,2,0,0,2,1,0.5,1,0,1,0,0,0,0,40,PT10M43.00S,PT11M,23,-17,2,0,2,0,0,0,0,0,1,0,0,1,1,1,1,,
22400264,2024-11-23T15:00:00-07:00,2024-11-23T22:00:00Z,127,20241123/NYKUTA,Final,3,4,4,1000106,Delta Center,Salt Lake City,UT,US,America/Denver,1610612762,Jazz,Utah,UTA,121,HOME,ACTIVE,8,1629234,15,,0,0,1,Drew Eubanks,D. Eubanks,Drew,Eubanks,1,0,3,6,1,0.166666667,0,2,1,0,2,0,0,47,PT12M47.00S,PT13M,28,-19,2,0,2,0,4,2,6,0,0,0,0,1,6,1,0.166666667,,
22400264,2024-11-23T15:00:00-07:00,2024-11-23T22:00:00Z,127,20241123/NYKUTA,Final,3,4,4,1000106,Delta Center,Salt Lake City,UT,US,America/Denver,1610612762,Jazz,Utah,UTA,121,HOME,ACTIVE,9,1642262,5,,0,0,1,Cody Williams,C. Williams,Cody,Williams,0,0,0,3,0,0,0,0,0,0,0,0,0,20,PT08M51.00S,PT09M,14,-6,0,0,0,0,2,0,2,0,2,0,0,0,1,0,0,,
22400264,2024-11-23T15:00:00-07:00,2024-11-23T22:00:00Z,127,20241123/NYKUTA,Final,3,4,4,1000106,Delta Center,Salt Lake City,UT,US,America/Denver,1610612762,Jazz,Utah,UTA,121,HOME,ACTIVE,10,1630548,33,,0,0,1,Johnny Juzang,J. Juzang,Johnny,Juzang,2,0,0,8,4,0.5,1,1,1,0,0,0,0,30,PT16M37.00S,PT16M,47,17,12,0,0,0,3,0,3,0,7,4,0.571428571,1,1,0,0,,
22400264,2024-11-23T15:00:00-07:00,2024-11-23T22:00:00Z,127,20241123/NYKUTA,Final,3,4,4,1000106,Delta Center,Salt Lake City,UT,US,America/Denver,1610612762,Jazz,Utah,UTA,121,HOME,ACTIVE,11,201988,8,,0,0,0,Patty Mills,P. Mills,Patty,Mills,0,0,0,0,0,0,0,0,0,0,0,0,0,0,PT00M00.00S,PT00M,0,0,0,0,0,0,0,0,0,0,0,0,0,0,0,0,0,,
22400264,2024-11-23T15:00:00-07:00,2024-11-23T22:00:00Z,127,20241123/NYKUTA,Final,3,4,4,1000106,Delta Center,Salt Lake City,UT,US,America/Denver,1610612762,Jazz,Utah,UTA,121,HOME,ACTIVE,12,1629004,19,,0,0,0,Svi Mykhailiuk,S. Mykhailiuk,Svi,Mykhailiuk,0,0,0,0,0,0,0,0,0,0,0,0,0,0,PT00M00.00S,PT00M,0,0,0,0,0,0,0,0,0,0,0,0,0,0,0,0,0,,
22400264,2024-11-23T15:00:00-07:00,2024-11-23T22:00:00Z,127,20241123/NYKUTA,Final,3,4,4,1000106,Delta Center,Salt Lake City,UT,US,America/Denver,1610612762,Jazz,Utah,UTA,121,HOME,ACTIVE,13,1641729,28,,0,0,0,Brice Sensabaugh,B. Sensabaugh,Brice,Sensabaugh,0,0,0,0,0,0,0,0,0,0,0,0,0,0,PT00M00.00S,PT00M,0,0,0,0,0,0,0,0,0,0,0,0,0,0,0,0,0,,
22400264,2024-11-23T15:00:00-07:00,2024-11-23T22:00:00Z,127,20241123/NYKUTA,Final,3,4,4,1000106,Delta Center,Salt Lake City,UT,US,America/Denver,1610612762,Jazz,Utah,UTA,121,HOME,INACTIVE,14,1642271,22,,0,0,0,Kyle Filipowski,K. Filipowski,Kyle,Filipowski,0,0,0,0,0,0,0,0,0,0,0,0,0,0,PT00M00.00S,PT00M,0,0,0,0,0,0,0,0,0,0,0,0,0,0,0,0,0,INACTIVE_INJURY,Right Ankle; Sprain
22400264,2024-11-23T15:00:00-07:00,2024-11-23T22:00:00Z,127,20241123/NYKUTA,Final,3,4,4,1000106,Delta Center,Salt Lake City,UT,US,America/Denver,1610612762,Jazz,Utah,UTA,121,HOME,INACTIVE,15,1641707,0,,0,0,0,Taylor Hendricks,T. Hendricks,Taylor,Hendricks,0,0,0,0,0,0,0,0,0,0,0,0,0,0,PT00M00.00S,PT00M,0,0,0,0,0,0,0,0,0,0,0,0,0,0,0,0,0,INACTIVE_INJURY,Right Fibula; Fracture 
22400264,2024-11-23T15:00:00-07:00,2024-11-23T22:00:00Z,127,20241123/NYKUTA,Final,3,4,4,1000106,Delta Center,Salt Lake City,UT,US,America/Denver,1610612762,Jazz,Utah,UTA,121,HOME,INACTIVE,16,1642357,1,,0,0,0,David Jones,D. Jones,David,Jones,0,0,0,0,0,0,0,0,0,0,0,0,0,0,PT00M00.00S,PT00M,0,0,0,0,0,0,0,0,0,0,0,0,0,0,0,0,0,INACTIVE_GLEAGUE_TWOWAY,
22400264,2024-11-23T15:00:00-07:00,2024-11-23T22:00:00Z,127,20241123/NYKUTA,Final,3,4,4,1000106,Delta Center,Salt Lake City,UT,US,America/Denver,1610612762,Jazz,Utah,UTA,121,HOME,INACTIVE,17,1630695,25,,0,0,0,Micah Potter,M. Potter,Micah,Potter,0,0,0,0,0,0,0,0,0,0,0,0,0,0,PT00M00.00S,PT00M,0,0,0,0,0,0,0,0,0,0,0,0,0,0,0,0,0,INACTIVE_GLEAGUE_TWOWAY,
22400264,2024-11-23T15:00:00-07:00,2024-11-23T22:00:00Z,127,20241123/NYKUTA,Final,3,4,4,1000106,Delta Center,Salt Lake City,UT,US,America/Denver,1610612762,Jazz,Utah,UTA,121,HOME,INACTIVE,18,1631131,34,,0,0,0,Oscar Tshiebwe,O. Tshiebwe,Oscar,Tshiebwe,0,0,0,0,0,0,0,0,0,0,0,0,0,0,PT00M00.00S,PT00M,0,0,0,0,0,0,0,0,0,0,0,0,0,0,0,0,0,INACTIVE_GLEAGUE_TWOWAY,
