market_start,venue,race_no,race_type,win_market_id,selection_id,tab_number,runner_name,status,rated_price
2025-05-26 18:29:00,Angle Park,1,Mdn,1.244200608,82641814,1,Tenacious Design,ACTIVE,
2025-05-26 18:29:00,Angle Park,1,Mdn,1.244200608,83986050,2,Carry On Natasha,ACTIVE,
2025-05-26 18:29:00,Angle Park,1,Mdn,1.244200608,83986051,4,Adhana Lulu,ACTIVE,
2025-05-26 18:29:00,Angle Park,1,Mdn,1.244200608,83986052,5,Pleasure Or Pain,ACTIVE,
2025-05-26 18:29:00,Angle Park,1,Mdn,1.244200608,83986053,7,Adhana Carl,ACTIVE,
2025-05-26 18:29:00,Angle Park,1,Mdn,1.244200608,83156143,8,Adhana Annie,ACTIVE,
2025-05-26 18:52:00,Angle Park,2,Juv,1.244200613,83410433,1,Find The Sun,ACTIVE,
2025-05-26 18:52:00,Angle Park,2,Juv,1.244200613,83156144,2,Keep Breathing,ACTIVE,
2025-05-26 18:52:00,Angle Park,2,Juv,1.244200613,77340290,4,Lifes A Bounty,ACTIVE,
2025-05-26 18:52:00,Angle Park,2,Juv,1.244200613,83986054,6,Dashing Darley,ACTIVE,
2025-05-26 18:52:00,Angle Park,2,Juv,1.244200613,79294624,8,Buzz Bomb,ACTIVE,
2025-05-26 19:14:00,Angle Park,3,Gr5,1.244200618,72585487,1,Hes A Rock,ACTIVE,
2025-05-26 19:14:00,Angle Park,3,Gr5,1.244200618,79111033,2,Paw Eva,ACTIVE,
2025-05-26 19:14:00,Angle Park,3,Gr5,1.244200618,74340560,4,Wilpena,ACTIVE,
2025-05-26 19:14:00,Angle Park,3,Gr5,1.244200618,57564004,5,Slippers Daisy,ACTIVE,
2025-05-26 19:14:00,Angle Park,3,Gr5,1.244200618,61593839,7,Slippers Shine,ACTIVE,
2025-05-26 19:14:00,Angle Park,3,Gr5,1.244200618,67477996,8,Jacobs Well,ACTIVE,
2025-05-26 19:32:00,Angle Park,4,S/E,1.244200623,48725987,1,Zipping Whiskey,ACTIVE,
2025-05-26 19:32:00,Angle Park,4,S/E,1.244200623,59917960,3,Fire Chamber,ACTIVE,
2025-05-26 19:32:00,Angle Park,4,S/E,1.244200623,68993930,5,Apilla,ACTIVE,
2025-05-26 19:32:00,Angle Park,4,S/E,1.244200623,53946907,7,Muster,ACTIVE,
2025-05-26 19:54:00,Angle Park,5,Gr6,1.244200628,76292011,1,Nippy Zesta,ACTIVE,
2025-05-26 19:54:00,Angle Park,5,Gr6,1.244200628,65978549,2,Oscar Intention,ACTIVE,
2025-05-26 19:54:00,Angle Park,5,Gr6,1.244200628,83986055,3,Indy Sue,ACTIVE,
2025-05-26 19:54:00,Angle Park,5,Gr6,1.244200628,72134692,4,Allinga Alan,ACTIVE,
2025-05-26 19:54:00,Angle Park,5,Gr6,1.244200628,83986056,5,Watch Me Design,ACTIVE,
2025-05-26 19:54:00,Angle Park,5,Gr6,1.244200628,82539320,6,Our Little Force,ACTIVE,
2025-05-26 19:54:00,Angle Park,5,Gr6,1.244200628,66654295,7,Zara Turbo,ACTIVE,
2025-05-26 19:54:00,Angle Park,5,Gr6,1.244200628,82048223,8,Binnaway Pearl,ACTIVE,
2025-05-26 20:16:00,Angle Park,6,Gr6,1.244200633,78811729,1,Memories Of Rose,ACTIVE,
2025-05-26 20:16:00,Angle Park,6,Gr6,1.244200633,63404073,2,Emerald Sprinter,ACTIVE,
2025-05-26 20:16:00,Angle Park,6,Gr6,1.244200633,60569267,3,Sparks Flying,ACTIVE,
2025-05-26 20:16:00,Angle Park,6,Gr6,1.244200633,70079607,4,Allinga Mercury,ACTIVE,
2025-05-26 20:16:00,Angle Park,6,Gr6,1.244200633,71404469,5,Scary Eyes,ACTIVE,
2025-05-26 20:16:00,Angle Park,6,Gr6,1.244200633,80364095,6,Town Stranger,ACTIVE,
2025-05-26 20:16:00,Angle Park,6,Gr6,1.244200633,79740077,7,Eldritch,ACTIVE,
2025-05-26 20:16:00,Angle Park,6,Gr6,1.244200633,57957051,8,Techno Kelli,ACTIVE,
2025-05-26 20:38:00,Angle Park,7,FFA,1.244200638,72018748,1,Mundulla,ACTIVE,
2025-05-26 20:38:00,Angle Park,7,FFA,1.244200638,67741955,2,Midnight Sun,ACTIVE,
2025-05-26 20:38:00,Angle Park,7,FFA,1.244200638,72134691,3,Allinga Metro,ACTIVE,
2025-05-26 20:38:00,Angle Park,7,FFA,1.244200638,50758617,4,Deep Purple,ACTIVE,
2025-05-26 20:38:00,Angle Park,7,FFA,1.244200638,4032330,5,Obsession,ACTIVE,
2025-05-26 20:38:00,Angle Park,7,FFA,1.244200638,67441485,6,Tilley Swamp,ACTIVE,
2025-05-26 20:38:00,Angle Park,7,FFA,1.244200638,62177915,7,Runaway Merv,ACTIVE,
2025-05-26 20:38:00,Angle Park,7,FFA,1.244200638,54569769,8,Aston Capone,ACTIVE,
2025-05-26 20:56:00,Angle Park,8,Gr6,1.244200643,74745302,1,Daintree Shady,ACTIVE,
2025-05-26 20:56:00,Angle Park,8,Gr6,1.244200643,80093480,2,Galactic Nemesis,ACTIVE,
2025-05-26 20:56:00,Angle Park,8,Gr6,1.244200643,83986057,3,Im Vanilla Baby,ACTIVE,
2025-05-26 20:56:00,Angle Park,8,Gr6,1.244200643,61187575,5,Lockaba Rocket,ACTIVE,
2025-05-26 20:56:00,Angle Park,8,Gr6,1.244200643,83835806,6,Foul Throw,ACTIVE,
2025-05-26 20:56:00,Angle Park,8,Gr6,1.244200643,83986058,8,Fencer Max,ACTIVE,
2025-05-26 21:18:00,Angle Park,9,Gr5,1.244200648,57230775,1,Masani Girl,ACTIVE,
2025-05-26 21:18:00,Angle Park,9,Gr5,1.244200648,64833429,2,Chilli Sal,ACTIVE,
2025-05-26 21:18:00,Angle Park,9,Gr5,1.244200648,57018795,4,Slippers Appeal,ACTIVE,
2025-05-26 21:18:00,Angle Park,9,Gr5,1.244200648,61372045,6,Short And Stumpy,ACTIVE,
2025-05-26 21:18:00,Angle Park,9,Gr5,1.244200648,60152686,8,Glisten,ACTIVE,
2025-05-26 21:40:00,Angle Park,10,Gr5,1.244200653,57527662,1,Slippers Maggie,ACTIVE,
2025-05-26 21:40:00,Angle Park,10,Gr5,1.244200653,68020149,2,Slippers Solo,ACTIVE,
2025-05-26 21:40:00,Angle Park,10,Gr5,1.244200653,61631978,4,Elwomple,ACTIVE,
2025-05-26 21:40:00,Angle Park,10,Gr5,1.244200653,75394219,5,Just Zorro,ACTIVE,
2025-05-26 21:40:00,Angle Park,10,Gr5,1.244200653,70247784,7,Jabuk,ACTIVE,
2025-05-26 21:40:00,Angle Park,10,Gr5,1.244200653,73644533,8,Lala Buffy,ACTIVE,
2025-05-26 19:01:00,Launceston,1,Mdn,1.244200728,83870145,1,When Skye,ACTIVE,
2025-05-26 19:01:00,Launceston,1,Mdn,1.244200728,81479980,2,Stylish Grace,ACTIVE,
2025-05-26 19:01:00,Launceston,1,Mdn,1.244200728,83870146,3,Nitro De Goey,ACTIVE,
2025-05-26 19:01:00,Launceston,1,Mdn,1.244200728,36425439,4,Josies Gold,ACTIVE,
2025-05-26 19:01:00,Launceston,1,Mdn,1.244200728,81608899,5,Sundara,ACTIVE,
2025-05-26 19:01:00,Launceston,1,Mdn,1.244200728,77770287,6,Tool Shiner,ACTIVE,
2025-05-26 19:01:00,Launceston,1,Mdn,1.244200728,79769626,7,How We Go,ACTIVE,
2025-05-26 19:01:00,Launceston,1,Mdn,1.244200728,81608900,8,Thats When,ACTIVE,
2025-05-26 19:23:00,Launceston,2,Mdn,1.244200733,83870147,1,Dollys Daughter,ACTIVE,
2025-05-26 19:23:00,Launceston,2,Mdn,1.244200733,83870148,2,Babas Swift,ACTIVE,
2025-05-26 19:23:00,Launceston,2,Mdn,1.244200733,82049291,3,Morrisons Van,ACTIVE,
2025-05-26 19:23:00,Launceston,2,Mdn,1.244200733,83870149,4,Eilish Girl,ACTIVE,
2025-05-26 19:23:00,Launceston,2,Mdn,1.244200733,83870150,5,Code Orange,ACTIVE,
2025-05-26 19:23:00,Launceston,2,Mdn,1.244200733,83870151,6,Big Hudson,ACTIVE,
2025-05-26 19:23:00,Launceston,2,Mdn,1.244200733,82081170,7,Nitro Ninja,ACTIVE,
2025-05-26 19:23:00,Launceston,2,Mdn,1.244200733,83870152,8,Fishy Business,ACTIVE,
2025-05-26 19:45:00,Launceston,3,Gr6,1.244200738,79804581,1,Lipstick Lacy,ACTIVE,
2025-05-26 19:45:00,Launceston,3,Gr6,1.244200738,79769636,2,Houdinis Sister,ACTIVE,
2025-05-26 19:45:00,Launceston,3,Gr6,1.244200738,82415620,3,Miss Catch Up,ACTIVE,
2025-05-26 19:45:00,Launceston,3,Gr6,1.244200738,81187647,4,Bonneville,ACTIVE,
2025-05-26 19:45:00,Launceston,3,Gr6,1.244200738,82415613,5,Lacy Longstrider,ACTIVE,
2025-05-26 19:45:00,Launceston,3,Gr6,1.244200738,82579902,6,Timeless Gracie,ACTIVE,
2025-05-26 19:45:00,Launceston,3,Gr6,1.244200738,83870155,7,Elko,ACTIVE,
2025-05-26 19:45:00,Launceston,3,Gr6,1.244200738,83870156,8,Posie Shines,ACTIVE,
2025-05-26 20:03:00,Launceston,4,Gr5,1.244200743,3419999,1,Okinawa,ACTIVE,
2025-05-26 20:03:00,Launceston,4,Gr5,1.244200743,84070161,2,Defensive,ACTIVE,
2025-05-26 20:03:00,Launceston,4,Gr5,1.244200743,79769637,3,Tokyo Danger,ACTIVE,
2025-05-26 20:03:00,Launceston,4,Gr5,1.244200743,53914540,4,Blackwood Echo,ACTIVE,
2025-05-26 20:03:00,Launceston,4,Gr5,1.244200743,80606486,5,Hellyer Dougie,ACTIVE,
2025-05-26 20:03:00,Launceston,4,Gr5,1.244200743,64721617,6,Bearville Whoosh,ACTIVE,
2025-05-26 20:03:00,Launceston,4,Gr5,1.244200743,57046144,7,Silent Prayer,ACTIVE,
2025-05-26 20:03:00,Launceston,4,Gr5,1.244200743,75357590,8,Tahira Star,ACTIVE,
2025-05-26 20:25:00,Launceston,5,Gr3/4,1.244200748,64318828,1,Whiskey Flyer,ACTIVE,
2025-05-26 20:25:00,Launceston,5,Gr3/4,1.244200748,62295185,2,Gracie Flyer,ACTIVE,
2025-05-26 20:25:00,Launceston,5,Gr3/4,1.244200748,59147544,3,Dewana Daicos,ACTIVE,
2025-05-26 20:25:00,Launceston,5,Gr3/4,1.244200748,70633912,4,Surveillance,ACTIVE,
2025-05-26 20:25:00,Launceston,5,Gr3/4,1.244200748,76097279,5,Super Nugget,ACTIVE,
2025-05-26 20:25:00,Launceston,5,Gr3/4,1.244200748,61753032,7,Buckle Up Taja,ACTIVE,
2025-05-26 20:25:00,Launceston,5,Gr3/4,1.244200748,61219131,8,Molly Potion,ACTIVE,
2025-05-26 20:47:00,Launceston,6,FFA,1.244200753,61489718,2,Vintage King,ACTIVE,
2025-05-26 20:47:00,Launceston,6,FFA,1.244200753,81479991,4,Red Day,ACTIVE,
2025-05-26 20:47:00,Launceston,6,FFA,1.244200753,57655481,5,Mighty Quinn,ACTIVE,
2025-05-26 20:47:00,Launceston,6,FFA,1.244200753,69577545,7,Highgate Pete,ACTIVE,
2025-05-26 20:47:00,Launceston,6,FFA,1.244200753,75085628,8,Beast Royale,ACTIVE,
2025-05-26 21:09:00,Launceston,7,Gr5,1.244200758,66704795,1,Buckle Up Easton,ACTIVE,
2025-05-26 21:09:00,Launceston,7,Gr5,1.244200758,77387429,2,Willow Can,ACTIVE,
2025-05-26 21:09:00,Launceston,7,Gr5,1.244200758,51737432,3,Akuna Street,ACTIVE,
2025-05-26 21:09:00,Launceston,7,Gr5,1.244200758,83870157,4,Nitro Rose,ACTIVE,
2025-05-26 21:09:00,Launceston,7,Gr5,1.244200758,64689703,5,Getaway Car,ACTIVE,
2025-05-26 21:09:00,Launceston,7,Gr5,1.244200758,68281961,6,Lightning Force,ACTIVE,
2025-05-26 21:09:00,Launceston,7,Gr5,1.244200758,75356129,7,Very Sneaky,ACTIVE,
2025-05-26 21:09:00,Launceston,7,Gr5,1.244200758,43066407,8,Buckle Up Aria,ACTIVE,
2025-05-26 21:27:00,Launceston,8,FFA,1.244200763,61523228,1,Lady Juliette,ACTIVE,
2025-05-26 21:27:00,Launceston,8,FFA,1.244200763,59621274,2,Paco,ACTIVE,
2025-05-26 21:27:00,Launceston,8,FFA,1.244200763,67223025,3,Big Texan,ACTIVE,
2025-05-26 21:27:00,Launceston,8,FFA,1.244200763,74080605,4,Make It Pop,ACTIVE,
2025-05-26 21:27:00,Launceston,8,FFA,1.244200763,48049144,5,Fossil Bluff,ACTIVE,
2025-05-26 21:27:00,Launceston,8,FFA,1.244200763,62789897,6,Peterina,ACTIVE,
2025-05-26 21:27:00,Launceston,8,FFA,1.244200763,55458469,7,Little Charlotte,ACTIVE,
2025-05-26 21:27:00,Launceston,8,FFA,1.244200763,62098572,8,Ive Got Spark,ACTIVE,
2025-05-26 21:49:00,Launceston,9,Gr4,1.244200768,68020207,1,Dilston Firebird,ACTIVE,
2025-05-26 21:49:00,Launceston,9,Gr4,1.244200768,76964862,2,Black Hoax,ACTIVE,
2025-05-26 21:49:00,Launceston,9,Gr4,1.244200768,80606484,3,Aston Donna,ACTIVE,
2025-05-26 21:49:00,Launceston,9,Gr4,1.244200768,70351177,4,Zipping Clooney,ACTIVE,
2025-05-26 21:49:00,Launceston,9,Gr4,1.244200768,70386570,5,Sea Sick,ACTIVE,
2025-05-26 21:49:00,Launceston,9,Gr4,1.244200768,59555259,7,Show Princess,ACTIVE,
2025-05-26 21:49:00,Launceston,9,Gr4,1.244200768,51113504,8,Blackwood Johnny,ACTIVE,
2025-05-26 21:49:00,Launceston,9,Gr4,1.244200768,70533925,9,Jumbuk Hellcat,ACTIVE,
2025-05-26 22:07:00,Launceston,10,Gr5,1.244200773,84070162,1,Aeroplane Force,ACTIVE,
2025-05-26 22:07:00,Launceston,10,Gr5,1.244200773,64052012,2,My Girl Tenika,ACTIVE,
2025-05-26 22:07:00,Launceston,10,Gr5,1.244200773,61219134,4,Buckle Up Amanda,ACTIVE,
2025-05-26 22:07:00,Launceston,10,Gr5,1.244200773,80106235,5,Dusty Rico,ACTIVE,
2025-05-26 22:07:00,Launceston,10,Gr5,1.244200773,74538774,6,Aston Perk,ACTIVE,
2025-05-26 22:07:00,Launceston,10,Gr5,1.244200773,82415615,7,Aussie Pablo,ACTIVE,
2025-05-26 22:07:00,Launceston,10,Gr5,1.244200773,81224546,8,Wynburn Sweetie,ACTIVE,
2025-05-26 22:07:00,Launceston,10,Gr5,1.244200773,83380395,10,Miss Chirpy,ACTIVE,
2025-05-26 22:23:00,Launceston,11,Gr5,1.244200778,82579910,1,Our Ellie,ACTIVE,
2025-05-26 22:23:00,Launceston,11,Gr5,1.244200778,51414410,2,Storm Signal,ACTIVE,
2025-05-26 22:23:00,Launceston,11,Gr5,1.244200778,65520336,3,Why Sparky,ACTIVE,
2025-05-26 22:23:00,Launceston,11,Gr5,1.244200778,73272090,4,Dewana Time,ACTIVE,
2025-05-26 22:23:00,Launceston,11,Gr5,1.244200778,83870162,5,Silver Tiers,ACTIVE,
2025-05-26 22:23:00,Launceston,11,Gr5,1.244200778,78755371,6,Sherwood Boys,ACTIVE,
2025-05-26 22:23:00,Launceston,11,Gr5,1.244200778,83870163,7,No Deal,ACTIVE,
2025-05-26 22:23:00,Launceston,11,Gr5,1.244200778,77614237,8,Blackbrush Cadet,ACTIVE,
2025-05-26 19:04:00,Maitland,1,Mdn,1.244196942,76910968,1,Aston Action,ACTIVE,
2025-05-26 19:04:00,Maitland,1,Mdn,1.244196942,83942236,2,Not Sure Yet,ACTIVE,
2025-05-26 19:04:00,Maitland,1,Mdn,1.244196942,83942237,3,Lochinvar Hornet,ACTIVE,
2025-05-26 19:04:00,Maitland,1,Mdn,1.244196942,80974337,4,Dandy Dreamer,ACTIVE,
2025-05-26 19:04:00,Maitland,1,Mdn,1.244196942,80569602,5,Witch Rolex,ACTIVE,
2025-05-26 19:04:00,Maitland,1,Mdn,1.244196942,77729759,6,Just A Robbo,ACTIVE,
2025-05-26 19:04:00,Maitland,1,Mdn,1.244196942,74301098,7,Johns Dilemma,ACTIVE,
2025-05-26 19:04:00,Maitland,1,Mdn,1.244196942,82415083,8,Pitman Ringo,ACTIVE,
2025-05-26 19:26:00,Maitland,2,M1/2/3,1.244196947,49914616,1,Solo Fernando,ACTIVE,
2025-05-26 19:26:00,Maitland,2,M1/2/3,1.244196947,52503992,2,Calypso Rogue,ACTIVE,
2025-05-26 19:26:00,Maitland,2,M1/2/3,1.244196947,55096562,3,Big Cool Nevada,ACTIVE,
2025-05-26 19:26:00,Maitland,2,M1/2/3,1.244196947,51149651,4,Weffalee Shield,ACTIVE,
2025-05-26 19:26:00,Maitland,2,M1/2/3,1.244196947,50932005,5,Sirius Cuddles,ACTIVE,
2025-05-26 19:26:00,Maitland,2,M1/2/3,1.244196947,53823776,6,Our China Red,ACTIVE,
2025-05-26 19:26:00,Maitland,2,M1/2/3,1.244196947,71550622,7,Precious Boy,ACTIVE,
2025-05-26 19:26:00,Maitland,2,M1/2/3,1.244196947,46260501,8,Likeable Rogue,ACTIVE,
2025-05-26 19:48:00,Maitland,3,Gr5,1.244196952,72609915,1,Bonnie Maggie,ACTIVE,
2025-05-26 19:48:00,Maitland,3,Gr5,1.244196952,47462627,2,Fire By Night,ACTIVE,
2025-05-26 19:48:00,Maitland,3,Gr5,1.244196952,60569247,3,Precious Time,ACTIVE,
2025-05-26 19:48:00,Maitland,3,Gr5,1.244196952,68959966,4,Ms Wow,ACTIVE,
2025-05-26 19:48:00,Maitland,3,Gr5,1.244196952,69463463,5,Bun Tornado,ACTIVE,
2025-05-26 19:48:00,Maitland,3,Gr5,1.244196952,67223004,6,Despicable Dash,ACTIVE,
2025-05-26 19:48:00,Maitland,3,Gr5,1.244196952,46408411,7,Kilcoy Brae,ACTIVE,
2025-05-26 19:48:00,Maitland,3,Gr5,1.244196952,66240255,8,Marshall Kade,ACTIVE,
2025-05-26 20:10:00,Maitland,4,Gr5,1.244196957,62475973,1,Mr Credits,ACTIVE,
2025-05-26 20:10:00,Maitland,4,Gr5,1.244196957,83942239,2,Zuma Zesta,ACTIVE,
2025-05-26 20:10:00,Maitland,4,Gr5,1.244196957,83379141,3,Lets Trot Will,ACTIVE,
2025-05-26 20:10:00,Maitland,4,Gr5,1.244196957,83942240,4,Kenzies Comet,ACTIVE,
2025-05-26 20:10:00,Maitland,4,Gr5,1.244196957,59323541,5,Red Opal,ACTIVE,
2025-05-26 20:10:00,Maitland,4,Gr5,1.244196957,77688756,6,Kawasaki Girl,ACTIVE,
2025-05-26 20:10:00,Maitland,4,Gr5,1.244196957,61489779,7,Boom Boom Tommy,ACTIVE,
2025-05-26 20:10:00,Maitland,4,Gr5,1.244196957,66069677,8,Marvellous Dunn,ACTIVE,
2025-05-26 20:28:00,Maitland,5,Rest,1.244196962,83942241,1,Scott Lurch,ACTIVE,
2025-05-26 20:28:00,Maitland,5,Rest,1.244196962,82345348,2,Looking Pristine,ACTIVE,
2025-05-26 20:28:00,Maitland,5,Rest,1.244196962,80857856,4,Missy Muck,ACTIVE,
2025-05-26 20:28:00,Maitland,5,Rest,1.244196962,83942242,7,Go Spirit,ACTIVE,
2025-05-26 20:28:00,Maitland,5,Rest,1.244196962,83347183,8,Zipping Stamford,ACTIVE,
2025-05-26 20:50:00,Maitland,6,Gr5,1.244196967,73527307,1,Cool Story,ACTIVE,
2025-05-26 20:50:00,Maitland,6,Gr5,1.244196967,66153991,2,Rapido Vito,ACTIVE,
2025-05-26 20:50:00,Maitland,6,Gr5,1.244196967,79331913,3,Pacific Tiger,ACTIVE,
2025-05-26 20:50:00,Maitland,6,Gr5,1.244196967,60949038,4,Sunrise Cruiser,ACTIVE,
2025-05-26 20:50:00,Maitland,6,Gr5,1.244196967,61933342,6,Well See,ACTIVE,
2025-05-26 20:50:00,Maitland,6,Gr5,1.244196967,63404169,7,Arctic Girl,ACTIVE,
2025-05-26 20:50:00,Maitland,6,Gr5,1.244196967,79769221,8,Prim And Pretty,ACTIVE,
2025-05-26 21:12:00,Maitland,7,Gr4/5,1.244196972,57451270,1,Twelve Men,ACTIVE,
2025-05-26 21:12:00,Maitland,7,Gr4/5,1.244196972,61105328,2,Max Stappen,ACTIVE,
2025-05-26 21:12:00,Maitland,7,Gr4/5,1.244196972,72679609,3,Dawn Raider,ACTIVE,
2025-05-26 21:12:00,Maitland,7,Gr4/5,1.244196972,50005912,4,Sassy Ms Minx,ACTIVE,
2025-05-26 21:12:00,Maitland,7,Gr4/5,1.244196972,59454390,5,Divers Daughter,ACTIVE,
2025-05-26 21:12:00,Maitland,7,Gr4/5,1.244196972,52621397,6,My Boy Aiden,ACTIVE,
2025-05-26 21:12:00,Maitland,7,Gr4/5,1.244196972,66450363,7,Cruising Charlie,ACTIVE,
2025-05-26 21:12:00,Maitland,7,Gr4/5,1.244196972,73371556,8,Barbie Zeal,ACTIVE,
2025-05-26 21:34:00,Maitland,8,Gr5,1.244196977,62870191,1,Zipping Jaywalk,ACTIVE,
2025-05-26 21:34:00,Maitland,8,Gr5,1.244196977,66487476,2,Shack Up Beast,ACTIVE,
2025-05-26 21:34:00,Maitland,8,Gr5,1.244196977,64604645,3,Speedy Houdini,ACTIVE,
2025-05-26 21:34:00,Maitland,8,Gr5,1.244196977,68124256,4,Hard Head Red,ACTIVE,
2025-05-26 21:34:00,Maitland,8,Gr5,1.244196977,2197194,5,Special Style,ACTIVE,
2025-05-26 21:34:00,Maitland,8,Gr5,1.244196977,78566507,6,Flamenco Ethics,ACTIVE,
2025-05-26 21:34:00,Maitland,8,Gr5,1.244196977,77385494,7,Machos Run,ACTIVE,
2025-05-26 21:34:00,Maitland,8,Gr5,1.244196977,79216575,8,Mustang Ethics,ACTIVE,
2025-05-26 21:52:00,Maitland,9,Gr5,1.244196982,74339524,1,Epic Story,ACTIVE,
2025-05-26 21:52:00,Maitland,9,Gr5,1.244196982,83080184,2,Reggae Ethics,ACTIVE,
2025-05-26 21:52:00,Maitland,9,Gr5,1.244196982,59232077,3,Summers Dream,ACTIVE,
2025-05-26 21:52:00,Maitland,9,Gr5,1.244196982,81849487,4,Weffalee Lee Lee,ACTIVE,
2025-05-26 21:52:00,Maitland,9,Gr5,1.244196982,61219268,7,Johns Promise,ACTIVE,
2025-05-26 21:52:00,Maitland,9,Gr5,1.244196982,62908890,8,Fire Motto,ACTIVE,
2025-05-26 22:10:00,Maitland,10,Gr5,1.244196987,82117290,1,Quest For Bolt,ACTIVE,
2025-05-26 22:10:00,Maitland,10,Gr5,1.244196987,71050752,2,Dizzy Digby,ACTIVE,
2025-05-26 22:10:00,Maitland,10,Gr5,1.244196987,66863042,3,Despicable Toots,ACTIVE,
2025-05-26 22:10:00,Maitland,10,Gr5,1.244196987,61140764,4,Shearwater Inn,ACTIVE,
2025-05-26 22:10:00,Maitland,10,Gr5,1.244196987,69285838,5,Girl Goes Zip,ACTIVE,
2025-05-26 22:10:00,Maitland,10,Gr5,1.244196987,78432971,6,Flying Damiro,ACTIVE,
2025-05-26 22:10:00,Maitland,10,Gr5,1.244196987,62789814,7,Speedy Denver,ACTIVE,
2025-05-26 22:10:00,Maitland,10,Gr5,1.244196987,68791639,8,Elite Koda,ACTIVE,
2025-05-26 18:13:00,Nowra,1,Mdn,1.244199541,73484178,1,Fire Fly Jewel,ACTIVE,
2025-05-26 18:13:00,Nowra,1,Mdn,1.244199541,83942243,2,Firefly Gal,ACTIVE,
2025-05-26 18:13:00,Nowra,1,Mdn,1.244199541,83942244,3,Fancy Kosta,ACTIVE,
2025-05-26 18:13:00,Nowra,1,Mdn,1.244199541,67290594,4,School Zone,ACTIVE,
2025-05-26 18:13:00,Nowra,1,Mdn,1.244199541,70929248,6,Case Of Fate,ACTIVE,
2025-05-26 18:13:00,Nowra,1,Mdn,1.244199541,83942245,7,Out Express,ACTIVE,
2025-05-26 18:13:00,Nowra,1,Mdn,1.244199541,83942246,8,Kooringa Express,ACTIVE,
2025-05-26 18:36:00,Nowra,2,Mdn,1.244199546,69544451,1,Rockstar Pip,ACTIVE,
2025-05-26 18:36:00,Nowra,2,Mdn,1.244199546,83942248,3,Fancy Madison,ACTIVE,
2025-05-26 18:36:00,Nowra,2,Mdn,1.244199546,83942249,4,Desis Dream,ACTIVE,
2025-05-26 18:36:00,Nowra,2,Mdn,1.244199546,80975449,6,Kung Fu Bay,ACTIVE,
2025-05-26 18:36:00,Nowra,2,Mdn,1.244199546,82311098,7,French Houdini,ACTIVE,
2025-05-26 18:36:00,Nowra,2,Mdn,1.244199546,81564877,8,My Girl Lulu,ACTIVE,
2025-05-26 18:55:00,Nowra,3,Gr5,1.244199551,83942250,1,Minute Express,ACTIVE,
2025-05-26 18:55:00,Nowra,3,Gr5,1.244199551,83605578,2,Angry Adventure,ACTIVE,
2025-05-26 18:55:00,Nowra,3,Gr5,1.244199551,67741851,3,Just Flick Em,ACTIVE,
2025-05-26 18:55:00,Nowra,3,Gr5,1.244199551,8794357,4,Vaya Con Dios,ACTIVE,
2025-05-26 18:55:00,Nowra,3,Gr5,1.244199551,83942251,5,Skedaddle Percy,ACTIVE,
2025-05-26 18:55:00,Nowra,3,Gr5,1.244199551,83942252,6,Eriza Sparkles,ACTIVE,
2025-05-26 18:55:00,Nowra,3,Gr5,1.244199551,80331217,7,Wheres Ivy,ACTIVE,
2025-05-26 18:55:00,Nowra,3,Gr5,1.244199551,82377577,8,Zipping Balboa,ACTIVE,
2025-05-26 19:17:00,Nowra,4,Gr5,1.244199556,77428624,1,Skedaddle Arlo,ACTIVE,
2025-05-26 19:17:00,Nowra,4,Gr5,1.244199556,79563309,2,Kia Ora,ACTIVE,
2025-05-26 19:17:00,Nowra,4,Gr5,1.244199556,79293605,3,Florence First,ACTIVE,
2025-05-26 19:17:00,Nowra,4,Gr5,1.244199556,7582617,4,Go Jo Jo,ACTIVE,
2025-05-26 19:17:00,Nowra,4,Gr5,1.244199556,60385969,6,Leichhardt Roar,ACTIVE,
2025-05-26 19:17:00,Nowra,4,Gr5,1.244199556,77428607,7,Wheres Derek,ACTIVE,
2025-05-26 19:17:00,Nowra,4,Gr5,1.244199556,79844822,8,Skedaddle Boss,ACTIVE,
2025-05-26 19:17:00,Nowra,4,Gr5,1.244199556,83942253,9,Freed Desire,ACTIVE,
2025-05-26 19:35:00,Nowra,5,Gr5,1.244199561,51502896,1,Nara Spirit,ACTIVE,
2025-05-26 19:35:00,Nowra,5,Gr5,1.244199561,80679440,2,Shanti Bay,ACTIVE,
2025-05-26 19:35:00,Nowra,5,Gr5,1.244199561,2309701,3,Mystical Star,ACTIVE,
2025-05-26 19:35:00,Nowra,5,Gr5,1.244199561,73221834,4,Cumbria Tess,ACTIVE,
2025-05-26 19:35:00,Nowra,5,Gr5,1.244199561,62033284,5,Catastrophize,ACTIVE,
2025-05-26 19:35:00,Nowra,5,Gr5,1.244199561,81519293,6,Zipping Elijah,ACTIVE,
2025-05-26 19:35:00,Nowra,5,Gr5,1.244199561,67741860,7,Cumbria Meg,ACTIVE,
2025-05-26 19:35:00,Nowra,5,Gr5,1.244199561,62661532,8,Pepper Kade,ACTIVE,
2025-05-26 19:57:00,Nowra,6,N/G,1.244199566,76098729,1,Wheres Fernando,ACTIVE,
2025-05-26 19:57:00,Nowra,6,N/G,1.244199566,45542132,2,Skedaddle Lucy,ACTIVE,
2025-05-26 19:57:00,Nowra,6,N/G,1.244199566,69675972,3,Resist The Urge,ACTIVE,
2025-05-26 19:57:00,Nowra,6,N/G,1.244199566,62559219,4,Nicko Jack,ACTIVE,
2025-05-26 19:57:00,Nowra,6,N/G,1.244199566,64547000,5,Nicko Queen,ACTIVE,
2025-05-26 19:57:00,Nowra,6,N/G,1.244199566,81758501,6,Luna Zeal,ACTIVE,
2025-05-26 19:57:00,Nowra,6,N/G,1.244199566,63404135,7,War Hawk,ACTIVE,
2025-05-26 19:57:00,Nowra,6,N/G,1.244199566,72018754,8,Queen Charlm,ACTIVE,
2025-05-26 20:19:00,Nowra,7,Gr5,1.244199571,63798283,1,Miss Tess,ACTIVE,
2025-05-26 20:19:00,Nowra,7,Gr5,1.244199571,65090195,2,Cambridge King,ACTIVE,
2025-05-26 20:19:00,Nowra,7,Gr5,1.244199571,83942254,3,Lure Detective,ACTIVE,
2025-05-26 20:19:00,Nowra,7,Gr5,1.244199571,74189960,4,Swans Spirit,ACTIVE,
2025-05-26 20:19:00,Nowra,7,Gr5,1.244199571,72312091,5,Any More Coins,ACTIVE,
2025-05-26 20:19:00,Nowra,7,Gr5,1.244199571,60653036,6,Nicko King,ACTIVE,
2025-05-26 20:19:00,Nowra,7,Gr5,1.244199571,65173763,7,Cumbria Rich,ACTIVE,
2025-05-26 20:19:00,Nowra,7,Gr5,1.244199571,71550598,8,Born Little,ACTIVE,
2025-05-26 20:41:00,Nowra,8,Gr5,1.244199576,82048745,1,Skedaddle Indi,ACTIVE,
2025-05-26 20:41:00,Nowra,8,Gr5,1.244199576,82278242,2,Zipping Kirk,ACTIVE,
2025-05-26 20:41:00,Nowra,8,Gr5,1.244199576,81479285,3,Zipping Zodiac,ACTIVE,
2025-05-26 20:41:00,Nowra,8,Gr5,1.244199576,62326848,4,Calla Four Kids,ACTIVE,
2025-05-26 20:41:00,Nowra,8,Gr5,1.244199576,51717612,6,Aussie Summer,ACTIVE,
2025-05-26 20:41:00,Nowra,8,Gr5,1.244199576,72062425,7,Skedaddle Louise,ACTIVE,
2025-05-26 20:41:00,Nowra,8,Gr5,1.244199576,56254190,8,Smooth Avenger,ACTIVE,
2025-05-26 20:59:00,Nowra,9,Gr5,1.244199581,65292998,1,Zipping Trucker,ACTIVE,
2025-05-26 20:59:00,Nowra,9,Gr5,1.244199581,83868502,2,Zipping Ariel,ACTIVE,
2025-05-26 20:59:00,Nowra,9,Gr5,1.244199581,70079465,4,Archie Luxe,ACTIVE,
2025-05-26 20:59:00,Nowra,9,Gr5,1.244199581,82279040,5,Zipping Nala,ACTIVE,
2025-05-26 20:59:00,Nowra,9,Gr5,1.244199581,66204481,7,Gallipoli Gal,ACTIVE,
2025-05-26 20:59:00,Nowra,9,Gr5,1.244199581,75966148,8,Skedaddle Maple,ACTIVE,
2025-05-26 21:21:00,Nowra,10,Gr5,1.244199586,73221827,1,Any More Caramel,ACTIVE,
2025-05-26 21:21:00,Nowra,10,Gr5,1.244199586,62990591,2,Miss Narla,ACTIVE,
2025-05-26 21:21:00,Nowra,10,Gr5,1.244199586,74854155,3,Any More Trains,ACTIVE,
2025-05-26 21:21:00,Nowra,10,Gr5,1.244199586,77428599,4,Mercurial High,ACTIVE,
2025-05-26 21:21:00,Nowra,10,Gr5,1.244199586,60735599,5,Lilly Maree,ACTIVE,
2025-05-26 21:21:00,Nowra,10,Gr5,1.244199586,59323602,6,Libras Girl,ACTIVE,
2025-05-26 21:21:00,Nowra,10,Gr5,1.244199586,61219206,7,Olivias Babe,ACTIVE,
2025-05-26 21:21:00,Nowra,10,Gr5,1.244199586,83942256,8,Miss Delgardo,ACTIVE,
2025-05-26 21:43:00,Nowra,11,Gr3/4,1.244199591,42130990,1,Fire Fairy,ACTIVE,
2025-05-26 21:43:00,Nowra,11,Gr3/4,1.244199591,53532704,2,Katies Portrait,ACTIVE,
2025-05-26 21:43:00,Nowra,11,Gr3/4,1.244199591,59454302,4,Master Artist,ACTIVE,
2025-05-26 21:43:00,Nowra,11,Gr3/4,1.244199591,50268672,5,Just Ellie,ACTIVE,
2025-05-26 21:43:00,Nowra,11,Gr3/4,1.244199591,47017177,7,Dawny Dream,ACTIVE,
2025-05-26 21:43:00,Nowra,11,Gr3/4,1.244199591,40165797,8,Emerald Green,ACTIVE,
2025-05-26 18:45:00,Q2 Parklands,1,Mdn,1.244199978,83941173,1,Fame Beckons,ACTIVE,
2025-05-26 18:45:00,Q2 Parklands,1,Mdn,1.244199978,83941174,2,West Blanco,ACTIVE,
2025-05-26 18:45:00,Q2 Parklands,1,Mdn,1.244199978,83941175,3,Shelley Beach,ACTIVE,
2025-05-26 18:45:00,Q2 Parklands,1,Mdn,1.244199978,80364191,4,Lagniappe,ACTIVE,
2025-05-26 18:45:00,Q2 Parklands,1,Mdn,1.244199978,83941176,6,Burnt Maru,ACTIVE,
2025-05-26 18:45:00,Q2 Parklands,1,Mdn,1.244199978,2593895,7,Ruby Slipper,ACTIVE,
2025-05-26 18:45:00,Q2 Parklands,1,Mdn,1.244199978,78755442,8,Paris Charm,ACTIVE,
2025-05-26 19:07:00,Q2 Parklands,2,Gr6,1.244199983,74190307,1,Sweet As Sarah,ACTIVE,
2025-05-26 19:07:00,Q2 Parklands,2,Gr6,1.244199983,82603401,2,Closing Model,ACTIVE,
2025-05-26 19:07:00,Q2 Parklands,2,Gr6,1.244199983,58712408,3,Swoopers Bias,ACTIVE,
2025-05-26 19:07:00,Q2 Parklands,2,Gr6,1.244199983,71083477,4,Texas Wedge,ACTIVE,
2025-05-26 19:07:00,Q2 Parklands,2,Gr6,1.244199983,83941177,5,Oxley Dream Girl,ACTIVE,
2025-05-26 19:07:00,Q2 Parklands,2,Gr6,1.244199983,77303475,6,Mepunga Laroi,ACTIVE,
2025-05-26 19:07:00,Q2 Parklands,2,Gr6,1.244199983,80400183,7,Maximus Malt,ACTIVE,
2025-05-26 19:07:00,Q2 Parklands,2,Gr6,1.244199983,83941178,8,You Know Diva,ACTIVE,
2025-05-26 19:29:00,Q2 Parklands,3,Gr5,1.244199988,62990489,1,Loongana Park,ACTIVE,
2025-05-26 19:29:00,Q2 Parklands,3,Gr5,1.244199988,79023517,2,Modelo,ACTIVE,
2025-05-26 19:29:00,Q2 Parklands,3,Gr5,1.244199988,67009360,3,Crimson Warrior,ACTIVE,
2025-05-26 19:29:00,Q2 Parklands,3,Gr5,1.244199988,77504332,5,Del Greco,ACTIVE,
2025-05-26 19:29:00,Q2 Parklands,3,Gr5,1.244199988,68855458,6,Cash Handy,ACTIVE,
2025-05-26 19:29:00,Q2 Parklands,3,Gr5,1.244199988,74460401,7,Shevchenko Hayze,ACTIVE,
2025-05-26 19:29:00,Q2 Parklands,3,Gr5,1.244199988,65732670,8,Lasting Love,ACTIVE,
2025-05-26 19:29:00,Q2 Parklands,3,Gr5,1.244199988,74616525,9,My Holiday Fund,ACTIVE,
2025-05-26 19:51:00,Q2 Parklands,4,Gr5,1.244199993,66295583,1,Kingsbrae Pumbaa,ACTIVE,
2025-05-26 19:51:00,Q2 Parklands,4,Gr5,1.244199993,76660586,2,Akela Kung Fu,ACTIVE,
2025-05-26 19:51:00,Q2 Parklands,4,Gr5,1.244199993,79891725,3,Vodka And Ice,ACTIVE,
2025-05-26 19:51:00,Q2 Parklands,4,Gr5,1.244199993,71618477,4,Villain Of Magic,ACTIVE,
2025-05-26 19:51:00,Q2 Parklands,4,Gr5,1.244199993,66863027,6,Im Sandwiches,ACTIVE,
2025-05-26 19:51:00,Q2 Parklands,4,Gr5,1.244199993,74494210,7,Oxley Charm,ACTIVE,
2025-05-26 19:51:00,Q2 Parklands,4,Gr5,1.244199993,77023575,8,Five Birdies,ACTIVE,
2025-05-26 20:13:00,Q2 Parklands,5,Gr5/6,1.244199998,78567156,1,Tweed Lane,ACTIVE,
2025-05-26 20:13:00,Q2 Parklands,5,Gr5/6,1.244199998,71550724,2,Shes Our Gal,ACTIVE,
2025-05-26 20:13:00,Q2 Parklands,5,Gr5/6,1.244199998,75356314,3,Federal Blonde,ACTIVE,
2025-05-26 20:13:00,Q2 Parklands,5,Gr5/6,1.244199998,78689736,4,Flying Ernesto,ACTIVE,
2025-05-26 20:13:00,Q2 Parklands,5,Gr5/6,1.244199998,71437030,5,Crystal Echoes,ACTIVE,
2025-05-26 20:13:00,Q2 Parklands,5,Gr5/6,1.244199998,78535283,6,Oxley Choice,ACTIVE,
2025-05-26 20:13:00,Q2 Parklands,5,Gr5/6,1.244199998,78813316,7,Mondo Cortez,ACTIVE,
2025-05-26 20:13:00,Q2 Parklands,5,Gr5/6,1.244199998,83678189,8,Gypsy Girl Pearl,ACTIVE,
2025-05-26 20:31:00,Q2 Parklands,6,Gr5,1.244200003,69643004,1,Red Sun,ACTIVE,
2025-05-26 20:31:00,Q2 Parklands,6,Gr5,1.244200003,62686591,3,Brute Banner,ACTIVE,
2025-05-26 20:31:00,Q2 Parklands,6,Gr5,1.244200003,80569320,4,Summer Quinn,ACTIVE,
2025-05-26 20:31:00,Q2 Parklands,6,Gr5,1.244200003,83941179,6,Bush Bouquet,ACTIVE,
2025-05-26 20:31:00,Q2 Parklands,6,Gr5,1.244200003,74301086,7,Ancient Egyptian,ACTIVE,
2025-05-26 20:31:00,Q2 Parklands,6,Gr5,1.244200003,74900588,8,Goldstar Nadia,ACTIVE,
2025-05-26 20:31:00,Q2 Parklands,6,Gr5,1.244200003,83941180,9,Decreed,ACTIVE,
2025-05-26 20:53:00,Q2 Parklands,7,Gr4/5,1.244200008,72097028,1,Fast Eddie,ACTIVE,
2025-05-26 20:53:00,Q2 Parklands,7,Gr4/5,1.244200008,75047339,2,Mr Peregrine,ACTIVE,
2025-05-26 20:53:00,Q2 Parklands,7,Gr4/5,1.244200008,82820308,3,Jumping Jive,ACTIVE,
2025-05-26 20:53:00,Q2 Parklands,7,Gr4/5,1.244200008,79597783,4,Shes That Girl,ACTIVE,
2025-05-26 20:53:00,Q2 Parklands,7,Gr4/5,1.244200008,76911584,5,Ruin Art,ACTIVE,
2025-05-26 20:53:00,Q2 Parklands,7,Gr4/5,1.244200008,53680253,6,Watch The Franky,ACTIVE,
2025-05-26 20:53:00,Q2 Parklands,7,Gr4/5,1.244200008,66295630,7,Cleopatra Hayze,ACTIVE,
2025-05-26 20:53:00,Q2 Parklands,7,Gr4/5,1.244200008,53090101,8,On Any Day,ACTIVE,
2025-05-26 21:15:00,Q2 Parklands,8,Final,1.244200013,83941181,1,Wellness,ACTIVE,
2025-05-26 21:15:00,Q2 Parklands,8,Final,1.244200013,72097015,2,Velaris,ACTIVE,
2025-05-26 21:15:00,Q2 Parklands,8,Final,1.244200013,78291509,3,Miss Sara Jane,ACTIVE,
2025-05-26 21:15:00,Q2 Parklands,8,Final,1.244200013,75436951,4,Shamrock Hayze,ACTIVE,
2025-05-26 21:15:00,Q2 Parklands,8,Final,1.244200013,71181046,5,New Beginning,ACTIVE,
2025-05-26 21:15:00,Q2 Parklands,8,Final,1.244200013,83570115,6,Wiggle On,ACTIVE,
2025-05-26 21:15:00,Q2 Parklands,8,Final,1.244200013,74460411,7,Aussie Sands,ACTIVE,
2025-05-26 21:15:00,Q2 Parklands,8,Final,1.244200013,70891787,8,Akela Judo,ACTIVE,
2025-05-26 21:37:00,Q2 Parklands,9,Gr5,1.244200018,77466141,1,Graduation Gift,ACTIVE,
2025-05-26 21:37:00,Q2 Parklands,9,Gr5,1.244200018,80131925,2,Extreme Malt,ACTIVE,
2025-05-26 21:37:00,Q2 Parklands,9,Gr5,1.244200018,74573826,3,Ponticelli,ACTIVE,
2025-05-26 21:37:00,Q2 Parklands,9,Gr5,1.244200018,67532371,4,Sleek Karma,ACTIVE,
2025-05-26 21:37:00,Q2 Parklands,9,Gr5,1.244200018,83941183,5,Maroon Legend,ACTIVE,
2025-05-26 21:37:00,Q2 Parklands,9,Gr5,1.244200018,83941184,6,Flying Seal,ACTIVE,
2025-05-26 21:37:00,Q2 Parklands,9,Gr5,1.244200018,70422026,7,Goldstar Becks,ACTIVE,
2025-05-26 21:37:00,Q2 Parklands,9,Gr5,1.244200018,2987779,8,Black Falcon,ACTIVE,
2025-05-26 21:57:00,Q2 Parklands,10,Gr5,1.244200023,74080292,1,Cochise Warrior,ACTIVE,
2025-05-26 21:57:00,Q2 Parklands,10,Gr5,1.244200023,67401318,2,Anytime Romeo,ACTIVE,
2025-05-26 21:57:00,Q2 Parklands,10,Gr5,1.244200023,78536509,3,Monteleone,ACTIVE,
2025-05-26 21:57:00,Q2 Parklands,10,Gr5,1.244200023,75047745,4,Inky Ricochet,ACTIVE,
2025-05-26 21:57:00,Q2 Parklands,10,Gr5,1.244200023,83941185,5,Cool Hand Rio,ACTIVE,
2025-05-26 21:57:00,Q2 Parklands,10,Gr5,1.244200023,71980732,6,My Sweets,ACTIVE,
2025-05-26 21:57:00,Q2 Parklands,10,Gr5,1.244200023,82050693,7,Mr Moodie,ACTIVE,
2025-05-26 21:57:00,Q2 Parklands,10,Gr5,1.244200023,83941186,8,Goldstar Darcy,ACTIVE,
2025-05-26 22:14:00,Q2 Parklands,11,M5,1.244200028,46408370,1,Goldstar Rita,ACTIVE,
2025-05-26 22:14:00,Q2 Parklands,11,M5,1.244200028,40797576,2,Oh So Bro,ACTIVE,
2025-05-26 22:14:00,Q2 Parklands,11,M5,1.244200028,57148792,3,Ebony Bar Cool,ACTIVE,
2025-05-26 22:14:00,Q2 Parklands,11,M5,1.244200028,59812490,4,Cha Cha Kitty,ACTIVE,
2025-05-26 22:14:00,Q2 Parklands,11,M5,1.244200028,56407458,6,My King,ACTIVE,
2025-05-26 22:14:00,Q2 Parklands,11,M5,1.244200028,61219168,7,Indy Cha Cha,ACTIVE,
2025-05-26 22:14:00,Q2 Parklands,11,M5,1.244200028,70705132,8,Crazy George,ACTIVE,
2025-05-26 19:20:00,Sandown Park,1,Mdn,1.244200098,83984943,1,Jumbuk Mahmood,ACTIVE,
2025-05-26 19:20:00,Sandown Park,1,Mdn,1.244200098,83447085,3,Daintree Bullet,ACTIVE,
2025-05-26 19:20:00,Sandown Park,1,Mdn,1.244200098,82312204,4,Doongalla Serena,ACTIVE,
2025-05-26 19:20:00,Sandown Park,1,Mdn,1.244200098,83984945,6,Archie Rolls,ACTIVE,
2025-05-26 19:20:00,Sandown Park,1,Mdn,1.244200098,83710411,7,Ninja Cuddle,ACTIVE,
2025-05-26 19:20:00,Sandown Park,1,Mdn,1.244200098,82376850,8,Roxy Style,ACTIVE,
2025-05-26 19:42:00,Sandown Park,2,Rest,1.244200103,83984947,1,Lavender Eve,ACTIVE,
2025-05-26 19:42:00,Sandown Park,2,Rest,1.244200103,68994035,2,Warrior Sal,ACTIVE,
2025-05-26 19:42:00,Sandown Park,2,Rest,1.244200103,70856020,3,Raven Owen,ACTIVE,
2025-05-26 19:42:00,Sandown Park,2,Rest,1.244200103,83570505,4,Tiger Rocks,ACTIVE,
2025-05-26 19:42:00,Sandown Park,2,Rest,1.244200103,68568631,5,Redeem Her,ACTIVE,
2025-05-26 19:42:00,Sandown Park,2,Rest,1.244200103,70457019,6,Tanner Time,ACTIVE,
2025-05-26 19:42:00,Sandown Park,2,Rest,1.244200103,71618292,7,Speedy Bear,ACTIVE,
2025-05-26 19:42:00,Sandown Park,2,Rest,1.244200103,83984948,8,Untouched,ACTIVE,
2025-05-26 20:00:00,Sandown Park,3,Rest,1.244200108,68752400,1,Crafty Beer,ACTIVE,
2025-05-26 20:00:00,Sandown Park,3,Rest,1.244200108,83642116,2,Aston Barton,ACTIVE,
2025-05-26 20:00:00,Sandown Park,3,Rest,1.244200108,83314954,3,Shes Intense,ACTIVE,
2025-05-26 20:00:00,Sandown Park,3,Rest,1.244200108,7041136,4,From The Ghetto,ACTIVE,
2025-05-26 20:00:00,Sandown Park,3,Rest,1.244200108,83347222,5,Regal Jyle,ACTIVE,
2025-05-26 20:00:00,Sandown Park,3,Rest,1.244200108,77614710,6,Cruzado,ACTIVE,
2025-05-26 20:00:00,Sandown Park,3,Rest,1.244200108,74233952,7,South Thailand,ACTIVE,
2025-05-26 20:00:00,Sandown Park,3,Rest,1.244200108,78689494,8,Wyong Jameson,ACTIVE,
2025-05-26 20:22:00,Sandown Park,4,Gr5,1.244200113,65823894,1,Winckie Bale,ACTIVE,
2025-05-26 20:22:00,Sandown Park,4,Gr5,1.244200113,51616263,2,Aston Monitor,ACTIVE,
2025-05-26 20:22:00,Sandown Park,4,Gr5,1.244200113,74900412,3,Moraine Wally,ACTIVE,
2025-05-26 20:22:00,Sandown Park,4,Gr5,1.244200113,72240349,4,Blazin Fire,ACTIVE,
2025-05-26 20:22:00,Sandown Park,4,Gr5,1.244200113,59848445,5,Jetson Express,ACTIVE,
2025-05-26 20:22:00,Sandown Park,4,Gr5,1.244200113,72479339,6,Bundy Paradise,ACTIVE,
2025-05-26 20:22:00,Sandown Park,4,Gr5,1.244200113,78566585,7,Sir Whip,ACTIVE,
2025-05-26 20:22:00,Sandown Park,4,Gr5,1.244200113,72414731,8,Paw Larry,ACTIVE,
2025-05-26 20:44:00,Sandown Park,5,Gr5,1.244200118,82414924,1,Doongalla Ghost,ACTIVE,
2025-05-26 20:44:00,Sandown Park,5,Gr5,1.244200118,83984951,2,Unleash Me,ACTIVE,
2025-05-26 20:44:00,Sandown Park,5,Gr5,1.244200118,77137258,3,So You Assume,ACTIVE,
2025-05-26 20:44:00,Sandown Park,5,Gr5,1.244200118,80680163,4,Cerulean Poppy,ACTIVE,
2025-05-26 20:44:00,Sandown Park,5,Gr5,1.244200118,80400283,5,Leviathan,ACTIVE,
2025-05-26 20:44:00,Sandown Park,5,Gr5,1.244200118,79067637,6,Aston Pratt,ACTIVE,
2025-05-26 20:44:00,Sandown Park,5,Gr5,1.244200118,69830098,7,Wearing Levis,ACTIVE,
2025-05-26 20:44:00,Sandown Park,5,Gr5,1.244200118,76247841,8,Lamp Post,ACTIVE,
2025-05-26 21:06:00,Sandown Park,6,Gr4/5,1.244200123,3177641,1,Spencer,ACTIVE,
2025-05-26 21:06:00,Sandown Park,6,Gr4/5,1.244200123,62220447,2,Miss Jazz,ACTIVE,
2025-05-26 21:06:00,Sandown Park,6,Gr4/5,1.244200123,72693802,3,Chicken Fish,ACTIVE,
2025-05-26 21:06:00,Sandown Park,6,Gr4/5,1.244200123,81889578,4,Mepunga Infrared,ACTIVE,
2025-05-26 21:06:00,Sandown Park,6,Gr4/5,1.244200123,83984952,5,Aston Freddie,ACTIVE,
2025-05-26 21:06:00,Sandown Park,6,Gr4/5,1.244200123,70003442,6,Reality Best,ACTIVE,
2025-05-26 21:06:00,Sandown Park,6,Gr4/5,1.244200123,52771353,8,El Crimp Adore,ACTIVE,
2025-05-26 21:06:00,Sandown Park,6,Gr4/5,1.244200123,76754352,10,Target Range,ACTIVE,
2025-05-26 21:24:00,Sandown Park,7,Gr4/5,1.244200128,51091032,1,Meteor Monelli,ACTIVE,
2025-05-26 21:24:00,Sandown Park,7,Gr4/5,1.244200128,66240362,2,Aston Tommy,ACTIVE,
2025-05-26 21:24:00,Sandown Park,7,Gr4/5,1.244200128,76154002,3,Elite Intention,ACTIVE,
2025-05-26 21:24:00,Sandown Park,7,Gr4/5,1.244200128,66510067,4,Eco Bale,ACTIVE,
2025-05-26 21:24:00,Sandown Park,7,Gr4/5,1.244200128,83984953,5,Desirability,ACTIVE,
2025-05-26 21:24:00,Sandown Park,7,Gr4/5,1.244200128,65823914,6,Leggett Bale,ACTIVE,
2025-05-26 21:24:00,Sandown Park,7,Gr4/5,1.244200128,82602992,7,Aussie Fred,ACTIVE,
2025-05-26 21:24:00,Sandown Park,7,Gr4/5,1.244200128,83984954,8,Highland Sal,ACTIVE,
2025-05-26 21:46:00,Sandown Park,8,Gr3/4,1.244200133,67117374,2,Intrepid Bale,ACTIVE,
2025-05-26 21:46:00,Sandown Park,8,Gr3/4,1.244200133,55905326,4,Lure Of Kilkenny,ACTIVE,
2025-05-26 21:46:00,Sandown Park,8,Gr3/4,1.244200133,66654269,5,Minh Teddy,ACTIVE,
2025-05-26 21:46:00,Sandown Park,8,Gr3/4,1.244200133,64163555,6,Maia,ACTIVE,
2025-05-26 21:46:00,Sandown Park,8,Gr3/4,1.244200133,73222018,7,Invictus Blue,ACTIVE,
2025-05-26 21:46:00,Sandown Park,8,Gr3/4,1.244200133,74338844,8,Paw Harris,ACTIVE,
2025-05-26 22:04:00,Sandown Park,9,Heat,1.244200138,72380142,1,Moraine Joker,ACTIVE,
2025-05-26 22:04:00,Sandown Park,9,Heat,1.244200138,82895638,2,Wheres Dennis,ACTIVE,
2025-05-26 22:04:00,Sandown Park,9,Heat,1.244200138,74900615,3,Assume Floppy,ACTIVE,
2025-05-26 22:04:00,Sandown Park,9,Heat,1.244200138,83984956,4,Mepunga Lara,ACTIVE,
2025-05-26 22:04:00,Sandown Park,9,Heat,1.244200138,83984957,5,Saquon,ACTIVE,
2025-05-26 22:04:00,Sandown Park,9,Heat,1.244200138,78755500,6,Fast Knockdown,ACTIVE,
2025-05-26 22:04:00,Sandown Park,9,Heat,1.244200138,74900405,7,Bengal Beast,ACTIVE,
2025-05-26 22:04:00,Sandown Park,9,Heat,1.244200138,83984959,8,Handsome Ratio,ACTIVE,
2025-05-26 22:20:00,Sandown Park,10,Heat,1.244200143,83984962,1,Delicate,ACTIVE,
2025-05-26 22:20:00,Sandown Park,10,Heat,1.244200143,83984963,2,Mepunga Lilly,ACTIVE,
2025-05-26 22:20:00,Sandown Park,10,Heat,1.244200143,83984965,3,Mamasan,ACTIVE,
2025-05-26 22:20:00,Sandown Park,10,Heat,1.244200143,82155366,5,Panipucci,ACTIVE,
2025-05-26 22:20:00,Sandown Park,10,Heat,1.244200143,83984969,7,Trophy Darts,ACTIVE,
2025-05-26 22:20:00,Sandown Park,10,Heat,1.244200143,82312214,8,Barking Blue,ACTIVE,
2025-05-26 22:20:00,Sandown Park,10,Heat,1.244200143,83984960,9,Tactician,ACTIVE,
2025-05-26 22:37:00,Sandown Park,11,Gr5,1.244200148,83710415,1,Fancy A Coco,ACTIVE,
2025-05-26 22:37:00,Sandown Park,11,Gr5,1.244200148,50478826,2,Sir Nathan,ACTIVE,
2025-05-26 22:37:00,Sandown Park,11,Gr5,1.244200148,75019263,3,Paw Maddox,ACTIVE,
2025-05-26 22:37:00,Sandown Park,11,Gr5,1.244200148,69162432,4,Rattle And Bang,ACTIVE,
2025-05-26 22:37:00,Sandown Park,11,Gr5,1.244200148,63572384,5,Steele Jakit,ACTIVE,
2025-05-26 22:37:00,Sandown Park,11,Gr5,1.244200148,3508760,6,Hocus Pocus,ACTIVE,
2025-05-26 22:37:00,Sandown Park,11,Gr5,1.244200148,79591106,7,Doongalla Boy,ACTIVE,
2025-05-26 22:37:00,Sandown Park,11,Gr5,1.244200148,57916882,8,Navy Blue Buzz,ACTIVE,
2025-05-26 22:52:00,Sandown Park,12,Gr5,1.244200153,56873433,1,Miss Daicos,ACTIVE,
2025-05-26 22:52:00,Sandown Park,12,Gr5,1.244200153,4339020,2,Who Me,ACTIVE,
2025-05-26 22:52:00,Sandown Park,12,Gr5,1.244200153,50293951,3,Youre In Luck,ACTIVE,
2025-05-26 22:52:00,Sandown Park,12,Gr5,1.244200153,64015921,4,Rangers Girl,ACTIVE,
2025-05-26 22:52:00,Sandown Park,12,Gr5,1.244200153,79892579,6,Jumbuk Bubbles,ACTIVE,
2025-05-26 22:52:00,Sandown Park,12,Gr5,1.244200153,70742724,7,Shaka Big Chief,ACTIVE,
2025-05-26 22:52:00,Sandown Park,12,Gr5,1.244200153,3941323,8,Call Security,ACTIVE,
