EVENT_DATE,PATH,EVENT_ID,MARKET_TYPE,MARKET_ID,MARKET_NAME,SELECTION_ID,RUNNER_NAME,RUNNER_STATUS,IS_WINNER,TOTAL_GOALS,HOME_TEAM,AWAY_TEAM,HOME_MARGIN,HOME_SCORE,AWAY_SCORE,BEST_BACK_KICK_OFF,BEST_LAY_KICK_OFF,MATCHED_VOLUME_KICK_OFF,HALF_TIME,BEST_BACK_PRICE_HALF_TIME,BEST_LAY_PRICE_HALF_TIME,MATCHED_VOLUME_HALF_TIME,TOTAL_MATCHED_VOLUME
2025-10-17 00:00:00.000 Z,Australian Soccer/Australian A-League Men/Fixtures 17 Oct/Adelaide United v Sydney FC,34722689,MATCH_ODDS,247653669,Match Odds,571273,Adelaide United,WINNER,1,3,Adelaide United,Sydney FC,1,2,1,2.78,2.8,6451.46,2025-10-17 08:53:32.000 Z,3.05,3.05,60669.94,258715.52
2025-10-17 00:00:00.000 Z,Australian Soccer/Australian A-League Men/Fixtures 17 Oct/Adelaide United v Sydney FC,34722689,MATCH_ODDS,247653669,Match Odds,1205121,Sydney FC,LOSER,0,3,Adelaide United,Sydney FC,1,2,1,2.56,2.58,8918.9,2025-10-17 08:53:32.000 Z,3.05,3.05,38868.75,48088.51
2025-10-17 00:00:00.000 Z,Australian Soccer/Australian A-League Men/Fixtures 17 Oct/Adelaide United v Sydney FC,34722689,MATCH_ODDS,247653669,Match Odds,58805,The Draw,LOSER,0,3,Adelaide United,Sydney FC,1,2,1,3.9,3.95,4392.14,2025-10-17 08:53:32.000 Z,2.98,2.96,12276.7,23663.04
2025-10-17 00:00:00.000 Z,Australian Soccer/Australian A-League Men/Fixtures 17 Oct/Brisbane Roar v Macarthur FC,34722693,MATCH_ODDS,247653774,Match Odds,3862627,Brisbane Roar,WINNER,1,1,Brisbane Roar,Macarthur FC,1,1,0,2.46,2.48,5651.69,2025-10-17 10:54:33.000 Z,1.59,1.58,91116.13,233398.61
2025-10-17 00:00:00.000 Z,Australian Soccer/Australian A-League Men/Fixtures 17 Oct/Brisbane Roar v Macarthur FC,34722693,MATCH_ODDS,247653774,Match Odds,36700739,Macarthur FC,LOSER,0,1,Brisbane Roar,Macarthur FC,1,1,0,3,3.05,6722.1,2025-10-17 10:54:33.000 Z,8.6,8.8,35022.83,45448.57
2025-10-17 00:00:00.000 Z,Australian Soccer/Australian A-League Men/Fixtures 17 Oct/Brisbane Roar v Macarthur FC,34722693,MATCH_ODDS,247653774,Match Odds,58805,The Draw,LOSER,0,1,Brisbane Roar,Macarthur FC,1,1,0,3.75,3.8,4021.09,2025-10-17 10:54:33.000 Z,4,4.1,11605.27,19034.2
2025-10-18 00:00:00.000 Z,Australian Soccer/Australian A-League Men/Fixtures 18 Oct/Western Sydney Wanderers v Melbourne City,34722691,MATCH_ODDS,247653879,Match Odds,8586946,Melbourne City,LOSER,0,2,Western Sydney Wanderers,Melbourne City,-0,1,1,2.32,2.36,6426.95,2025-10-18 06:48:38.000 Z,3,3.1,15530.91,23250.42
2025-10-18 00:00:00.000 Z,Australian Soccer/Australian A-League Men/Fixtures 18 Oct/Western Sydney Wanderers v Melbourne City,34722691,MATCH_ODDS,247653879,Match Odds,58805,The Draw,WINNER,1,2,Western Sydney Wanderers,Melbourne City,-0,1,1,3.8,3.85,2386.5,2025-10-18 06:48:38.000 Z,2.64,2.66,7002.5,38623.83
2025-10-18 00:00:00.000 Z,Australian Soccer/Australian A-League Men/Fixtures 18 Oct/Western Sydney Wanderers v Melbourne City,34722691,MATCH_ODDS,247653879,Match Odds,6480414,Western Sydney Wanderers,LOSER,0,2,Western Sydney Wanderers,Melbourne City,-0,1,1,3.2,3.3,4980.38,2025-10-18 06:48:38.000 Z,3.35,3.45,14647.1,24073.56
2025-10-18 00:00:00.000 Z,Australian Soccer/Australian A-League Men/Fixtures 18 Oct/Melbourne Victory v Auckland FC,34722791,MATCH_ODDS,247656927,Match Odds,47625959,Auckland FC,LOSER,0,0,Melbourne Victory,Auckland FC,-0,0,0,2.58,2.6,7045.24,2025-10-18 09:27:28.000 Z,3.1,3.15,15966.8,26029.74
2025-10-18 00:00:00.000 Z,Australian Soccer/Australian A-League Men/Fixtures 18 Oct/Melbourne Victory v Auckland FC,34722791,MATCH_ODDS,247656927,Match Odds,1205124,Melbourne Victory,LOSER,0,0,Melbourne Victory,Auckland FC,-0,0,0,3,3.1,7506.66,2025-10-18 09:27:28.000 Z,3.65,3.8,14543.22,27076.25
2025-10-18 00:00:00.000 Z,Australian Soccer/Australian A-League Men/Fixtures 18 Oct/Melbourne Victory v Auckland FC,34722791,MATCH_ODDS,247656927,Match Odds,58805,The Draw,WINNER,1,0,Melbourne Victory,Auckland FC,-0,0,0,3.5,3.55,4842.46,2025-10-18 09:27:28.000 Z,2.42,2.44,10896.62,78449.44
2025-10-19 00:00:00.000 Z,Australian Soccer/Australian A-League Men/Fixtures 19 Oct/Central Coast Mariners v Newcastle Jets,34722686,MATCH_ODDS,247653564,Match Odds,1205126,Central Coast Mariners,WINNER,1,5,Central Coast Mariners,Newcastle Jets,1,3,2,3.5,3.55,3730.81,2025-10-19 04:49:39.000 Z,1.87,1.79,12059.05,37320.56
2025-10-19 00:00:00.000 Z,Australian Soccer/Australian A-League Men/Fixtures 19 Oct/Central Coast Mariners v Newcastle Jets,34722686,MATCH_ODDS,247653564,Match Odds,1205125,Newcastle Jets,LOSER,0,5,Central Coast Mariners,Newcastle Jets,1,3,2,2.1,2.14,23311.19,2025-10-19 04:49:39.000 Z,5.7,5.4,28885.85,33281.78
2025-10-19 00:00:00.000 Z,Australian Soccer/Australian A-League Men/Fixtures 19 Oct/Central Coast Mariners v Newcastle Jets,34722686,MATCH_ODDS,247653564,Match Odds,58805,The Draw,LOSER,0,5,Central Coast Mariners,Newcastle Jets,1,3,2,4,4.1,3848.74,2025-10-19 04:49:39.000 Z,3.7,3.55,7234.42,18844.12
2025-10-19 00:00:00.000 Z,Australian Soccer/Australian A-League Men/Fixtures 18 Oct/Perth Glory v Wellington Phoenix,34722696,MATCH_ODDS,247653984,Match Odds,370132,Perth Glory,LOSER,0,4,Perth Glory,Wellington Phoenix,-0,2,2,1.95,1.97,16431.88,2025-10-19 00:34:15.000 Z,,,214813.38,214813.38
2025-10-19 00:00:00.000 Z,Australian Soccer/Australian A-League Men/Fixtures 18 Oct/Perth Glory v Wellington Phoenix,34722696,MATCH_ODDS,247653984,Match Odds,58805,The Draw,WINNER,1,4,Perth Glory,Wellington Phoenix,-0,2,2,4.1,4.2,2097.13,2025-10-19 00:34:15.000 Z,,,62677.03,62677.03
2025-10-19 00:00:00.000 Z,Australian Soccer/Australian A-League Men/Fixtures 18 Oct/Perth Glory v Wellington Phoenix,34722696,MATCH_ODDS,247653984,Match Odds,2469649,Wellington Phoenix,LOSER,0,4,Perth Glory,Wellington Phoenix,-0,2,2,4,4.1,4658.2,2025-10-19 00:34:15.000 Z,,,14486.7,14486.7
2025-10-24 00:00:00.000 Z,Australian Soccer/Australian A-League Men/Fixtures 24 Oct/Newcastle Jets v Melbourne Victory,34837843,MATCH_ODDS,249339921,Match Odds,1205124,Melbourne Victory,LOSER,0,7,Newcastle Jets,Melbourne Victory,3,5,2,2.54,2.58,21808.26,2025-10-24 09:23:26.000 Z,19.5,20,44754.77,51367.7
2025-10-24 00:00:00.000 Z,Australian Soccer/Australian A-League Men/Fixtures 24 Oct/Newcastle Jets v Melbourne Victory,34837843,MATCH_ODDS,249339921,Match Odds,1205125,Newcastle Jets,WINNER,1,7,Newcastle Jets,Melbourne Victory,3,5,2,2.82,2.84,7008.51,2025-10-24 09:23:26.000 Z,1.25,1.23,83392.33,266302.7
2025-10-24 00:00:00.000 Z,Australian Soccer/Australian A-League Men/Fixtures 24 Oct/Newcastle Jets v Melbourne Victory,34837843,MATCH_ODDS,249339921,Match Odds,58805,The Draw,LOSER,0,7,Newcastle Jets,Melbourne Victory,3,5,2,3.85,3.9,7783.32,2025-10-24 09:23:26.000 Z,7.2,7,14137.03,20808.22
2025-10-25 00:00:00.000 Z,Australian Soccer/Australian A-League Men/Fixtures 25 Oct/Sydney FC v Central Coast Mariners,34837854,MATCH_ODDS,249340131,Match Odds,1205126,Central Coast Mariners,LOSER,0,2,Sydney FC,Central Coast Mariners,2,2,0,7,7.2,4273.56,2025-10-25 09:26:32.000 Z,6.2,6.2,11101.29,15284.35
2025-10-25 00:00:00.000 Z,Australian Soccer/Australian A-League Men/Fixtures 25 Oct/Sydney FC v Central Coast Mariners,34837854,MATCH_ODDS,249340131,Match Odds,1205121,Sydney FC,WINNER,1,2,Sydney FC,Central Coast Mariners,2,2,0,1.52,1.54,79478.72,2025-10-25 09:26:32.000 Z,1.88,1.9,215536.23,395853.58
2025-10-25 00:00:00.000 Z,Australian Soccer/Australian A-League Men/Fixtures 25 Oct/Sydney FC v Central Coast Mariners,34837854,MATCH_ODDS,249340131,Match Odds,58805,The Draw,LOSER,0,2,Sydney FC,Central Coast Mariners,2,2,0,4.8,4.9,5746.93,2025-10-25 09:26:32.000 Z,3.2,3.2,32059.53,61751
2025-10-25 00:00:00.000 Z,Australian Soccer/Australian A-League Men/Fixtures 25 Oct/Melbourne City v Perth Glory,34837860,MATCH_ODDS,249340236,Match Odds,8586946,Melbourne City,WINNER,1,4,Melbourne City,Perth Glory,4,4,0,1.55,1.57,25098.82,2025-10-25 06:48:23.000 Z,1.04,1.05,193175.62,224721.69
2025-10-25 00:00:00.000 Z,Australian Soccer/Australian A-League Men/Fixtures 25 Oct/Melbourne City v Perth Glory,34837860,MATCH_ODDS,249340236,Match Odds,370132,Perth Glory,LOSER,0,4,Melbourne City,Perth Glory,4,4,0,6.6,6.8,3523.02,2025-10-25 06:48:23.000 Z,140,130,4939.38,5059.9
2025-10-25 00:00:00.000 Z,Australian Soccer/Australian A-League Men/Fixtures 25 Oct/Melbourne City v Perth Glory,34837860,MATCH_ODDS,249340236,Match Odds,58805,The Draw,LOSER,0,4,Melbourne City,Perth Glory,4,4,0,4.7,4.9,2261.72,2025-10-25 06:48:23.000 Z,32,28,4225.57,4496.57
2025-10-25 00:00:00.000 Z,Australian Soccer/Australian A-League Men/Fixtures 25 Oct/Auckland FC v Western Sydney Wanderers,34838422,MATCH_ODDS,249340341,Match Odds,47625959,Auckland FC,WINNER,1,1,Auckland FC,Western Sydney Wanderers,1,1,0,1.97,1.99,24552.04,2025-10-25 04:49:35.000 Z,1.36,1.37,31816.76,66280.59
2025-10-25 00:00:00.000 Z,Australian Soccer/Australian A-League Men/Fixtures 25 Oct/Auckland FC v Western Sydney Wanderers,34838422,MATCH_ODDS,249340341,Match Odds,58805,The Draw,LOSER,0,1,Auckland FC,Western Sydney Wanderers,1,1,0,3.95,4,3677.27,2025-10-25 04:49:35.000 Z,5,5.2,5157.7,6469.67
2025-10-25 00:00:00.000 Z,Australian Soccer/Australian A-League Men/Fixtures 25 Oct/Auckland FC v Western Sydney Wanderers,34838422,MATCH_ODDS,249340341,Match Odds,6480414,Western Sydney Wanderers,LOSER,0,1,Auckland FC,Western Sydney Wanderers,1,1,0,4.1,4.2,4128.25,2025-10-25 04:49:35.000 Z,14,15.5,5038.86,5648.44
2025-10-26 00:00:00.000 Z,Australian Soccer/Australian A-League Men/Fixtures 26 Oct/Wellington Phoenix v Brisbane Roar,34837856,MATCH_ODDS,249340446,Match Odds,3862627,Brisbane Roar,LOSER,0,3,Wellington Phoenix,Brisbane Roar,1,2,1,2.8,2.82,7200.5,2025-10-26 02:50:50.000 Z,1.47,1.47,11679.73,17723.44
2025-10-26 00:00:00.000 Z,Australian Soccer/Australian A-League Men/Fixtures 26 Oct/Wellington Phoenix v Brisbane Roar,34837856,MATCH_ODDS,249340446,Match Odds,58805,The Draw,LOSER,0,3,Wellington Phoenix,Brisbane Roar,1,2,1,3.35,3.45,2863.1,2025-10-26 02:50:50.000 Z,4.1,4.1,4571.35,14792.27
2025-10-26 00:00:00.000 Z,Australian Soccer/Australian A-League Men/Fixtures 26 Oct/Wellington Phoenix v Brisbane Roar,34837856,MATCH_ODDS,249340446,Match Odds,2469649,Wellington Phoenix,WINNER,1,3,Wellington Phoenix,Brisbane Roar,1,2,1,2.82,2.86,6257.2,2025-10-26 02:50:50.000 Z,12,12.5,8600.89,18447.88
2025-10-27 00:00:00.000 Z,Australian Soccer/Australian A-League Men/Fixtures 27 Oct/Macarthur FC v Adelaide United,34837851,MATCH_ODDS,249340026,Match Odds,571273,Adelaide United,LOSER,0,3,Macarthur FC,Adelaide United,1,2,1,2.58,2.6,15023.6,2025-10-27 08:47:59.000 Z,2.86,2.82,34642.8,49480.76
2025-10-27 00:00:00.000 Z,Australian Soccer/Australian A-League Men/Fixtures 27 Oct/Macarthur FC v Adelaide United,34837851,MATCH_ODDS,249340026,Match Odds,36700739,Macarthur FC,WINNER,1,3,Macarthur FC,Adelaide United,1,2,1,2.8,2.84,8474.45,2025-10-27 08:47:59.000 Z,3.45,3.3,29488.47,108205.24
2025-10-27 00:00:00.000 Z,Australian Soccer/Australian A-League Men/Fixtures 27 Oct/Macarthur FC v Adelaide United,34837851,MATCH_ODDS,249340026,Match Odds,58805,The Draw,LOSER,0,3,Macarthur FC,Adelaide United,1,2,1,3.85,3.9,4711.2,2025-10-27 08:47:59.000 Z,2.9,2.82,9484.12,21700.34
2025-10-31 00:00:00.000 Z,Australian Soccer/Australian A-League Men/Fixtures 31 Oct/Perth Glory v Melbourne Victory,34885683,MATCH_ODDS,249641365,Match Odds,1205124,Melbourne Victory,WINNER,1,2,Perth Glory,Melbourne Victory,-2,0,2,2.38,2.42,18352.57,2025-10-31 11:35:37.000 Z,1.58,1.57,72671.73,217999.51
2025-10-31 00:00:00.000 Z,Australian Soccer/Australian A-League Men/Fixtures 31 Oct/Perth Glory v Melbourne Victory,34885683,MATCH_ODDS,249641365,Match Odds,370132,Perth Glory,LOSER,0,2,Perth Glory,Melbourne Victory,-2,0,2,2.96,3.05,8373.52,2025-10-31 11:35:37.000 Z,8.2,8.2,16073.2,17776.72
2025-10-31 00:00:00.000 Z,Australian Soccer/Australian A-League Men/Fixtures 31 Oct/Perth Glory v Melbourne Victory,34885683,MATCH_ODDS,249641365,Match Odds,58805,The Draw,LOSER,0,2,Perth Glory,Melbourne Victory,-2,0,2,4,4.1,5085.59,2025-10-31 11:35:37.000 Z,4.1,4.2,11752.85,14362.28
2025-10-31 00:00:00.000 Z,Australian Soccer/Australian A-League Men/Fixtures 31 Oct/Brisbane Roar v Melbourne City,34889300,MATCH_ODDS,249641470,Match Odds,3862627,Brisbane Roar,LOSER,0,0,Brisbane Roar,Melbourne City,-0,0,0,4.6,4.8,4464.13,2025-10-31 09:21:59.000 Z,5.3,5.2,11193.37,24259.82
2025-10-31 00:00:00.000 Z,Australian Soccer/Australian A-League Men/Fixtures 31 Oct/Brisbane Roar v Melbourne City,34889300,MATCH_ODDS,249641470,Match Odds,8586946,Melbourne City,LOSER,0,0,Brisbane Roar,Melbourne City,-0,0,0,1.92,1.93,20085.14,2025-10-31 09:21:59.000 Z,2.38,2.38,53278.05,95511.1
2025-10-31 00:00:00.000 Z,Australian Soccer/Australian A-League Men/Fixtures 31 Oct/Brisbane Roar v Melbourne City,34889300,MATCH_ODDS,249641470,Match Odds,58805,The Draw,WINNER,1,0,Brisbane Roar,Melbourne City,-0,0,0,3.7,3.75,9932.51,2025-10-31 09:21:59.000 Z,2.56,2.54,20847.47,88429.63
2025-11-01 00:00:00.000 Z,Australian Soccer/Australian A-League Men/Fixtures 1 Nov/Newcastle Jets v Sydney FC,34886128,MATCH_ODDS,249696116,Match Odds,1205125,Newcastle Jets,LOSER,0,5,Newcastle Jets,Sydney FC,-3,1,4,3,3.05,3537.39,2025-11-01 06:48:50.000 Z,3.9,3.9,6575.76,7396.72
2025-11-01 00:00:00.000 Z,Australian Soccer/Australian A-League Men/Fixtures 1 Nov/Newcastle Jets v Sydney FC,34886128,MATCH_ODDS,249696116,Match Odds,1205121,Sydney FC,WINNER,1,5,Newcastle Jets,Sydney FC,-3,1,4,2.28,2.3,5594.29,2025-11-01 06:48:50.000 Z,2.3,2.34,18196.23,58257.13
2025-11-01 00:00:00.000 Z,Australian Soccer/Australian A-League Men/Fixtures 1 Nov/Newcastle Jets v Sydney FC,34886128,MATCH_ODDS,249696116,Match Odds,58805,The Draw,LOSER,0,5,Newcastle Jets,Sydney FC,-3,1,4,4.2,4.4,1750.31,2025-11-01 06:48:50.000 Z,3.2,3.3,5310.24,7900.68
2025-11-01 00:00:00.000 Z,Australian Soccer/Australian A-League Men/Fixtures 1 Nov/Macarthur FC v Western Sydney Wanderers,34889705,MATCH_ODDS,249696011,Match Odds,36700739,Macarthur FC,LOSER,0,2,Macarthur FC,Western Sydney Wanderers,-0,1,1,2.76,2.78,37987.98,2025-11-01 09:27:44.000 Z,1.65,1.61,50136.92,74044.92
2025-11-01 00:00:00.000 Z,Australian Soccer/Australian A-League Men/Fixtures 1 Nov/Macarthur FC v Western Sydney Wanderers,34889705,MATCH_ODDS,249696011,Match Odds,58805,The Draw,WINNER,1,2,Macarthur FC,Western Sydney Wanderers,-0,1,1,3.85,3.9,11152.6,2025-11-01 09:27:44.000 Z,3.9,3.95,15443.07,55730.22
2025-11-01 00:00:00.000 Z,Australian Soccer/Australian A-League Men/Fixtures 1 Nov/Macarthur FC v Western Sydney Wanderers,34889705,MATCH_ODDS,249696011,Match Odds,6480414,Western Sydney Wanderers,LOSER,0,2,Macarthur FC,Western Sydney Wanderers,-0,1,1,2.62,2.64,41284.42,2025-11-01 09:27:44.000 Z,7.8,7.8,48582.3,54294.68
2025-11-01 00:00:00.000 Z,Australian Soccer/Australian A-League Men/Fixtures 1 Nov/Auckland FC v Adelaide United,34889712,MATCH_ODDS,249695882,Match Odds,571273,Adelaide United,LOSER,0,3,Auckland FC,Adelaide United,1,2,1,4.7,4.8,2867.95,2025-11-01 04:48:52.000 Z,4.9,5.1,5122.4,7418.26
2025-11-01 00:00:00.000 Z,Australian Soccer/Australian A-League Men/Fixtures 1 Nov/Auckland FC v Adelaide United,34889712,MATCH_ODDS,249695882,Match Odds,47625959,Auckland FC,WINNER,1,3,Auckland FC,Adelaide United,1,2,1,1.8,1.81,7489.97,2025-11-01 04:48:52.000 Z,2.1,2.14,16826.18,46082.91
2025-11-01 00:00:00.000 Z,Australian Soccer/Australian A-League Men/Fixtures 1 Nov/Auckland FC v Adelaide United,34889712,MATCH_ODDS,249695882,Match Odds,58805,The Draw,LOSER,0,3,Auckland FC,Adelaide United,1,2,1,4.2,4.3,4516.33,2025-11-01 04:48:52.000 Z,3,3,5949.91,15335.4
2025-11-02 00:00:00.000 Z,Australian Soccer/Australian A-League Men/Fixtures 2 Nov/Central Coast Mariners v Wellington Phoenix,34889704,MATCH_ODDS,249696239,Match Odds,1205126,Central Coast Mariners,LOSER,0,2,Central Coast Mariners,Wellington Phoenix,-0,1,1,2.44,2.48,4212.26,2025-11-02 06:49:23.000 Z,8.2,7.8,6930.46,12994.54
2025-11-02 00:00:00.000 Z,Australian Soccer/Australian A-League Men/Fixtures 2 Nov/Central Coast Mariners v Wellington Phoenix,34889704,MATCH_ODDS,249696239,Match Odds,58805,The Draw,WINNER,1,2,Central Coast Mariners,Wellington Phoenix,-0,1,1,3.7,3.75,938.34,2025-11-02 06:49:23.000 Z,3.65,3.75,2339.21,30314.04
2025-11-02 00:00:00.000 Z,Australian Soccer/Australian A-League Men/Fixtures 2 Nov/Central Coast Mariners v Wellington Phoenix,34889704,MATCH_ODDS,249696239,Match Odds,2469649,Wellington Phoenix,LOSER,0,2,Central Coast Mariners,Wellington Phoenix,-0,1,1,3,3.1,1413.24,2025-11-02 06:49:23.000 Z,1.65,1.68,16346.8,27452.4
2025-11-07 00:00:00.000 Z,Australian Soccer/Australian A-League Men/Fixtures 7 Nov/Perth Glory v Central Coast Mariners,34910176,MATCH_ODDS,250004088,Match Odds,1205126,Central Coast Mariners,WINNER,1,1,Perth Glory,Central Coast Mariners,-1,0,1,3.5,3.55,5520.5,2025-11-07 11:32:44.000 Z,5.1,4.3,29540.94,200110.59
2025-11-07 00:00:00.000 Z,Australian Soccer/Australian A-League Men/Fixtures 7 Nov/Perth Glory v Central Coast Mariners,34910176,MATCH_ODDS,250004088,Match Odds,370132,Perth Glory,LOSER,0,1,Perth Glory,Central Coast Mariners,-1,0,1,2.12,2.16,23328.22,2025-11-07 11:32:44.000 Z,2.32,2.18,105948.51,124812.98
2025-11-07 00:00:00.000 Z,Australian Soccer/Australian A-League Men/Fixtures 7 Nov/Perth Glory v Central Coast Mariners,34910176,MATCH_ODDS,250004088,Match Odds,58805,The Draw,LOSER,0,1,Perth Glory,Central Coast Mariners,-1,0,1,3.95,4,4641,2025-11-07 11:32:44.000 Z,3,2.84,17952.62,28968.14
2025-11-07 00:00:00.000 Z,Australian Soccer/Australian A-League Men/Fixtures 7 Nov/Adelaide United v Western Sydney Wanderers,34910177,MATCH_ODDS,250004193,Match Odds,571273,Adelaide United,WINNER,1,2,Adelaide United,Western Sydney Wanderers,2,2,0,2.3,2.32,11988.86,2025-11-07 09:30:37.000 Z,2.6,2.62,65094.45,211992.52
2025-11-07 00:00:00.000 Z,Australian Soccer/Australian A-League Men/Fixtures 7 Nov/Adelaide United v Western Sydney Wanderers,34910177,MATCH_ODDS,250004193,Match Odds,58805,The Draw,LOSER,0,2,Adelaide United,Western Sydney Wanderers,2,2,0,4,4.1,6024.04,2025-11-07 09:30:37.000 Z,2.86,2.84,13879.82,27487.27
2025-11-07 00:00:00.000 Z,Australian Soccer/Australian A-League Men/Fixtures 7 Nov/Adelaide United v Western Sydney Wanderers,34910177,MATCH_ODDS,250004193,Match Odds,6480414,Western Sydney Wanderers,LOSER,0,2,Adelaide United,Western Sydney Wanderers,2,2,0,3.15,3.2,14464.93,2025-11-07 09:30:37.000 Z,3.75,3.8,34273.87,40483.1
2025-11-08 00:00:00.000 Z,Australian Soccer/Australian A-League Men/Fixtures 8 Nov/Melbourne Victory v Melbourne City,34912452,MATCH_ODDS,250004298,Match Odds,8586946,Melbourne City,WINNER,1,2,Melbourne Victory,Melbourne City,-2,0,2,2.48,2.5,12325.75,2025-11-08 09:31:00.000 Z,1.6,1.59,40505.88,155198.12
2025-11-08 00:00:00.000 Z,Australian Soccer/Australian A-League Men/Fixtures 8 Nov/Melbourne Victory v Melbourne City,34912452,MATCH_ODDS,250004298,Match Odds,1205124,Melbourne Victory,LOSER,0,2,Melbourne Victory,Melbourne City,-2,0,2,3.1,3.15,26448.31,2025-11-08 09:31:00.000 Z,8.8,8.8,34280.46,37601.14
2025-11-08 00:00:00.000 Z,Australian Soccer/Australian A-League Men/Fixtures 8 Nov/Melbourne Victory v Melbourne City,34912452,MATCH_ODDS,250004298,Match Odds,58805,The Draw,LOSER,0,2,Melbourne Victory,Melbourne City,-2,0,2,3.55,3.6,6511.17,2025-11-08 09:31:00.000 Z,3.9,3.95,10087.77,11986.06
2025-11-08 00:00:00.000 Z,Australian Soccer/Australian A-League Men/Fixtures 8 Nov/Wellington Phoenix v Auckland FC,34913271,MATCH_ODDS,250004403,Match Odds,47625959,Auckland FC,WINNER,1,3,Wellington Phoenix,Auckland FC,-1,1,2,1.79,1.8,7905.8,2025-11-08 06:49:03.000 Z,1.29,1.31,27764.93,111564.7
2025-11-08 00:00:00.000 Z,Australian Soccer/Australian A-League Men/Fixtures 8 Nov/Wellington Phoenix v Auckland FC,34913271,MATCH_ODDS,250004403,Match Odds,58805,The Draw,LOSER,0,3,Wellington Phoenix,Auckland FC,-1,1,2,4,4.1,2554.52,2025-11-08 06:49:03.000 Z,5.6,5.6,6210.84,13914.14
2025-11-08 00:00:00.000 Z,Australian Soccer/Australian A-League Men/Fixtures 8 Nov/Wellington Phoenix v Auckland FC,34913271,MATCH_ODDS,250004403,Match Odds,2469649,Wellington Phoenix,LOSER,0,3,Wellington Phoenix,Auckland FC,-1,1,2,5,5.1,1573.01,2025-11-08 06:49:03.000 Z,19,20,3259.19,7951.68
2025-11-09 00:00:00.000 Z,Australian Soccer/Australian A-League Men/Fixtures 9 Nov/Sydney FC v Macarthur FC,34916056,MATCH_ODDS,250006353,Match Odds,36700739,Macarthur FC,LOSER,0,2,Sydney FC,Macarthur FC,2,2,0,4.5,4.7,3397.84,2025-11-09 04:46:45.000 Z,4.2,4.4,5059.91,7595.54
2025-11-09 00:00:00.000 Z,Australian Soccer/Australian A-League Men/Fixtures 9 Nov/Sydney FC v Macarthur FC,34916056,MATCH_ODDS,250006353,Match Odds,1205121,Sydney FC,WINNER,1,2,Sydney FC,Macarthur FC,2,2,0,1.79,1.8,13230.77,2025-11-09 04:46:45.000 Z,2.28,2.28,25562.86,66908.72
2025-11-09 00:00:00.000 Z,Australian Soccer/Australian A-League Men/Fixtures 9 Nov/Sydney FC v Macarthur FC,34916056,MATCH_ODDS,250006353,Match Odds,58805,The Draw,LOSER,0,2,Sydney FC,Macarthur FC,2,2,0,4.3,4.5,3003.25,2025-11-09 04:46:45.000 Z,3.05,2.98,3719.38,6791.2
2025-11-09 00:00:00.000 Z,Australian Soccer/Australian A-League Men/Fixtures 9 Nov/Brisbane Roar v Newcastle Jets,34916381,MATCH_ODDS,250006458,Match Odds,3862627,Brisbane Roar,WINNER,1,3,Brisbane Roar,Newcastle Jets,3,3,0,2.46,2.48,18395.42,2025-11-09 06:50:32.000 Z,1.57,1.59,44412.82,91084.32
2025-11-09 00:00:00.000 Z,Australian Soccer/Australian A-League Men/Fixtures 9 Nov/Brisbane Roar v Newcastle Jets,34916381,MATCH_ODDS,250006458,Match Odds,1205125,Newcastle Jets,LOSER,0,3,Brisbane Roar,Newcastle Jets,3,3,0,2.9,2.92,2675.47,2025-11-09 06:50:32.000 Z,7.8,8,15623.35,19685.3
2025-11-09 00:00:00.000 Z,Australian Soccer/Australian A-League Men/Fixtures 9 Nov/Brisbane Roar v Newcastle Jets,34916381,MATCH_ODDS,250006458,Match Odds,58805,The Draw,LOSER,0,3,Brisbane Roar,Newcastle Jets,3,3,0,3.9,4.1,3356.21,2025-11-09 06:50:32.000 Z,4,4.2,5196.34,6177.88
2025-11-21 00:00:00.000 Z,Australian Soccer/Australian A-League Men/Fixtures 21 Nov/Adelaide United v Melbourne City,34916907,MATCH_ODDS,250058856,Match Odds,571273,Adelaide United,WINNER,1,5,Adelaide United,Melbourne City,3,4,1,2.68,2.7,15539.37,2025-11-21 09:26:00.000 Z,2.32,2.34,113176.18,199572.62
2025-11-21 00:00:00.000 Z,Australian Soccer/Australian A-League Men/Fixtures 21 Nov/Adelaide United v Melbourne City,34916907,MATCH_ODDS,250058856,Match Odds,8586946,Melbourne City,LOSER,0,5,Adelaide United,Melbourne City,3,4,1,2.68,2.72,15772.46,2025-11-21 09:26:00.000 Z,3.6,3.65,33542.16,44969.15
2025-11-21 00:00:00.000 Z,Australian Soccer/Australian A-League Men/Fixtures 21 Nov/Adelaide United v Melbourne City,34916907,MATCH_ODDS,250058856,Match Odds,58805,The Draw,LOSER,0,5,Adelaide United,Melbourne City,3,4,1,3.9,3.95,7637.58,2025-11-21 09:26:00.000 Z,3.35,3.4,15031.03,51780.75
2025-11-22 00:00:00.000 Z,Australian Soccer/Australian A-League Men/Fixtures 22 Nov/Sydney FC v Melbourne Victory,34916886,MATCH_ODDS,250058961,Match Odds,1205124,Melbourne Victory,LOSER,0,3,Sydney FC,Melbourne Victory,3,3,0,3.95,4,4423.68,2025-11-22 09:28:47.000 Z,3.8,3.9,11045.3,14828.36
2025-11-22 00:00:00.000 Z,Australian Soccer/Australian A-League Men/Fixtures 22 Nov/Sydney FC v Melbourne Victory,34916886,MATCH_ODDS,250058961,Match Odds,1205121,Sydney FC,WINNER,1,3,Sydney FC,Melbourne Victory,3,3,0,2,2.02,21639.11,2025-11-22 09:28:47.000 Z,2.54,2.54,50524.16,111883.3
2025-11-22 00:00:00.000 Z,Australian Soccer/Australian A-League Men/Fixtures 22 Nov/Sydney FC v Melbourne Victory,34916886,MATCH_ODDS,250058961,Match Odds,58805,The Draw,LOSER,0,3,Sydney FC,Melbourne Victory,3,3,0,4,4.1,4598.47,2025-11-22 09:28:47.000 Z,2.84,2.86,8601.94,14090.62
2025-11-22 00:00:00.000 Z,Australian Soccer/Australian A-League Men/Fixtures 22 Nov/Western Sydney Wanderers v Central Coast Mariners,34916954,MATCH_ODDS,250059171,Match Odds,1205126,Central Coast Mariners,LOSER,0,5,Western Sydney Wanderers,Central Coast Mariners,1,3,2,6.2,6.4,2711.55,2025-11-22 06:54:19.000 Z,21,24,3508.09,4516.92
2025-11-22 00:00:00.000 Z,Australian Soccer/Australian A-League Men/Fixtures 22 Nov/Western Sydney Wanderers v Central Coast Mariners,34916954,MATCH_ODDS,250059171,Match Odds,58805,The Draw,LOSER,0,5,Western Sydney Wanderers,Central Coast Mariners,1,3,2,4.7,4.8,1892.79,2025-11-22 06:54:19.000 Z,6.4,6.6,3624.97,5746.51
2025-11-22 00:00:00.000 Z,Australian Soccer/Australian A-League Men/Fixtures 22 Nov/Western Sydney Wanderers v Central Coast Mariners,34916954,MATCH_ODDS,250059171,Match Odds,6480414,Western Sydney Wanderers,WINNER,1,5,Western Sydney Wanderers,Central Coast Mariners,1,3,2,1.59,1.6,20401.73,2025-11-22 06:54:19.000 Z,1.26,1.27,49343.32,151941.2
2025-11-22 00:00:00.000 Z,Australian Soccer/Australian A-League Men/Fixtures 22 Nov/Wellington Phoenix v Macarthur FC,34916974,MATCH_ODDS,250059066,Match Odds,36700739,Macarthur FC,WINNER,1,1,Wellington Phoenix,Macarthur FC,-1,0,1,2.64,2.72,8523.28,2025-11-22 04:47:14.000 Z,2.96,3,12398.22,57234.08
2025-11-22 00:00:00.000 Z,Australian Soccer/Australian A-League Men/Fixtures 22 Nov/Wellington Phoenix v Macarthur FC,34916974,MATCH_ODDS,250059066,Match Odds,58805,The Draw,LOSER,0,1,Wellington Phoenix,Macarthur FC,-1,0,1,3.75,3.8,3107.85,2025-11-22 04:47:14.000 Z,2.62,2.66,5923.11,16030.34
2025-11-22 00:00:00.000 Z,Australian Soccer/Australian A-League Men/Fixtures 22 Nov/Wellington Phoenix v Macarthur FC,34916974,MATCH_ODDS,250059066,Match Odds,2469649,Wellington Phoenix,LOSER,0,1,Wellington Phoenix,Macarthur FC,-1,0,1,2.72,2.76,7780.42,2025-11-22 04:47:14.000 Z,3.45,3.55,13048.55,22537.68
2025-11-23 00:00:00.000 Z,Australian Soccer/Australian A-League Men/Fixtures 23 Nov/Newcastle Jets v Perth Glory,34916891,MATCH_ODDS,250059416,Match Odds,1205125,Newcastle Jets,LOSER,0,3,Newcastle Jets,Perth Glory,-1,1,2,1.96,1.99,18773.81,2025-11-23 06:48:43.000 Z,2.18,2.16,27892.23,38371.1
2025-11-23 00:00:00.000 Z,Australian Soccer/Australian A-League Men/Fixtures 23 Nov/Newcastle Jets v Perth Glory,34916891,MATCH_ODDS,250059416,Match Odds,370132,Perth Glory,WINNER,1,3,Newcastle Jets,Perth Glory,-1,1,2,3.6,3.65,3093.32,2025-11-23 06:48:43.000 Z,4.1,4.3,4931.68,65146.72
2025-11-23 00:00:00.000 Z,Australian Soccer/Australian A-League Men/Fixtures 23 Nov/Newcastle Jets v Perth Glory,34916891,MATCH_ODDS,250059416,Match Odds,58805,The Draw,LOSER,0,3,Newcastle Jets,Perth Glory,-1,1,2,4.5,4.6,4194.4,2025-11-23 06:48:43.000 Z,3.3,3.4,5000.1,21394.07
2025-11-23 00:00:00.000 Z,Australian Soccer/Australian A-League Men/Fixtures 23 Nov/Auckland FC v Brisbane Roar,34916920,MATCH_ODDS,250059284,Match Odds,47625959,Auckland FC,LOSER,0,2,Auckland FC,Brisbane Roar,-0,1,1,1.7,1.71,3641.94,2025-11-23 02:50:42.000 Z,2.44,2.4,32009.97,44711.59
2025-11-23 00:00:00.000 Z,Australian Soccer/Australian A-League Men/Fixtures 23 Nov/Auckland FC v Brisbane Roar,34916920,MATCH_ODDS,250059284,Match Odds,3862627,Brisbane Roar,LOSER,0,2,Auckland FC,Brisbane Roar,-0,1,1,6,6.2,5859.88,2025-11-23 02:50:42.000 Z,4.6,4.4,10593.53,16616.39
2025-11-23 00:00:00.000 Z,Australian Soccer/Australian A-League Men/Fixtures 23 Nov/Auckland FC v Brisbane Roar,34916920,MATCH_ODDS,250059284,Match Odds,58805,The Draw,WINNER,1,2,Auckland FC,Brisbane Roar,-0,1,1,4,4.1,1697.15,2025-11-23 02:50:42.000 Z,2.72,2.8,6452.02,21153.99
2025-11-28 00:00:00.000 Z,Australian Soccer/Australian A-League Men/Fixtures 28 Nov/Brisbane Roar v Melbourne Victory,34942605,MATCH_ODDS,250507717,Match Odds,3862627,Brisbane Roar,WINNER,1,1,Brisbane Roar,Melbourne Victory,1,1,0,2.48,2.5,16696.05,2025-11-28 09:24:01.000 Z,1.51,1.52,60160.38,149598.78
2025-11-28 00:00:00.000 Z,Australian Soccer/Australian A-League Men/Fixtures 28 Nov/Brisbane Roar v Melbourne Victory,34942605,MATCH_ODDS,250507717,Match Odds,1205124,Melbourne Victory,LOSER,0,1,Brisbane Roar,Melbourne Victory,1,1,0,3.05,3.1,5949.9,2025-11-28 09:24:01.000 Z,9.8,10,11039.12,15632.76
2025-11-28 00:00:00.000 Z,Australian Soccer/Australian A-League Men/Fixtures 28 Nov/Brisbane Roar v Melbourne Victory,34942605,MATCH_ODDS,250507717,Match Odds,58805,The Draw,LOSER,0,1,Brisbane Roar,Melbourne Victory,1,1,0,3.65,3.75,6004.37,2025-11-28 09:24:01.000 Z,4.2,4.1,9257.45,12203.96
2025-11-29 00:00:00.000 Z,Australian Soccer/Australian A-League Men/Fixtures 29 Nov/Western Sydney Wanderers v Sydney FC,34942590,MATCH_ODDS,250507192,Match Odds,1205121,Sydney FC,LOSER,0,1,Western Sydney Wanderers,Sydney FC,1,1,0,2.38,2.4,26048.27,2025-11-29 09:31:10.000 Z,3.25,3.35,45025.68,53650.36
2025-11-29 00:00:00.000 Z,Australian Soccer/Australian A-League Men/Fixtures 29 Nov/Western Sydney Wanderers v Sydney FC,34942590,MATCH_ODDS,250507192,Match Odds,58805,The Draw,LOSER,0,1,Western Sydney Wanderers,Sydney FC,1,1,0,3.85,3.9,8416.92,2025-11-29 09:31:10.000 Z,2.72,2.7,35533.16,104715.78
2025-11-29 00:00:00.000 Z,Australian Soccer/Australian A-League Men/Fixtures 29 Nov/Western Sydney Wanderers v Sydney FC,34942590,MATCH_ODDS,250507192,Match Odds,6480414,Western Sydney Wanderers,WINNER,1,1,Western Sydney Wanderers,Sydney FC,1,1,0,3.1,3.15,5003.93,2025-11-29 09:31:10.000 Z,3,3.05,20731.96,165190.48
2025-11-29 00:00:00.000 Z,Australian Soccer/Australian A-League Men/Fixtures 29 Nov/Wellington Phoenix v Adelaide United,34942615,MATCH_ODDS,250507297,Match Odds,571273,Adelaide United,LOSER,0,3,Wellington Phoenix,Adelaide United,1,2,1,2.18,2.2,14177.13,2025-11-29 04:47:50.000 Z,7.8,8.2,17649.71,18696.23
2025-11-29 00:00:00.000 Z,Australian Soccer/Australian A-League Men/Fixtures 29 Nov/Wellington Phoenix v Adelaide United,34942615,MATCH_ODDS,250507297,Match Odds,58805,The Draw,LOSER,0,3,Wellington Phoenix,Adelaide United,1,2,1,3.95,4,2503.44,2025-11-29 04:47:50.000 Z,3.85,3.95,3873.58,10795.4
2025-11-29 00:00:00.000 Z,Australian Soccer/Australian A-League Men/Fixtures 29 Nov/Wellington Phoenix v Adelaide United,34942615,MATCH_ODDS,250507297,Match Odds,2469649,Wellington Phoenix,WINNER,1,3,Wellington Phoenix,Adelaide United,1,2,1,3.4,3.5,2063.86,2025-11-29 04:47:50.000 Z,1.62,1.62,10380.03,54446.6
2025-11-29 00:00:00.000 Z,Australian Soccer/Australian A-League Men/Fixtures 29 Nov/Central Coast Mariners v Melbourne City,34942621,MATCH_ODDS,250507402,Match Odds,1205126,Central Coast Mariners,LOSER,0,0,Central Coast Mariners,Melbourne City,-0,0,0,5,5.1,5383.1,2025-11-29 06:47:02.000 Z,5.2,5,8853.77,18949.54
2025-11-29 00:00:00.000 Z,Australian Soccer/Australian A-League Men/Fixtures 29 Nov/Central Coast Mariners v Melbourne City,34942621,MATCH_ODDS,250507402,Match Odds,8586946,Melbourne City,LOSER,0,0,Central Coast Mariners,Melbourne City,-0,0,0,1.81,1.82,16218.06,2025-11-29 06:47:02.000 Z,2.3,2.34,31361.21,47811.75
2025-11-29 00:00:00.000 Z,Australian Soccer/Australian A-League Men/Fixtures 29 Nov/Central Coast Mariners v Melbourne City,34942621,MATCH_ODDS,250507402,Match Odds,58805,The Draw,WINNER,1,0,Central Coast Mariners,Melbourne City,-0,0,0,4,4.1,1686.61,2025-11-29 06:47:02.000 Z,2.68,2.68,5314.78,101307.83
2025-11-30 00:00:00.000 Z,Australian Soccer/Australian A-League Men/Fixtures 30 Nov/Macarthur FC v Perth Glory,34942600,MATCH_ODDS,250507507,Match Odds,36700739,Macarthur FC,LOSER,0,2,Macarthur FC,Perth Glory,-2,0,2,2,2.02,18542.05,2025-11-30 07:46:44.000 Z,2.54,2.56,51394.81,69387.85
2025-11-30 00:00:00.000 Z,Australian Soccer/Australian A-League Men/Fixtures 30 Nov/Macarthur FC v Perth Glory,34942600,MATCH_ODDS,250507507,Match Odds,370132,Perth Glory,WINNER,1,2,Macarthur FC,Perth Glory,-2,0,2,3.85,3.9,3396.69,2025-11-30 07:46:44.000 Z,3.95,4,11676,79577.42
2025-11-30 00:00:00.000 Z,Australian Soccer/Australian A-League Men/Fixtures 30 Nov/Macarthur FC v Perth Glory,34942600,MATCH_ODDS,250507507,Match Odds,58805,The Draw,LOSER,0,2,Macarthur FC,Perth Glory,-2,0,2,4.1,4.2,1932.3,2025-11-30 07:46:44.000 Z,2.8,2.8,5117.2,105362.42
2025-11-30 00:00:00.000 Z,Australian Soccer/Australian A-League Men/Fixtures 30 Nov/Auckland FC v Newcastle Jets,34942628,MATCH_ODDS,250507612,Match Odds,47625959,Auckland FC,LOSER,0,3,Auckland FC,Newcastle Jets,-1,1,2,1.68,1.69,18573.74,2025-11-30 02:46:29.000 Z,3.9,3.9,45837.23,54495.36
2025-11-30 00:00:00.000 Z,Australian Soccer/Australian A-League Men/Fixtures 30 Nov/Auckland FC v Newcastle Jets,34942628,MATCH_ODDS,250507612,Match Odds,1205125,Newcastle Jets,WINNER,1,3,Auckland FC,Newcastle Jets,-1,1,2,5.1,5.3,4479.75,2025-11-30 02:46:29.000 Z,2.24,2.28,18990.67,86993.92
2025-11-30 00:00:00.000 Z,Australian Soccer/Australian A-League Men/Fixtures 30 Nov/Auckland FC v Newcastle Jets,34942628,MATCH_ODDS,250507612,Match Odds,58805,The Draw,LOSER,0,3,Auckland FC,Newcastle Jets,-1,1,2,4.6,4.7,5050.89,2025-11-30 02:46:29.000 Z,3.35,3.45,6792.1,11876.31
2025-12-05 00:00:00.000 Z,Australian Soccer/Australian A-League Men/Fixtures 5 Dec/Macarthur FC v Melbourne Victory,34991433,MATCH_ODDS,250956042,Match Odds,36700739,Macarthur FC,LOSER,0,0,Macarthur FC,Melbourne Victory,-0,0,0,2.72,2.74,9594.29,2025-12-05 09:25:59.000 Z,3.55,3.65,16692.41,41717.95
2025-12-05 00:00:00.000 Z,Australian Soccer/Australian A-League Men/Fixtures 5 Dec/Macarthur FC v Melbourne Victory,34991433,MATCH_ODDS,250956042,Match Odds,1205124,Melbourne Victory,LOSER,0,0,Macarthur FC,Melbourne Victory,-0,0,0,2.64,2.66,7507.83,2025-12-05 09:25:59.000 Z,2.8,2.78,12930.42,39466.78
2025-12-05 00:00:00.000 Z,Australian Soccer/Australian A-League Men/Fixtures 5 Dec/Macarthur FC v Melbourne Victory,34991433,MATCH_ODDS,250956042,Match Odds,58805,The Draw,WINNER,1,0,Macarthur FC,Melbourne Victory,-0,0,0,3.9,3.95,5387.06,2025-12-05 09:25:59.000 Z,2.78,2.8,7252.33,186061.96
2025-12-05 00:00:00.000 Z,Australian Soccer/Australian A-League Men/Fixtures 5 Dec/Perth Glory v Western Sydney Wanderers,34991437,MATCH_ODDS,250956147,Match Odds,370132,Perth Glory,WINNER,1,1,Perth Glory,Western Sydney Wanderers,1,1,0,3.05,3.1,5854.67,2025-12-05 11:36:41.000 Z,1.01,19,5857.18,5857.18
2025-12-05 00:00:00.000 Z,Australian Soccer/Australian A-League Men/Fixtures 5 Dec/Perth Glory v Western Sydney Wanderers,34991437,MATCH_ODDS,250956147,Match Odds,58805,The Draw,LOSER,0,1,Perth Glory,Western Sydney Wanderers,1,1,0,3.85,3.9,5618.76,2025-12-05 11:36:41.000 Z,1.43,8.2,5695.74,5695.74
2025-12-05 00:00:00.000 Z,Australian Soccer/Australian A-League Men/Fixtures 5 Dec/Perth Glory v Western Sydney Wanderers,34991437,MATCH_ODDS,250956147,Match Odds,6480414,Western Sydney Wanderers,LOSER,0,1,Perth Glory,Western Sydney Wanderers,1,1,0,2.38,2.44,9435.3,2025-12-05 11:36:41.000 Z,1.2,11.5,9578.67,9578.67
2025-12-06 00:00:00.000 Z,Australian Soccer/Australian A-League Men/Fixtures 6 Dec/Auckland FC v Wellington Phoenix,34991443,MATCH_ODDS,250956252,Match Odds,47625959,Auckland FC,WINNER,1,4,Auckland FC,Wellington Phoenix,2,3,1,1.66,1.68,13436.8,2025-12-06 04:49:41.000 Z,1.28,1.28,26956.86,151694.89
2025-12-06 00:00:00.000 Z,Australian Soccer/Australian A-League Men/Fixtures 6 Dec/Auckland FC v Wellington Phoenix,34991443,MATCH_ODDS,250956252,Match Odds,58805,The Draw,LOSER,0,4,Auckland FC,Wellington Phoenix,2,3,1,4.3,4.5,2655.43,2025-12-06 04:49:41.000 Z,6,6.2,4242.17,7291.87
2025-12-06 00:00:00.000 Z,Australian Soccer/Australian A-League Men/Fixtures 6 Dec/Auckland FC v Wellington Phoenix,34991443,MATCH_ODDS,250956252,Match Odds,2469649,Wellington Phoenix,LOSER,0,4,Auckland FC,Wellington Phoenix,2,3,1,5.6,5.8,2100.39,2025-12-06 04:49:41.000 Z,22,22,3202.86,3787.7
2025-12-06 00:00:00.000 Z,Australian Soccer/Australian A-League Men/Fixtures 6 Dec/Central Coast Mariners v Sydney FC,34991464,MATCH_ODDS,250956357,Match Odds,1205126,Central Coast Mariners,LOSER,0,3,Central Coast Mariners,Sydney FC,-1,1,2,5,5.2,3073.68,2025-12-06 10:17:52.000 Z,4.9,4.9,16833.39,22778.71
2025-12-06 00:00:00.000 Z,Australian Soccer/Australian A-League Men/Fixtures 6 Dec/Central Coast Mariners v Sydney FC,34991464,MATCH_ODDS,250956357,Match Odds,1205121,Sydney FC,WINNER,1,3,Central Coast Mariners,Sydney FC,-1,1,2,1.71,1.72,16546.51,2025-12-06 10:17:52.000 Z,2.12,2.12,42480.37,113313.45
2025-12-06 00:00:00.000 Z,Australian Soccer/Australian A-League Men/Fixtures 6 Dec/Central Coast Mariners v Sydney FC,34991464,MATCH_ODDS,250956357,Match Odds,58805,The Draw,LOSER,0,3,Central Coast Mariners,Sydney FC,-1,1,2,4.5,4.6,4475.28,2025-12-06 10:17:52.000 Z,3.1,3.1,9516.63,19111.1
2025-12-06 00:00:00.000 Z,Australian Soccer/Australian A-League Men/Fixtures 6 Dec/Newcastle Jets v Melbourne City,34991477,MATCH_ODDS,250956462,Match Odds,8586946,Melbourne City,WINNER,1,1,Newcastle Jets,Melbourne City,-1,0,1,2.12,2.16,12146.23,2025-12-06 06:49:54.000 Z,1.55,1.56,33252.68,116498.27
2025-12-06 00:00:00.000 Z,Australian Soccer/Australian A-League Men/Fixtures 6 Dec/Newcastle Jets v Melbourne City,34991477,MATCH_ODDS,250956462,Match Odds,1205125,Newcastle Jets,LOSER,0,1,Newcastle Jets,Melbourne City,-1,0,1,3.4,3.5,16718.1,2025-12-06 06:49:54.000 Z,8,8,26519.14,31133.78
2025-12-06 00:00:00.000 Z,Australian Soccer/Australian A-League Men/Fixtures 6 Dec/Newcastle Jets v Melbourne City,34991477,MATCH_ODDS,250956462,Match Odds,58805,The Draw,LOSER,0,1,Newcastle Jets,Melbourne City,-1,0,1,4.1,4.2,4115.88,2025-12-06 06:49:54.000 Z,4.3,4.4,49617.37,60852.89
2025-12-07 00:00:00.000 Z,Australian Soccer/Australian A-League Men/Fixtures 7 Dec/Adelaide United v Brisbane Roar,34991445,MATCH_ODDS,250956567,Match Odds,571273,Adelaide United,LOSER,0,1,Adelaide United,Brisbane Roar,-1,0,1,1.98,1.99,9624.04,2025-12-07 09:33:18.000 Z,2.5,2.32,36750.3,49589.27
2025-12-07 00:00:00.000 Z,Australian Soccer/Australian A-League Men/Fixtures 7 Dec/Adelaide United v Brisbane Roar,34991445,MATCH_ODDS,250956567,Match Odds,3862627,Brisbane Roar,WINNER,1,1,Adelaide United,Brisbane Roar,-1,0,1,4,4.2,5180.14,2025-12-07 09:33:18.000 Z,4.6,3.95,13150.91,87721.39
2025-12-07 00:00:00.000 Z,Australian Soccer/Australian A-League Men/Fixtures 7 Dec/Adelaide United v Brisbane Roar,34991445,MATCH_ODDS,250956567,Match Odds,58805,The Draw,LOSER,0,1,Adelaide United,Brisbane Roar,-1,0,1,4,4.1,3995.8,2025-12-07 09:33:18.000 Z,2.92,2.78,9043.53,60489.91
2025-12-12 00:00:00.000 Z,Australian Soccer/Australian A-League Men/Fixtures 12 Dec/Central Coast Mariners v Auckland FC,35046510,MATCH_ODDS,251538672,Match Odds,47625959,Auckland FC,WINNER,1,3,Central Coast Mariners,Auckland FC,-1,1,2,1.88,1.89,18439.36,2025-12-12 09:23:20.000 Z,2.16,2.18,90365.54,198334.49
2025-12-12 00:00:00.000 Z,Australian Soccer/Australian A-League Men/Fixtures 12 Dec/Central Coast Mariners v Auckland FC,35046510,MATCH_ODDS,251538672,Match Odds,1205126,Central Coast Mariners,LOSER,0,3,Central Coast Mariners,Auckland FC,-1,1,2,4.5,4.6,4646.61,2025-12-12 09:23:20.000 Z,5.4,5.4,39409.08,43105.08
2025-12-12 00:00:00.000 Z,Australian Soccer/Australian A-League Men/Fixtures 12 Dec/Central Coast Mariners v Auckland FC,35046510,MATCH_ODDS,251538672,Match Odds,58805,The Draw,LOSER,0,3,Central Coast Mariners,Auckland FC,-1,1,2,4,4.1,4323.99,2025-12-12 09:23:20.000 Z,2.8,2.8,11577.85,23399.4
2025-12-13 00:00:00.000 Z,Australian Soccer/Australian A-League Men/Fixtures 13 Dec/Western Sydney Wanderers v Brisbane Roar,35045300,MATCH_ODDS,251538987,Match Odds,3862627,Brisbane Roar,LOSER,0,0,Western Sydney Wanderers,Brisbane Roar,-0,0,0,3.45,3.5,14996.21,2025-12-13 06:46:54.000 Z,4.4,4.3,22555.04,37133.86
2025-12-13 00:00:00.000 Z,Australian Soccer/Australian A-League Men/Fixtures 13 Dec/Western Sydney Wanderers v Brisbane Roar,35045300,MATCH_ODDS,251538987,Match Odds,58805,The Draw,WINNER,1,0,Western Sydney Wanderers,Brisbane Roar,-0,0,0,3.75,3.8,7689.36,2025-12-13 06:46:54.000 Z,2.74,2.72,43561.52,244307.98
2025-12-13 00:00:00.000 Z,Australian Soccer/Australian A-League Men/Fixtures 13 Dec/Western Sydney Wanderers v Brisbane Roar,35045300,MATCH_ODDS,251538987,Match Odds,6480414,Western Sydney Wanderers,LOSER,0,0,Western Sydney Wanderers,Brisbane Roar,-0,0,0,2.22,2.24,20645.54,2025-12-13 06:46:54.000 Z,2.46,2.44,78712.44,100696.28
2025-12-13 00:00:00.000 Z,Australian Soccer/Australian A-League Men/Fixtures 13 Dec/Melbourne Victory v Adelaide United,35046515,MATCH_ODDS,251538777,Match Odds,571273,Adelaide United,LOSER,0,3,Melbourne Victory,Adelaide United,1,2,1,2.92,2.96,7058.69,2025-12-13 09:28:41.000 Z,9.8,9.2,15306.47,16695.35
2025-12-13 00:00:00.000 Z,Australian Soccer/Australian A-League Men/Fixtures 13 Dec/Melbourne Victory v Adelaide United,35046515,MATCH_ODDS,251538777,Match Odds,1205124,Melbourne Victory,WINNER,1,3,Melbourne Victory,Adelaide United,1,2,1,2.38,2.4,7516.79,2025-12-13 09:28:41.000 Z,1.46,1.46,37927.1,159170.29
2025-12-13 00:00:00.000 Z,Australian Soccer/Australian A-League Men/Fixtures 13 Dec/Melbourne Victory v Adelaide United,35046515,MATCH_ODDS,251538777,Match Odds,58805,The Draw,LOSER,0,3,Melbourne Victory,Adelaide United,1,2,1,4.1,4.2,4012.46,2025-12-13 09:28:41.000 Z,4.7,4.9,6623.74,8721.06
2025-12-13 00:00:00.000 Z,Australian Soccer/Australian A-League Men/Fixtures 13 Dec/Perth Glory v Sydney FC,35046519,MATCH_ODDS,251538882,Match Odds,370132,Perth Glory,LOSER,0,1,Perth Glory,Sydney FC,-1,0,1,2.96,3,15517.69,2025-12-13 11:35:30.000 Z,10.5,11,23914.06,26699.38
2025-12-13 00:00:00.000 Z,Australian Soccer/Australian A-League Men/Fixtures 13 Dec/Perth Glory v Sydney FC,35046519,MATCH_ODDS,251538882,Match Odds,1205121,Sydney FC,WINNER,1,1,Perth Glory,Sydney FC,-1,0,1,2.44,2.48,13492.42,2025-12-13 11:35:30.000 Z,1.48,1.48,58014.31,290650.67
2025-12-13 00:00:00.000 Z,Australian Soccer/Australian A-League Men/Fixtures 13 Dec/Perth Glory v Sydney FC,35046519,MATCH_ODDS,251538882,Match Odds,58805,The Draw,LOSER,0,1,Perth Glory,Sydney FC,-1,0,1,3.8,3.85,6112.01,2025-12-13 11:35:30.000 Z,4.4,4.5,10963.72,16302.82
2025-12-14 00:00:00.000 Z,Australian Soccer/Australian A-League Men/Fixtures 14 Dec/Wellington Phoenix v Newcastle Jets,35045522,MATCH_ODDS,251539092,Match Odds,1205125,Newcastle Jets,WINNER,1,4,Wellington Phoenix,Newcastle Jets,-2,1,3,2.24,2.28,9219.08,2025-12-14 02:49:01.000 Z,2.52,2.52,21472.11,79728.89
2025-12-14 00:00:00.000 Z,Australian Soccer/Australian A-League Men/Fixtures 14 Dec/Wellington Phoenix v Newcastle Jets,35045522,MATCH_ODDS,251539092,Match Odds,58805,The Draw,LOSER,0,4,Wellington Phoenix,Newcastle Jets,-2,1,3,4.2,4.4,3220.17,2025-12-14 02:49:01.000 Z,3.35,3.4,5094.18,7702.45
2025-12-14 00:00:00.000 Z,Australian Soccer/Australian A-League Men/Fixtures 14 Dec/Wellington Phoenix v Newcastle Jets,35045522,MATCH_ODDS,251539092,Match Odds,2469649,Wellington Phoenix,LOSER,0,4,Wellington Phoenix,Newcastle Jets,-2,1,3,3.1,3.15,9367.97,2025-12-14 02:49:01.000 Z,3.2,3.2,33716.17,36967.3
2025-12-19 00:00:00.000 Z,Australian Soccer/Australian A-League Men/Fixtures 19 Dec/Western Sydney Wanderers v Auckland FC,35045453,MATCH_ODDS,251539197,Match Odds,47625959,Auckland FC,WINNER,1,2,Western Sydney Wanderers,Auckland FC,-2,0,2,2.82,2.86,8725.41,2025-12-19 09:53:13.000 Z,3.4,3.55,15973.47,92911.94
2025-12-19 00:00:00.000 Z,Australian Soccer/Australian A-League Men/Fixtures 19 Dec/Western Sydney Wanderers v Auckland FC,35045453,MATCH_ODDS,251539197,Match Odds,58805,The Draw,LOSER,0,2,Western Sydney Wanderers,Auckland FC,-2,0,2,3.7,3.75,4260.51,2025-12-19 09:53:13.000 Z,2.78,2.78,7929.06,15404.35
2025-12-19 00:00:00.000 Z,Australian Soccer/Australian A-League Men/Fixtures 19 Dec/Western Sydney Wanderers v Auckland FC,35045453,MATCH_ODDS,251539197,Match Odds,6480414,Western Sydney Wanderers,LOSER,0,2,Western Sydney Wanderers,Auckland FC,-2,0,2,2.62,2.64,6651.48,2025-12-19 09:53:13.000 Z,2.8,2.8,18925.3,25620.51
2025-12-19 00:00:00.000 Z,Australian Soccer/Australian A-League Men/Fixtures 19 Dec/Macarthur FC v Brisbane Roar,35052679,MATCH_ODDS,251637877,Match Odds,3862627,Brisbane Roar,LOSER,0,3,Macarthur FC,Brisbane Roar,1,2,1,2.74,2.78,4829.34,2025-12-19 08:55:25.000 Z,2.86,2.92,26770.16,45911.37
2025-12-19 00:00:00.000 Z,Australian Soccer/Australian A-League Men/Fixtures 19 Dec/Macarthur FC v Brisbane Roar,35052679,MATCH_ODDS,251637877,Match Odds,36700739,Macarthur FC,WINNER,1,3,Macarthur FC,Brisbane Roar,1,2,1,2.78,2.82,4740.98,2025-12-19 08:55:25.000 Z,3.75,3.8,11809.13,71857.82
2025-12-19 00:00:00.000 Z,Australian Soccer/Australian A-League Men/Fixtures 19 Dec/Macarthur FC v Brisbane Roar,35052679,MATCH_ODDS,251637877,Match Odds,58805,The Draw,LOSER,0,3,Macarthur FC,Brisbane Roar,1,2,1,3.55,3.6,4200.08,2025-12-19 08:55:25.000 Z,2.6,2.64,9993.5,22445.74
2025-12-20 00:00:00.000 Z,Australian Soccer/Australian A-League Men/Fixtures 20 Dec/Melbourne City v Melbourne Victory,35055826,MATCH_ODDS,251637982,Match Odds,8586946,Melbourne City,LOSER,0,1,Melbourne City,Melbourne Victory,-1,0,1,2.24,2.26,18433.22,2025-12-20 09:29:45.000 Z,2.66,2.56,43973.22,58958.9
2025-12-20 00:00:00.000 Z,Australian Soccer/Australian A-League Men/Fixtures 20 Dec/Melbourne City v Melbourne Victory,35055826,MATCH_ODDS,251637982,Match Odds,1205124,Melbourne Victory,WINNER,1,1,Melbourne City,Melbourne Victory,-1,0,1,3.55,3.6,18792.63,2025-12-20 09:29:45.000 Z,4,4.1,28734.53,85524.43
2025-12-20 00:00:00.000 Z,Australian Soccer/Australian A-League Men/Fixtures 20 Dec/Melbourne City v Melbourne Victory,35055826,MATCH_ODDS,251637982,Match Odds,58805,The Draw,LOSER,0,1,Melbourne City,Melbourne Victory,-1,0,1,3.65,3.7,5050.14,2025-12-20 09:29:45.000 Z,2.76,2.72,11929.69,54387.1
2025-12-20 00:00:00.000 Z,Australian Soccer/Australian A-League Men/Fixtures 20 Dec/Newcastle Jets v Sydney FC,35055883,MATCH_ODDS,251638087,Match Odds,1205125,Newcastle Jets,WINNER,1,2,Newcastle Jets,Sydney FC,2,2,0,2.84,2.9,8276.69,2025-12-20 06:48:02.000 Z,2.76,2.78,28852.31,117999.65
2025-12-20 00:00:00.000 Z,Australian Soccer/Australian A-League Men/Fixtures 20 Dec/Newcastle Jets v Sydney FC,35055883,MATCH_ODDS,251638087,Match Odds,1205121,Sydney FC,LOSER,0,2,Newcastle Jets,Sydney FC,2,2,0,2.32,2.36,15305.34,2025-12-20 06:48:02.000 Z,2.9,2.92,23880.87,34591.32
2025-12-20 00:00:00.000 Z,Australian Soccer/Australian A-League Men/Fixtures 20 Dec/Newcastle Jets v Sydney FC,35055883,MATCH_ODDS,251638087,Match Odds,58805,The Draw,LOSER,0,2,Newcastle Jets,Sydney FC,2,2,0,4.4,4.6,3613.37,2025-12-20 06:48:02.000 Z,3.35,3.45,6611.8,13407.63
2025-12-20 00:00:00.000 Z,Australian Soccer/Australian A-League Men/Fixtures 20 Dec/Perth Glory v Adelaide United,35056289,MATCH_ODDS,251716861,Match Odds,571273,Adelaide United,WINNER,1,1,Perth Glory,Adelaide United,-1,0,1,2.62,2.64,18323.22,2025-12-20 11:34:01.000 Z,1.62,1.63,81784.76,185661.06
2025-12-20 00:00:00.000 Z,Australian Soccer/Australian A-League Men/Fixtures 20 Dec/Perth Glory v Adelaide United,35056289,MATCH_ODDS,251716861,Match Odds,370132,Perth Glory,LOSER,0,1,Perth Glory,Adelaide United,-1,0,1,2.72,2.76,13911.5,2025-12-20 11:34:01.000 Z,7,7.2,21856.56,26787.86
2025-12-20 00:00:00.000 Z,Australian Soccer/Australian A-League Men/Fixtures 20 Dec/Perth Glory v Adelaide United,35056289,MATCH_ODDS,251716861,Match Odds,58805,The Draw,LOSER,0,1,Perth Glory,Adelaide United,-1,0,1,3.9,3.95,5334.39,2025-12-20 11:34:01.000 Z,4,4.2,10021.25,18834.58
2025-12-21 00:00:00.000 Z,Australian Soccer/Australian A-League Men/Fixtures 21 Dec/Wellington Phoenix v Central Coast Mariners,35045451,MATCH_ODDS,251539598,Match Odds,1205126,Central Coast Mariners,LOSER,0,4,Wellington Phoenix,Central Coast Mariners,2,3,1,3.65,3.7,1926.73,2025-12-21 02:53:35.000 Z,4,3.9,5988.27,6590.27
2025-12-21 00:00:00.000 Z,Australian Soccer/Australian A-League Men/Fixtures 21 Dec/Wellington Phoenix v Central Coast Mariners,35045451,MATCH_ODDS,251539598,Match Odds,58805,The Draw,LOSER,0,4,Wellington Phoenix,Central Coast Mariners,2,3,1,3.6,3.75,2671.11,2025-12-21 02:53:35.000 Z,2.6,2.82,4212.06,5168.16
2025-12-21 00:00:00.000 Z,Australian Soccer/Australian A-League Men/Fixtures 21 Dec/Wellington Phoenix v Central Coast Mariners,35045451,MATCH_ODDS,251539598,Match Odds,2469649,Wellington Phoenix,WINNER,1,4,Wellington Phoenix,Central Coast Mariners,2,3,1,2.18,2.22,7425.39,2025-12-21 02:53:35.000 Z,2.62,2.8,29669.24,65308
2025-12-23 00:00:00.000 Z,Australian Soccer/Australian A-League Men/Fixtures 23 Dec/Melbourne City v Macarthur FC,35065490,MATCH_ODDS,251805694,Match Odds,36700739,Macarthur FC,LOSER,0,2,Melbourne City,Macarthur FC,-0,1,1,6.6,6.8,5626.77,2025-12-23 09:02:40.000 Z,5.8,5.9,21153.67,30284.69
2025-12-23 00:00:00.000 Z,Australian Soccer/Australian A-League Men/Fixtures 23 Dec/Melbourne City v Macarthur FC,35065490,MATCH_ODDS,251805694,Match Odds,8586946,Melbourne City,LOSER,0,2,Melbourne City,Macarthur FC,-0,1,1,1.55,1.56,30246.24,2025-12-23 09:02:40.000 Z,1.99,2,84497.44,121347.23
2025-12-23 00:00:00.000 Z,Australian Soccer/Australian A-League Men/Fixtures 23 Dec/Melbourne City v Macarthur FC,35065490,MATCH_ODDS,251805694,Match Odds,58805,The Draw,WINNER,1,2,Melbourne City,Macarthur FC,-0,1,1,4.9,5,8781.97,2025-12-23 09:02:40.000 Z,3.05,3.1,14057.32,54533.34
2025-12-26 00:00:00.000 Z,Australian Soccer/Australian A-League Men/Fixtures 26 Dec/Newcastle Jets v Macarthur FC,35067311,MATCH_ODDS,251805799,Match Odds,36700739,Macarthur FC,WINNER,1,,Newcastle Jets,Macarthur FC,-1,,,4,4.1,4470.36,2025-12-26 09:24:18.000 Z,1.99,1.97,47017.48,284719.36
2025-12-26 00:00:00.000 Z,Australian Soccer/Australian A-League Men/Fixtures 26 Dec/Newcastle Jets v Macarthur FC,35067311,MATCH_ODDS,251805799,Match Odds,1205125,Newcastle Jets,LOSER,0,,Newcastle Jets,Macarthur FC,-1,,,1.87,1.89,21240.95,2025-12-26 09:24:18.000 Z,4.5,4.5,58754.58,82454.38
2025-12-26 00:00:00.000 Z,Australian Soccer/Australian A-League Men/Fixtures 26 Dec/Newcastle Jets v Macarthur FC,35067311,MATCH_ODDS,251805799,Match Odds,58805,The Draw,LOSER,0,,Newcastle Jets,Macarthur FC,-1,,,4.5,4.6,4032.12,2025-12-26 09:24:18.000 Z,3.65,3.7,9542.05,79951.52
2025-12-27 00:00:00.000 Z,Australian Soccer/Australian A-League Men/Fixtures 27 Dec/Adelaide United v Western Sydney Wanderers,35067277,MATCH_ODDS,251805904,Match Odds,571273,Adelaide United,WINNER,1,5,Adelaide United,Western Sydney Wanderers,1,3,2,2.84,2.86,16927,2025-12-27 09:27:46.000 Z,1.84,1.84,64839.49,180965.17
2025-12-27 00:00:00.000 Z,Australian Soccer/Australian A-League Men/Fixtures 27 Dec/Adelaide United v Western Sydney Wanderers,35067277,MATCH_ODDS,251805904,Match Odds,58805,The Draw,LOSER,0,5,Adelaide United,Western Sydney Wanderers,1,3,2,3.9,3.95,4994.94,2025-12-27 09:27:46.000 Z,3.8,3.8,11883.7,61577.03
2025-12-27 00:00:00.000 Z,Australian Soccer/Australian A-League Men/Fixtures 27 Dec/Adelaide United v Western Sydney Wanderers,35067277,MATCH_ODDS,251805904,Match Odds,6480414,Western Sydney Wanderers,LOSER,0,5,Adelaide United,Western Sydney Wanderers,1,3,2,2.54,2.56,9894.09,2025-12-27 09:27:46.000 Z,5.1,5.3,63295.02,85428.46
2025-12-28 00:00:00.000 Z,Australian Soccer/Australian A-League Men/Fixtures 28 Dec/Melbourne City v Perth Glory,35078713,MATCH_ODDS,251962032,Match Odds,8586946,Melbourne City,LOSER,0,4,Melbourne City,Perth Glory,-2,1,3,1.69,1.7,29071.21,2025-12-28 08:47:57.000 Z,14.5,14.5,45915.32,48267.62
2025-12-28 00:00:00.000 Z,Australian Soccer/Australian A-League Men/Fixtures 28 Dec/Melbourne City v Perth Glory,35078713,MATCH_ODDS,251962032,Match Odds,370132,Perth Glory,WINNER,1,4,Melbourne City,Perth Glory,-2,1,3,5.7,5.9,5577,2025-12-28 08:47:57.000 Z,1.29,1.28,77189.24,246429.43
2025-12-28 00:00:00.000 Z,Australian Soccer/Australian A-League Men/Fixtures 28 Dec/Melbourne City v Perth Glory,35078713,MATCH_ODDS,251962032,Match Odds,58805,The Draw,LOSER,0,4,Melbourne City,Perth Glory,-2,1,3,4.1,4.3,6672.84,2025-12-28 08:47:57.000 Z,6.4,6.8,12816.8,17523.44
2025-12-29 00:00:00.000 Z,Australian Soccer/Australian A-League Men/Fixtures 29 Dec/Melbourne Victory v Wellington Phoenix,35092661,MATCH_ODDS,252095157,Match Odds,1205124,Melbourne Victory,WINNER,1,6,Melbourne Victory,Wellington Phoenix,4,5,1,1.53,1.54,19833.3,2025-12-29 08:51:26.000 Z,1.23,1.23,97107.54,134312.57
2025-12-29 00:00:00.000 Z,Australian Soccer/Australian A-League Men/Fixtures 29 Dec/Melbourne Victory v Wellington Phoenix,35092661,MATCH_ODDS,252095157,Match Odds,58805,The Draw,LOSER,0,6,Melbourne Victory,Wellington Phoenix,4,5,1,5.1,5.3,3298.93,2025-12-29 08:51:26.000 Z,7.2,7.4,8068.06,8790.88
2025-12-29 00:00:00.000 Z,Australian Soccer/Australian A-League Men/Fixtures 29 Dec/Melbourne Victory v Wellington Phoenix,35092661,MATCH_ODDS,252095157,Match Odds,2469649,Wellington Phoenix,LOSER,0,6,Melbourne Victory,Wellington Phoenix,4,5,1,6.4,6.6,6958.35,2025-12-29 08:51:26.000 Z,20,22,13704.43,14403.01
2025-12-31 00:00:00.000 Z,Australian Soccer/Australian A-League Men/Fixtures 31 Dec/Central Coast Mariners v Brisbane Roar,35078726,MATCH_ODDS,251962137,Match Odds,3862627,Brisbane Roar,WINNER,1,3,Central Coast Mariners,Brisbane Roar,-1,1,2,2.28,2.3,21844.19,2025-12-31 08:48:22.000 Z,2.6,2.62,86653.87,149315.33
2025-12-31 00:00:00.000 Z,Australian Soccer/Australian A-League Men/Fixtures 31 Dec/Central Coast Mariners v Brisbane Roar,35078726,MATCH_ODDS,251962137,Match Odds,1205126,Central Coast Mariners,LOSER,0,3,Central Coast Mariners,Brisbane Roar,-1,1,2,3.6,3.65,8615.96,2025-12-31 08:48:22.000 Z,4.3,4.4,17206.81,28830.12
2025-12-31 00:00:00.000 Z,Australian Soccer/Australian A-League Men/Fixtures 31 Dec/Central Coast Mariners v Brisbane Roar,35078726,MATCH_ODDS,251962137,Match Odds,58805,The Draw,LOSER,0,3,Central Coast Mariners,Brisbane Roar,-1,1,2,3.45,3.5,7018.72,2025-12-31 08:48:22.000 Z,2.56,2.56,14470.2,58794.88
2026-01-01 00:00:00.000 Z,Australian Soccer/Australian A-League Men/Fixtures 1 Jan/Auckland FC v Newcastle Jets,35079806,MATCH_ODDS,251962707,Match Odds,47625959,Auckland FC,LOSER,0,4,Auckland FC,Newcastle Jets,-2,1,3,1.68,1.69,22135.47,2026-01-01 04:49:24.000 Z,1.93,1.93,71976,84020.55
2026-01-01 00:00:00.000 Z,Australian Soccer/Australian A-League Men/Fixtures 1 Jan/Auckland FC v Newcastle Jets,35079806,MATCH_ODDS,251962707,Match Odds,1205125,Newcastle Jets,WINNER,1,4,Auckland FC,Newcastle Jets,-2,1,3,5.1,5.2,4681.75,2026-01-01 04:49:24.000 Z,4.6,4.6,16085.59,35604.67
2026-01-01 00:00:00.000 Z,Australian Soccer/Australian A-League Men/Fixtures 1 Jan/Auckland FC v Newcastle Jets,35079806,MATCH_ODDS,251962707,Match Odds,58805,The Draw,LOSER,0,4,Auckland FC,Newcastle Jets,-2,1,3,4.6,4.8,4100.55,2026-01-01 04:49:24.000 Z,3.65,3.6,7577.02,16826.77
2026-01-01 00:00:00.000 Z,Australian Soccer/Australian A-League Men/Fixtures 1 Jan/Western Sydney Wanderers v Macarthur FC,35079819,MATCH_ODDS,251962833,Match Odds,36700739,Macarthur FC,WINNER,1,1,Western Sydney Wanderers,Macarthur FC,-1,0,1,4.2,4.3,10316.43,2026-01-01 08:48:51.000 Z,1.85,1.87,27522.54,96138.46
2026-01-01 00:00:00.000 Z,Australian Soccer/Australian A-League Men/Fixtures 1 Jan/Western Sydney Wanderers v Macarthur FC,35079819,MATCH_ODDS,251962833,Match Odds,58805,The Draw,LOSER,0,1,Western Sydney Wanderers,Macarthur FC,-1,0,1,4.2,4.3,6090.87,2026-01-01 08:48:51.000 Z,3.55,3.55,10852.09,17084.75
2026-01-01 00:00:00.000 Z,Australian Soccer/Australian A-League Men/Fixtures 1 Jan/Western Sydney Wanderers v Macarthur FC,35079819,MATCH_ODDS,251962833,Match Odds,6480414,Western Sydney Wanderers,LOSER,0,1,Western Sydney Wanderers,Macarthur FC,-1,0,1,1.87,1.9,17962.53,2026-01-01 08:48:51.000 Z,5.3,5.5,50722.76,59724.74
2026-01-02 00:00:00.000 Z,Australian Soccer/Australian A-League Men/Fixtures 2 Jan/Melbourne Victory v Perth Glory,35079818,MATCH_ODDS,251962938,Match Odds,1205124,Melbourne Victory,WINNER,1,5,Melbourne Victory,Perth Glory,1,3,2,1.95,1.96,28390.82,2026-01-02 09:28:29.000 Z,2.32,2.32,47867.51,183452.15
2026-01-02 00:00:00.000 Z,Australian Soccer/Australian A-League Men/Fixtures 2 Jan/Melbourne Victory v Perth Glory,35079818,MATCH_ODDS,251962938,Match Odds,370132,Perth Glory,LOSER,0,5,Melbourne Victory,Perth Glory,1,3,2,4.1,4.3,16125.61,2026-01-02 09:28:29.000 Z,4.5,4.6,59381.79,66764.04
2026-01-02 00:00:00.000 Z,Australian Soccer/Australian A-League Men/Fixtures 2 Jan/Melbourne Victory v Perth Glory,35079818,MATCH_ODDS,251962938,Match Odds,58805,The Draw,LOSER,0,5,Melbourne Victory,Perth Glory,1,3,2,4,4.1,8151.39,2026-01-02 09:28:29.000 Z,2.82,2.84,13132.88,23714.64
2026-01-03 00:00:00.000 Z,Australian Soccer/Australian A-League Men/Fixtures 3 Jan/Brisbane Roar v Wellington Phoenix,35079821,MATCH_ODDS,251962350,Match Odds,3862627,Brisbane Roar,LOSER,0,3,Brisbane Roar,Wellington Phoenix,-3,0,3,1.58,1.59,31180.31,2026-01-03 06:50:22.000 Z,2.34,2.34,54698.49,69066.02
2026-01-03 00:00:00.000 Z,Australian Soccer/Australian A-League Men/Fixtures 3 Jan/Brisbane Roar v Wellington Phoenix,35079821,MATCH_ODDS,251962350,Match Odds,58805,The Draw,LOSER,0,3,Brisbane Roar,Wellington Phoenix,-3,0,3,4.6,4.7,5398.07,2026-01-03 06:50:22.000 Z,3.25,3.35,8796.67,14772.02
2026-01-03 00:00:00.000 Z,Australian Soccer/Australian A-League Men/Fixtures 3 Jan/Brisbane Roar v Wellington Phoenix,35079821,MATCH_ODDS,251962350,Match Odds,2469649,Wellington Phoenix,WINNER,1,3,Brisbane Roar,Wellington Phoenix,-3,0,3,6.6,6.8,8699.9,2026-01-03 06:50:22.000 Z,3.55,3.7,35685.85,114018.32
2026-01-03 00:00:00.000 Z,Australian Soccer/Australian A-League Men/Fixtures 3 Jan/Melbourne City v Sydney FC,35079822,MATCH_ODDS,251962455,Match Odds,8586946,Melbourne City,LOSER,0,0,Melbourne City,Sydney FC,-0,0,0,2.08,2.12,19554.82,2026-01-03 09:27:22.000 Z,2.46,2.46,85850.07,115183.23
2026-01-03 00:00:00.000 Z,Australian Soccer/Australian A-League Men/Fixtures 3 Jan/Melbourne City v Sydney FC,35079822,MATCH_ODDS,251962455,Match Odds,1205121,Sydney FC,LOSER,0,0,Melbourne City,Sydney FC,-0,0,0,3.65,3.7,16676.64,2026-01-03 09:27:22.000 Z,4.1,4,39617.59,53500.67
2026-01-03 00:00:00.000 Z,Australian Soccer/Australian A-League Men/Fixtures 3 Jan/Melbourne City v Sydney FC,35079822,MATCH_ODDS,251962455,Match Odds,58805,The Draw,WINNER,1,0,Melbourne City,Sydney FC,-0,0,0,3.9,3.95,8304,2026-01-03 09:27:22.000 Z,2.86,2.86,16754.74,132175.21
2026-01-04 00:00:00.000 Z,Australian Soccer/Australian A-League Men/Fixtures 4 Jan/Adelaide United v Central Coast Mariners,35079815,MATCH_ODDS,251962564,Match Odds,571273,Adelaide United,LOSER,0,4,Adelaide United,Central Coast Mariners,,,,2.08,2.1,41924.71,2026-01-04 09:24:03.000 Z,55,65,50441.04,50746.52
2026-01-04 00:00:00.000 Z,Australian Soccer/Australian A-League Men/Fixtures 4 Jan/Adelaide United v Central Coast Mariners,35079815,MATCH_ODDS,251962564,Match Odds,1205126,Central Coast Mariners,WINNER,1,4,Adelaide United,Central Coast Mariners,,,,3.7,3.75,7613.81,2026-01-04 09:24:03.000 Z,1.08,1.07,85284.53,138635.92
2026-01-04 00:00:00.000 Z,Australian Soccer/Australian A-League Men/Fixtures 4 Jan/Adelaide United v Central Coast Mariners,35079815,MATCH_ODDS,251962564,Match Odds,58805,The Draw,LOSER,0,4,Adelaide United,Central Coast Mariners,,,,3.95,4,6153.12,2026-01-04 09:24:03.000 Z,19,20,12740.15,13173.23
2026-01-05 00:00:00.000 Z,Australian Soccer/Australian A-League Men/Fixtures 5 Jan/Macarthur FC v Auckland FC,35096207,MATCH_ODDS,252244054,Match Odds,47625959,Auckland FC,LOSER,0,2,Macarthur FC,Auckland FC,-0,1,1,2.02,2.06,44289.06,2026-01-05 08:52:27.000 Z,1.39,1.39,73382.65,106712.87
2026-01-05 00:00:00.000 Z,Australian Soccer/Australian A-League Men/Fixtures 5 Jan/Macarthur FC v Auckland FC,35096207,MATCH_ODDS,252244054,Match Odds,36700739,Macarthur FC,LOSER,0,2,Macarthur FC,Auckland FC,-0,1,1,3.8,3.9,13942.11,2026-01-05 08:52:27.000 Z,12.5,12.5,20296.06,26408.9
2026-01-05 00:00:00.000 Z,Australian Soccer/Australian A-League Men/Fixtures 5 Jan/Macarthur FC v Auckland FC,35096207,MATCH_ODDS,252244054,Match Odds,58805,The Draw,WINNER,1,2,Macarthur FC,Auckland FC,-0,1,1,4,4.1,12757.35,2026-01-05 08:52:27.000 Z,4.7,4.9,16699.43,180694.25
2026-01-06 00:00:00.000 Z,Australian Soccer/Australian A-League Men/Fixtures 6 Jan/Melbourne City v Brisbane Roar,35096212,MATCH_ODDS,252244202,Match Odds,3862627,Brisbane Roar,LOSER,0,1,Melbourne City,Brisbane Roar,1,1,0,5.2,5.3,7915.45,2026-01-06 08:49:53.000 Z,22,24,11664.43,13476.31
2026-01-06 00:00:00.000 Z,Australian Soccer/Australian A-League Men/Fixtures 6 Jan/Melbourne City v Brisbane Roar,35096212,MATCH_ODDS,252244202,Match Odds,8586946,Melbourne City,WINNER,1,1,Melbourne City,Brisbane Roar,1,1,0,1.79,1.8,40502.1,2026-01-06 08:49:53.000 Z,1.25,1.26,271545.68,427011.85
2026-01-06 00:00:00.000 Z,Australian Soccer/Australian A-League Men/Fixtures 6 Jan/Melbourne City v Brisbane Roar,35096212,MATCH_ODDS,252244202,Match Odds,58805,The Draw,LOSER,0,1,Melbourne City,Brisbane Roar,1,1,0,3.9,3.95,9226.79,2026-01-06 08:49:53.000 Z,7,6.2,12870.52,15255.1
2026-01-09 00:00:00.000 Z,Australian Soccer/Australian A-League Men/Fixtures 9 Jan/Brisbane Roar v Auckland FC,35096201,MATCH_ODDS,252244307,Match Odds,47625959,Auckland FC,WINNER,1,2,Brisbane Roar,Auckland FC,-2,0,2,2.06,2.1,36060.17,2026-01-09 09:21:38.000 Z,1.37,1.36,56875.97,145461.43
2026-01-09 00:00:00.000 Z,Australian Soccer/Australian A-League Men/Fixtures 9 Jan/Brisbane Roar v Auckland FC,35096201,MATCH_ODDS,252244307,Match Odds,3862627,Brisbane Roar,LOSER,0,2,Brisbane Roar,Auckland FC,-2,0,2,4.2,4.3,27273.53,2026-01-09 09:21:38.000 Z,17,16,31208.34,32472.19
2026-01-09 00:00:00.000 Z,Australian Soccer/Australian A-League Men/Fixtures 9 Jan/Brisbane Roar v Auckland FC,35096201,MATCH_ODDS,252244307,Match Odds,58805,The Draw,LOSER,0,2,Brisbane Roar,Auckland FC,-2,0,2,3.55,3.6,11232.7,2026-01-09 09:21:38.000 Z,4.8,4.6,13633.32,15964.69
2026-01-10 00:00:00.000 Z,Australian Soccer/Australian A-League Men/Fixtures 10 Jan/Melbourne Victory v Western Sydney Wanderers,35096192,MATCH_ODDS,252244517,Match Odds,1205124,Melbourne Victory,LOSER,0,1,Melbourne Victory,Western Sydney Wanderers,-1,0,1,2.16,2.18,32801.32,2026-01-10 06:47:56.000 Z,6.2,6.2,88884.08,112179.33
2026-01-10 00:00:00.000 Z,Australian Soccer/Australian A-League Men/Fixtures 10 Jan/Melbourne Victory v Western Sydney Wanderers,35096192,MATCH_ODDS,252244517,Match Odds,58805,The Draw,LOSER,0,1,Melbourne Victory,Western Sydney Wanderers,-1,0,1,4.1,4.2,4912.07,2026-01-10 06:47:56.000 Z,3.6,3.65,7560.9,14640.14
2026-01-10 00:00:00.000 Z,Australian Soccer/Australian A-League Men/Fixtures 10 Jan/Melbourne Victory v Western Sydney Wanderers,35096192,MATCH_ODDS,252244517,Match Odds,6480414,Western Sydney Wanderers,WINNER,1,1,Melbourne Victory,Western Sydney Wanderers,-1,0,1,3.35,3.45,11510.62,2026-01-10 06:47:56.000 Z,1.79,1.77,30821.72,98373.08
2026-01-10 00:00:00.000 Z,Australian Soccer/Australian A-League Men/Fixtures 10 Jan/Perth Glory v Central Coast Mariners,35096226,MATCH_ODDS,252244622,Match Odds,1205126,Central Coast Mariners,LOSER,0,3,Perth Glory,Central Coast Mariners,3,3,0,5.2,5.3,11941.2,2026-01-10 11:32:54.000 Z,95,85,17063.15,17346.41
2026-01-10 00:00:00.000 Z,Australian Soccer/Australian A-League Men/Fixtures 10 Jan/Perth Glory v Central Coast Mariners,35096226,MATCH_ODDS,252244622,Match Odds,370132,Perth Glory,WINNER,1,3,Perth Glory,Central Coast Mariners,3,3,0,1.76,1.77,63054.97,2026-01-10 11:32:54.000 Z,1.07,1.06,137251.17,177396.99
2026-01-10 00:00:00.000 Z,Australian Soccer/Australian A-League Men/Fixtures 10 Jan/Perth Glory v Central Coast Mariners,35096226,MATCH_ODDS,252244622,Match Odds,58805,The Draw,LOSER,0,3,Perth Glory,Central Coast Mariners,3,3,0,4.1,4.2,8230.32,2026-01-10 11:32:54.000 Z,22,22,14052.98,14394.04
2026-01-10 00:00:00.000 Z,Australian Soccer/Australian A-League Men/Fixtures 10 Jan/Macarthur FC v Sydney FC,35096724,MATCH_ODDS,252244412,Match Odds,36700739,Macarthur FC,LOSER,0,3,Macarthur FC,Sydney FC,-3,0,3,2.94,3,13048.47,2026-01-10 09:29:45.000 Z,9.8,9,23437.29,24913.69
2026-01-10 00:00:00.000 Z,Australian Soccer/Australian A-League Men/Fixtures 10 Jan/Macarthur FC v Sydney FC,35096724,MATCH_ODDS,252244412,Match Odds,1205121,Sydney FC,WINNER,1,3,Macarthur FC,Sydney FC,-3,0,3,2.46,2.48,17444,2026-01-10 09:29:45.000 Z,1.51,1.48,45800.46,104923.64
2026-01-10 00:00:00.000 Z,Australian Soccer/Australian A-League Men/Fixtures 10 Jan/Macarthur FC v Sydney FC,35096724,MATCH_ODDS,252244412,Match Odds,58805,The Draw,LOSER,0,3,Macarthur FC,Sydney FC,-3,0,3,3.85,3.9,7564.95,2026-01-10 09:29:45.000 Z,4.2,4.3,18283.14,20113.53
2026-01-11 00:00:00.000 Z,Australian Soccer/Australian A-League Men/Fixtures 11 Jan/Wellington Phoenix v Adelaide United,35096223,MATCH_ODDS,252244832,Match Odds,571273,Adelaide United,LOSER,0,4,Wellington Phoenix,Adelaide United,-0,2,2,2.56,2.58,9289.22,2026-01-11 02:50:12.000 Z,1.01,,9507.9,9507.9
2026-01-11 00:00:00.000 Z,Australian Soccer/Australian A-League Men/Fixtures 11 Jan/Wellington Phoenix v Adelaide United,35096223,MATCH_ODDS,252244832,Match Odds,58805,The Draw,WINNER,1,4,Wellington Phoenix,Adelaide United,-0,2,2,3.9,4,4351.46,2026-01-11 02:50:12.000 Z,3.9,,4457.49,4457.49
2026-01-11 00:00:00.000 Z,Australian Soccer/Australian A-League Men/Fixtures 11 Jan/Wellington Phoenix v Adelaide United,35096223,MATCH_ODDS,252244832,Match Odds,2469649,Wellington Phoenix,LOSER,0,4,Wellington Phoenix,Adelaide United,-0,2,2,2.78,2.8,18092.35,2026-01-11 02:50:12.000 Z,1.01,,18185.85,18185.85
2026-01-11 00:00:00.000 Z,Australian Soccer/Australian A-League Men/Fixtures 11 Jan/Melbourne City v Newcastle Jets,35096229,MATCH_ODDS,252244727,Match Odds,8586946,Melbourne City,LOSER,0,1,Melbourne City,Newcastle Jets,-1,0,1,1.8,1.81,8375.33,2026-01-11 06:48:36.000 Z,2.14,2.12,28910.41,48595.23
2026-01-11 00:00:00.000 Z,Australian Soccer/Australian A-League Men/Fixtures 11 Jan/Melbourne City v Newcastle Jets,35096229,MATCH_ODDS,252244727,Match Odds,1205125,Newcastle Jets,WINNER,1,1,Melbourne City,Newcastle Jets,-1,0,1,4.3,4.4,3533.51,2026-01-11 06:48:36.000 Z,4.5,4.7,5920.85,66225.98
2026-01-11 00:00:00.000 Z,Australian Soccer/Australian A-League Men/Fixtures 11 Jan/Melbourne City v Newcastle Jets,35096229,MATCH_ODDS,252244727,Match Odds,58805,The Draw,LOSER,0,1,Melbourne City,Newcastle Jets,-1,0,1,4.6,4.7,3115.62,2026-01-11 06:48:36.000 Z,3.25,3.35,4841.37,12333.84
2026-01-16 00:00:00.000 Z,Australian Soccer/Australian A-League Men/Fixtures 16 Jan/Melbourne City v Auckland FC,35115874,MATCH_ODDS,252480749,Match Odds,47625959,Auckland FC,LOSER,0,3,Melbourne City,Auckland FC,1,2,1,2.98,3,12770.91,2026-01-16 09:27:44.000 Z,1.54,1.51,55946.72,92118.49
2026-01-16 00:00:00.000 Z,Australian Soccer/Australian A-League Men/Fixtures 16 Jan/Melbourne City v Auckland FC,35115874,MATCH_ODDS,252480749,Match Odds,8586946,Melbourne City,WINNER,1,3,Melbourne City,Auckland FC,1,2,1,2.7,2.76,8105.12,2026-01-16 09:27:44.000 Z,10.5,10.5,26236.51,86621.82
2026-01-16 00:00:00.000 Z,Australian Soccer/Australian A-League Men/Fixtures 16 Jan/Melbourne City v Auckland FC,35115874,MATCH_ODDS,252480749,Match Odds,58805,The Draw,LOSER,0,3,Melbourne City,Auckland FC,1,2,1,3.35,3.4,7340.76,2026-01-16 09:27:44.000 Z,3.95,3.95,16977.35,30480.47
2026-01-16 00:00:00.000 Z,Australian Soccer/Australian A-League Men/Fixtures 16 Jan/Perth Glory v Brisbane Roar,35115881,MATCH_ODDS,252480881,Match Odds,3862627,Brisbane Roar,WINNER,1,3,Perth Glory,Brisbane Roar,-1,1,2,3.75,3.8,7965.3,2026-01-16 11:33:56.000 Z,4,4.1,27625.25,204400.52
2026-01-16 00:00:00.000 Z,Australian Soccer/Australian A-League Men/Fixtures 16 Jan/Perth Glory v Brisbane Roar,35115881,MATCH_ODDS,252480881,Match Odds,370132,Perth Glory,LOSER,0,3,Perth Glory,Brisbane Roar,-1,1,2,2.14,2.16,72909.04,2026-01-16 11:33:56.000 Z,2.64,2.62,169332.15,185490.55
2026-01-16 00:00:00.000 Z,Australian Soccer/Australian A-League Men/Fixtures 16 Jan/Perth Glory v Brisbane Roar,35115881,MATCH_ODDS,252480881,Match Odds,58805,The Draw,LOSER,0,3,Perth Glory,Brisbane Roar,-1,1,2,3.65,3.7,8987.05,2026-01-16 11:33:56.000 Z,2.66,2.68,18512.67,29186.85
2026-01-17 00:00:00.000 Z,Australian Soccer/Australian A-League Men/Fixtures 17 Jan/Western Sydney Wanderers v Newcastle Jets,35115890,MATCH_ODDS,252481232,Match Odds,1205125,Newcastle Jets,WINNER,1,3,Western Sydney Wanderers,Newcastle Jets,-1,1,2,2.98,3,5509.62,2026-01-17 06:47:41.000 Z,1.24,1.23,109749.53,314231.01
2026-01-17 00:00:00.000 Z,Australian Soccer/Australian A-League Men/Fixtures 17 Jan/Western Sydney Wanderers v Newcastle Jets,35115890,MATCH_ODDS,252481232,Match Odds,58805,The Draw,LOSER,0,3,Western Sydney Wanderers,Newcastle Jets,-1,1,2,4.2,4.3,3541.23,2026-01-17 06:47:41.000 Z,7.8,8.2,6405.99,10999.73
2026-01-17 00:00:00.000 Z,Australian Soccer/Australian A-League Men/Fixtures 17 Jan/Western Sydney Wanderers v Newcastle Jets,35115890,MATCH_ODDS,252481232,Match Odds,6480414,Western Sydney Wanderers,LOSER,0,3,Western Sydney Wanderers,Newcastle Jets,-1,1,2,2.3,2.32,7219.61,2026-01-17 06:47:41.000 Z,17.5,17,14272.72,18283.33
2026-01-17 00:00:00.000 Z,Australian Soccer/Australian A-League Men/Fixtures 17 Jan/Adelaide United v Melbourne Victory,35115907,MATCH_ODDS,252481015,Match Odds,571273,Adelaide United,WINNER,1,3,Adelaide United,Melbourne Victory,1,2,1,3.3,3.35,5327.42,2026-01-17 09:27:40.000 Z,1.75,1.75,32678.31,114300.64
2026-01-17 00:00:00.000 Z,Australian Soccer/Australian A-League Men/Fixtures 17 Jan/Adelaide United v Melbourne Victory,35115907,MATCH_ODDS,252481015,Match Odds,1205124,Melbourne Victory,LOSER,0,3,Adelaide United,Melbourne Victory,1,2,1,2.18,2.2,14518.94,2026-01-17 09:27:40.000 Z,5.9,6,26611.1,51761.88
2026-01-17 00:00:00.000 Z,Australian Soccer/Australian A-League Men/Fixtures 17 Jan/Adelaide United v Melbourne Victory,35115907,MATCH_ODDS,252481015,Match Odds,58805,The Draw,LOSER,0,3,Adelaide United,Melbourne Victory,1,2,1,4.1,4.2,5333.11,2026-01-17 09:27:40.000 Z,3.8,3.8,9448.76,46053.63
2026-01-18 00:00:00.000 Z,Australian Soccer/Australian A-League Men/Central Coast Mariners v Macarthur FC/Fixtures 18 Jan,35115896,MATCH_ODDS,252481127,Match Odds,1205126,Central Coast Mariners,LOSER,0,2,,ixtures 18 Jan,,,,4.4,4.6,5791.43,2026-01-18 03:47:23.000 Z,5.2,5.3,10314.81,13327.49
2026-01-18 00:00:00.000 Z,Australian Soccer/Australian A-League Men/Central Coast Mariners v Macarthur FC/Fixtures 18 Jan,35115896,MATCH_ODDS,252481127,Match Odds,36700739,Macarthur FC,LOSER,0,2,,ixtures 18 Jan,,,,1.89,1.9,27226.12,2026-01-18 03:47:23.000 Z,2.12,2.18,131763.89,175442.58
2026-01-18 00:00:00.000 Z,Australian Soccer/Australian A-League Men/Central Coast Mariners v Macarthur FC/Fixtures 18 Jan,35115896,MATCH_ODDS,252481127,Match Odds,58805,The Draw,WINNER,1,2,,ixtures 18 Jan,,,,3.9,3.95,6738.85,2026-01-18 03:47:23.000 Z,2.86,2.92,9298.88,17106.1
2026-01-18 00:00:00.000 Z,Australian Soccer/Australian A-League Men/Fixtures 18 Jan/Sydney FC v Wellington Phoenix,35115901,MATCH_ODDS,252481337,Match Odds,1205121,Sydney FC,LOSER,0,2,Sydney FC,Wellington Phoenix,-2,0,2,1.65,1.66,7207.95,2026-01-18 06:51:52.000 Z,12.5,13.5,29156.9,30416.56
2026-01-18 00:00:00.000 Z,Australian Soccer/Australian A-League Men/Fixtures 18 Jan/Sydney FC v Wellington Phoenix,35115901,MATCH_ODDS,252481337,Match Odds,58805,The Draw,LOSER,0,2,Sydney FC,Wellington Phoenix,-2,0,2,4.6,4.7,2764.22,2026-01-18 06:51:52.000 Z,4.9,4.9,5850.89,9608.07
2026-01-18 00:00:00.000 Z,Australian Soccer/Australian A-League Men/Fixtures 18 Jan/Sydney FC v Wellington Phoenix,35115901,MATCH_ODDS,252481337,Match Odds,2469649,Wellington Phoenix,WINNER,1,2,Sydney FC,Wellington Phoenix,-2,0,2,5.4,5.5,3936.82,2026-01-18 06:51:52.000 Z,1.37,1.37,22876.58,162447.32
2026-01-23 00:00:00.000 Z,Australian Soccer/Australian A-League Men/Fixtures 23 Jan/Newcastle Jets v Wellington Phoenix,35143539,MATCH_ODDS,252811331,Match Odds,1205125,Newcastle Jets,WINNER,1,5,Newcastle Jets,Wellington Phoenix,3,4,1,1.71,1.72,12403.97,2026-01-23 09:23:56.000 Z,1.36,1.36,39751.89,103038.89
2026-01-23 00:00:00.000 Z,Australian Soccer/Australian A-League Men/Fixtures 23 Jan/Newcastle Jets v Wellington Phoenix,35143539,MATCH_ODDS,252811331,Match Odds,58805,The Draw,LOSER,0,5,Newcastle Jets,Wellington Phoenix,3,4,1,4.8,5,5028.44,2026-01-23 09:23:56.000 Z,5.7,5.9,5811.4,6936.04
2026-01-23 00:00:00.000 Z,Australian Soccer/Australian A-League Men/Fixtures 23 Jan/Newcastle Jets v Wellington Phoenix,35143539,MATCH_ODDS,252811331,Match Odds,2469649,Wellington Phoenix,LOSER,0,5,Newcastle Jets,Wellington Phoenix,3,4,1,4.6,4.7,5147.35,2026-01-23 09:23:56.000 Z,12,10,8892.9,9764.85
2026-01-24 00:00:00.000 Z,Australian Soccer/Australian A-League Men/Fixtures 24 Jan/Auckland FC v Central Coast Mariners,35143527,MATCH_ODDS,252811436,Match Odds,47625959,Auckland FC,LOSER,0,4,Auckland FC,Central Coast Mariners,-0,2,2,1.32,1.33,72437.05,2026-01-24 04:48:40.000 Z,1.56,1.56,90178.16,122534.52
2026-01-24 00:00:00.000 Z,Australian Soccer/Australian A-League Men/Fixtures 24 Jan/Auckland FC v Central Coast Mariners,35143527,MATCH_ODDS,252811436,Match Odds,1205126,Central Coast Mariners,LOSER,0,4,Auckland FC,Central Coast Mariners,-0,2,2,11.5,12,6140.42,2026-01-24 04:48:40.000 Z,10,10.5,7907.27,9751.95
2026-01-24 00:00:00.000 Z,Australian Soccer/Australian A-League Men/Fixtures 24 Jan/Auckland FC v Central Coast Mariners,35143527,MATCH_ODDS,252811436,Match Odds,58805,The Draw,WINNER,1,4,Auckland FC,Central Coast Mariners,-0,2,2,6,6.2,3270.89,2026-01-24 04:48:40.000 Z,3.7,3.75,4274.2,31514.06
2026-01-24 00:00:00.000 Z,Australian Soccer/Australian A-League Men/Fixtures 24 Jan/Brisbane Roar v Adelaide United,35143545,MATCH_ODDS,252811541,Match Odds,571273,Adelaide United,WINNER,1,5,Brisbane Roar,Adelaide United,-1,2,3,4,4.1,2915.87,2026-01-24 06:49:08.000 Z,13,14,12428.41,72396.32
2026-01-24 00:00:00.000 Z,Australian Soccer/Australian A-League Men/Fixtures 24 Jan/Brisbane Roar v Adelaide United,35143545,MATCH_ODDS,252811541,Match Odds,3862627,Brisbane Roar,LOSER,0,5,Brisbane Roar,Adelaide United,-1,2,3,2.06,2.08,7776.78,2026-01-24 06:49:08.000 Z,1.39,1.37,61144.46,102002.95
2026-01-24 00:00:00.000 Z,Australian Soccer/Australian A-League Men/Fixtures 24 Jan/Brisbane Roar v Adelaide United,35143545,MATCH_ODDS,252811541,Match Odds,58805,The Draw,LOSER,0,5,Brisbane Roar,Adelaide United,-1,2,3,3.7,3.75,10168.99,2026-01-24 06:49:08.000 Z,5.1,5.1,17155.21,43616.35
2026-01-24 00:00:00.000 Z,Australian Soccer/Australian A-League Men/Fixtures 24 Jan/Macarthur FC v Melbourne City,35143592,MATCH_ODDS,252811646,Match Odds,36700739,Macarthur FC,WINNER,1,8,Macarthur FC,Melbourne City,4,6,2,3.2,3.3,5077.43,2026-01-24 09:32:47.000 Z,1.17,1.16,75250.73,116606.09
2026-01-24 00:00:00.000 Z,Australian Soccer/Australian A-League Men/Fixtures 24 Jan/Macarthur FC v Melbourne City,35143592,MATCH_ODDS,252811646,Match Odds,8586946,Melbourne City,LOSER,0,8,Macarthur FC,Melbourne City,4,6,2,2.42,2.44,7553.87,2026-01-24 09:32:47.000 Z,29,30,17010.13,17868.4
2026-01-24 00:00:00.000 Z,Australian Soccer/Australian A-League Men/Fixtures 24 Jan/Macarthur FC v Melbourne City,35143592,MATCH_ODDS,252811646,Match Odds,58805,The Draw,LOSER,0,8,Macarthur FC,Melbourne City,4,6,2,3.5,3.55,4975.75,2026-01-24 09:32:47.000 Z,9.4,9.4,9141.45,10352.64
2026-01-25 00:00:00.000 Z,Australian Soccer/Australian A-League Men/Fixtures 25 Jan/Western Sydney Wanderers v Perth Glory,35143574,MATCH_ODDS,252811751,Match Odds,370132,Perth Glory,LOSER,0,1,Western Sydney Wanderers,Perth Glory,1,1,0,3.95,4,4005.4,2026-01-25 08:48:50.000 Z,4.2,4.3,8409.15,16269.34
2026-01-25 00:00:00.000 Z,Australian Soccer/Australian A-League Men/Fixtures 25 Jan/Western Sydney Wanderers v Perth Glory,35143574,MATCH_ODDS,252811751,Match Odds,58805,The Draw,LOSER,0,1,Western Sydney Wanderers,Perth Glory,1,1,0,3.9,3.95,3623.76,2026-01-25 08:48:50.000 Z,2.8,2.76,12533.42,47196.31
2026-01-25 00:00:00.000 Z,Australian Soccer/Australian A-League Men/Fixtures 25 Jan/Western Sydney Wanderers v Perth Glory,35143574,MATCH_ODDS,252811751,Match Odds,6480414,Western Sydney Wanderers,WINNER,1,1,Western Sydney Wanderers,Perth Glory,1,1,0,2,2.02,15793.26,2026-01-25 08:48:50.000 Z,2.42,2.46,27468.9,83200.02
2026-01-26 00:00:00.000 Z,Australian Soccer/Australian A-League Men/Fixtures 26 Jan/Melbourne Victory v Sydney FC,35143578,MATCH_ODDS,252811856,Match Odds,1205124,Melbourne Victory,WINNER,1,4,Melbourne Victory,Sydney FC,4,4,0,2.24,2.26,16372.89,2026-01-26 07:33:35.000 Z,2.38,2.32,68292.32,136083.94
2026-01-26 00:00:00.000 Z,Australian Soccer/Australian A-League Men/Fixtures 26 Jan/Melbourne Victory v Sydney FC,35143578,MATCH_ODDS,252811856,Match Odds,1205121,Sydney FC,LOSER,0,4,Melbourne Victory,Sydney FC,4,4,0,3.35,3.4,10510.78,2026-01-26 07:33:35.000 Z,5,4.5,18165.94,21846.22
2026-01-26 00:00:00.000 Z,Australian Soccer/Australian A-League Men/Fixtures 26 Jan/Melbourne Victory v Sydney FC,35143578,MATCH_ODDS,252811856,Match Odds,58805,The Draw,LOSER,0,4,Melbourne Victory,Sydney FC,4,4,0,3.8,3.9,5928.65,2026-01-26 07:33:35.000 Z,3,2.86,14994.52,18676.93
2026-01-30 00:00:00.000 Z,Australian Soccer/Australian A-League Men/Fixtures 30 Jan/Adelaide United v Macarthur FC,35174122,MATCH_ODDS,253141740,Match Odds,571273,Adelaide United,LOSER,0,2,Adelaide United,Macarthur FC,-0,1,1,2.82,2.86,41638.52,2026-01-30 09:55:46.000 Z,1.55,1.56,100524.02,150391.3
2026-01-30 00:00:00.000 Z,Australian Soccer/Australian A-League Men/Fixtures 30 Jan/Adelaide United v Macarthur FC,35174122,MATCH_ODDS,253141740,Match Odds,36700739,Macarthur FC,LOSER,0,2,Adelaide United,Macarthur FC,-0,1,1,2.4,2.44,62233.18,2026-01-30 09:55:46.000 Z,7.8,7.8,86605.98,99482
2026-01-30 00:00:00.000 Z,Australian Soccer/Australian A-League Men/Fixtures 30 Jan/Adelaide United v Macarthur FC,35174122,MATCH_ODDS,253141740,Match Odds,58805,The Draw,WINNER,1,2,Adelaide United,Macarthur FC,-0,1,1,4.2,4.3,13031.61,2026-01-30 09:55:46.000 Z,4.3,4.4,19778.64,85029.73
2026-01-30 00:00:00.000 Z,Australian Soccer/Australian A-League Men/Fixtures 30 Jan/Wellington Phoenix v Melbourne City,35174149,MATCH_ODDS,253141845,Match Odds,8586946,Melbourne City,LOSER,0,4,Wellington Phoenix,Melbourne City,-0,2,2,2.18,2.2,19827.59,2026-01-30 06:49:11.000 Z,6.6,6.8,35381.25,41936.13
2026-01-30 00:00:00.000 Z,Australian Soccer/Australian A-League Men/Fixtures 30 Jan/Wellington Phoenix v Melbourne City,35174149,MATCH_ODDS,253141845,Match Odds,58805,The Draw,WINNER,1,4,Wellington Phoenix,Melbourne City,-0,2,2,3.8,3.85,5347.83,2026-01-30 06:49:11.000 Z,3.7,3.7,10892.38,68697.61
2026-01-30 00:00:00.000 Z,Australian Soccer/Australian A-League Men/Fixtures 30 Jan/Wellington Phoenix v Melbourne City,35174149,MATCH_ODDS,253141845,Match Odds,2469649,Wellington Phoenix,LOSER,0,4,Wellington Phoenix,Melbourne City,-0,2,2,3.5,3.6,4571.82,2026-01-30 06:49:11.000 Z,1.72,1.72,17350.33,84681.71
2026-01-31 00:00:00.000 Z,Australian Soccer/Australian A-League Men/Fixtures 31 Jan/Newcastle Jets v Brisbane Roar,35174127,MATCH_ODDS,253141950,Match Odds,3862627,Brisbane Roar,LOSER,0,5,Newcastle Jets,Brisbane Roar,3,4,1,3.6,3.6,35846.94,2026-01-31 06:50:59.000 Z,13.5,14.5,43053.57,43650.32
2026-01-31 00:00:00.000 Z,Australian Soccer/Australian A-League Men/Fixtures 31 Jan/Newcastle Jets v Brisbane Roar,35174127,MATCH_ODDS,253141950,Match Odds,1205125,Newcastle Jets,WINNER,1,5,Newcastle Jets,Brisbane Roar,3,4,1,2.14,2.16,34733.22,2026-01-31 06:50:59.000 Z,1.36,1.36,81892.34,147452.23
2026-01-31 00:00:00.000 Z,Australian Soccer/Australian A-League Men/Fixtures 31 Jan/Newcastle Jets v Brisbane Roar,35174127,MATCH_ODDS,253141950,Match Odds,58805,The Draw,LOSER,0,5,Newcastle Jets,Brisbane Roar,3,4,1,3.95,4,9879.14,2026-01-31 06:50:59.000 Z,5.3,5.4,15097.88,16232.46
2026-01-31 00:00:00.000 Z,Australian Soccer/Australian A-League Men/Fixtures 31 Jan/Sydney FC v Western Sydney Wanderers,35174130,MATCH_ODDS,253142056,Match Odds,1205121,Sydney FC,WINNER,1,5,Sydney FC,Western Sydney Wanderers,3,4,1,3.2,3.3,27857.74,2026-01-31 09:30:39.000 Z,3.35,3.25,64414.86,130917.04
2026-01-31 00:00:00.000 Z,Australian Soccer/Australian A-League Men/Fixtures 31 Jan/Sydney FC v Western Sydney Wanderers,35174130,MATCH_ODDS,253142056,Match Odds,58805,The Draw,LOSER,0,5,Sydney FC,Western Sydney Wanderers,3,4,1,3.85,3.9,12929.01,2026-01-31 09:30:39.000 Z,2.98,2.94,23803.06,28921.7
2026-01-31 00:00:00.000 Z,Australian Soccer/Australian A-League Men/Fixtures 31 Jan/Sydney FC v Western Sydney Wanderers,35174130,MATCH_ODDS,253142056,Match Odds,6480414,Western Sydney Wanderers,LOSER,0,5,Sydney FC,Western Sydney Wanderers,3,4,1,2.3,2.34,29340.24,2026-01-31 09:30:39.000 Z,2.8,2.82,57569.08,60328.07
2026-01-31 00:00:00.000 Z,Australian Soccer/Australian A-League Men/Fixtures 31 Jan/Perth Glory v Auckland FC,35174139,MATCH_ODDS,253142161,Match Odds,47625959,Auckland FC,LOSER,0,3,Perth Glory,Auckland FC,1,2,1,2.04,2.08,16946.1,2026-01-31 11:35:46.000 Z,1.44,1.45,50057.64,85139.09
2026-01-31 00:00:00.000 Z,Australian Soccer/Australian A-League Men/Fixtures 31 Jan/Perth Glory v Auckland FC,35174139,MATCH_ODDS,253142161,Match Odds,370132,Perth Glory,WINNER,1,3,Perth Glory,Auckland FC,1,2,1,3.85,3.9,4394.07,2026-01-31 11:35:46.000 Z,11,11,10760.23,61535.27
2026-01-31 00:00:00.000 Z,Australian Soccer/Australian A-League Men/Fixtures 31 Jan/Perth Glory v Auckland FC,35174139,MATCH_ODDS,253142161,Match Odds,58805,The Draw,LOSER,0,3,Perth Glory,Auckland FC,1,2,1,3.85,3.9,5883.92,2026-01-31 11:35:46.000 Z,4.5,4.4,18507.06,46940.6
2026-02-01 00:00:00.000 Z,Australian Soccer/Australian A-League Men/Fixtures 1 Feb/Central Coast Mariners v Melbourne Victory,35174142,MATCH_ODDS,253142266,Match Odds,1205126,Central Coast Mariners,WINNER,1,1,Central Coast Mariners,Melbourne Victory,1,1,0,5.2,5.3,7125.57,2026-02-01 07:51:50.000 Z,2.16,2.18,15157.81,87097.7
2026-02-01 00:00:00.000 Z,Australian Soccer/Australian A-League Men/Fixtures 1 Feb/Central Coast Mariners v Melbourne Victory,35174142,MATCH_ODDS,253142266,Match Odds,1205124,Melbourne Victory,LOSER,0,1,Central Coast Mariners,Melbourne Victory,1,1,0,1.69,1.7,28349.25,2026-02-01 07:51:50.000 Z,3.75,3.85,50877.52,60648.44
2026-02-01 00:00:00.000 Z,Australian Soccer/Australian A-League Men/Fixtures 1 Feb/Central Coast Mariners v Melbourne Victory,35174142,MATCH_ODDS,253142266,Match Odds,58805,The Draw,LOSER,0,1,Central Coast Mariners,Melbourne Victory,1,1,0,4.4,4.5,5024.21,2026-02-01 07:51:50.000 Z,3.55,3.65,9951.06,21534.01
