EVENT_DATE,PATH,EVENT_ID,MARKET_TYPE,MARKET_ID,MARKET_NAME,SELECTION_ID,RUNNER_NAME,RUNNER_STATUS,IS_WINNER,TOTAL_POINTS,HOME_TEAM,AWAY_TEAM,HOME_MARGIN,HOME_SCORE,AWAY_SCORE,BEST_BACK_FIRST_BOUNCE,BEST_LAY_FIRST_BOUNCE,MATCHED_VOLUME_FIRST_BOUNCE,BEST_BACK_PRICE_APPROX_QUARTER_TIME,BEST_LAY_PRICE_APPROX_QUARTER_TIME,MATCHED_VOLUME_QUARTER_TIME,BEST_BACK_PRICE_HALF_TIME,BEST_LAY_PRICE_HALF_TIME,MATCHED_VOLUME_HALF_TIME,BEST_BACK_PRICE_APPROX_THREE_QUARTER_TIME,BEST_LAY_PRICE_APPROX_THREE_QUARTER_TIME,MATCHED_VOLUME_APPROX_THREE_QUARTER_TIME,TOTAL_MATCHED_VOLUME
2025-03-07 00:00:00.000 Z,AFL/Sydney v Hawthorn,33776014,MATCH_ODDS,236800648,Match Odds,39979,Hawthorn,WINNER,1,172,Sydney,Hawthorn,-20,76,96,1.89,1.9,98024.36,1.55,1.65,174243.78,1.22,1.27,191242.6,1.59,1.51,235778,278381.83
2025-03-07 00:00:00.000 Z,AFL/Sydney v Hawthorn,33776014,MATCH_ODDS,236800648,Match Odds,39985,Sydney,LOSER,0,172,Sydney,Hawthorn,-20,76,96,2.1,2.12,81087.08,2.42,2.62,95814.57,4.6,6,100035.63,2.5,2.96,105167.67,110121.74
2025-03-09 00:00:00.000 Z,AFL/GWS GIANTS v Collingwood,33776018,MATCH_ODDS,236801584,Match Odds,217709,Collingwood,LOSER,0,156,GWS,Collingwood,52,104,52,1.81,1.85,101093.47,2.6,2.76,124360.52,2.42,2.5,134352.87,8,24,140241.17,140875.8
2025-03-09 00:00:00.000 Z,AFL/GWS GIANTS v Collingwood,33776018,MATCH_ODDS,236801584,Match Odds,5304641,GWS,WINNER,1,156,GWS,Collingwood,52,104,52,2.12,2.18,51394.27,1.55,1.6,68264.9,1.68,1.9,83939,1.06,1.15,112987.94,135537.2
2025-03-13 00:00:00.000 Z,AFL/Richmond v Carlton,33782087,MATCH_ODDS,236802052,Match Odds,39980,Carlton,LOSER,0,151,Richmond,Carlton,13,82,69,1.11,1.12,930448.57,1.02,1.03,1073709.11,1.02,1.04,1114505.78,1.5,1.54,1140084.02,1193249.87
2025-03-13 00:00:00.000 Z,AFL/Richmond v Carlton,33782087,MATCH_ODDS,236802052,Match Odds,39981,Richmond,WINNER,1,151,Richmond,Carlton,13,82,69,9.8,10.5,34139.27,36,38,41253.04,34,65,41534.81,2.78,3.1,43569.81,128023.95
2025-03-14 00:00:00.000 Z,AFL/Hawthorn v Essendon,33782088,MATCH_ODDS,236802520,Match Odds,39977,Essendon,LOSER,0,196,Hawthorn,Essendon,26,111,85,4.3,4.4,34604.53,7.8,29,37365.72,16,40,37695.33,21,100,38484.34,38550.06
2025-03-14 00:00:00.000 Z,AFL/Hawthorn v Essendon,33782088,MATCH_ODDS,236802520,Match Odds,39979,Hawthorn,WINNER,1,196,Hawthorn,Essendon,26,111,85,1.3,1.31,232205.5,1.03,1.08,270204.95,1.02,1.04,277087.6,1.01,1.03,294900.3,311891.46
2025-03-15 00:00:00.000 Z,AFL/Sydney v Brisbane,33782089,MATCH_ODDS,236802988,Match Odds,42153,Brisbane,WINNER,1,168,Sydney,Brisbane,-4,82,86,1.73,1.74,65114.11,2.68,2.9,80266.36,2.5,4.8,86090.19,1.4,1.71,110517.81,128024.53
2025-03-15 00:00:00.000 Z,AFL/Sydney v Brisbane,33782089,MATCH_ODDS,236802988,Match Odds,39985,Sydney,LOSER,0,168,Sydney,Brisbane,-4,82,86,2.34,2.36,23477.25,1.4,1.52,42446.9,1.28,1.66,57189.61,3.5,3.45,78388.27,83083.46
2025-03-15 00:00:00.000 Z,AFL/Geelong v Fremantle,33782090,MATCH_ODDS,236803521,Match Odds,39992,Fremantle,LOSER,0,216,Geelong,Fremantle,78,147,69,3.05,3.15,14172.3,5.2,9.8,15795.97,16,990,16021.12,8.2,11,16321.6,16715.03
2025-03-15 00:00:00.000 Z,AFL/Geelong v Fremantle,33782090,MATCH_ODDS,236803521,Match Odds,39988,Geelong,WINNER,1,216,Geelong,Fremantle,78,147,69,1.46,1.47,56278.47,1.12,1.15,66254.49,,1.01,79898.24,1.08,1.1,92436.98,101868.42
2025-03-15 00:00:00.000 Z,AFL/Western Bulldogs v North Melbourne,33782091,MATCH_ODDS,236803989,Match Odds,3459613,North Melbourne,LOSER,0,210,Western Bulldogs,North Melbourne,16,113,97,3.35,3.4,31808.66,5.9,8,37312.23,4.4,10,38233.08,4.4,15.5,40216.74,41057.36
2025-03-15 00:00:00.000 Z,AFL/Western Bulldogs v North Melbourne,33782091,MATCH_ODDS,236803989,Match Odds,39986,Western Bulldogs,WINNER,1,210,Western Bulldogs,North Melbourne,16,113,97,1.42,1.43,89433.85,1.11,1.2,102932.58,1.22,1.29,109611.29,1.2,1.33,126216.4,145763.03
2025-03-15 00:00:00.000 Z,AFL/Collingwood v Port Adelaide,33782093,MATCH_ODDS,236804925,Match Odds,217709,Collingwood,WINNER,1,181,Collingwood,Port Adelaide,91,136,45,1.6,1.61,84316.5,1.2,1.6,94421.8,1.06,1.13,100715,,1.01,108713.49,108743.27
2025-03-15 00:00:00.000 Z,AFL/Collingwood v Port Adelaide,33782093,MATCH_ODDS,236804925,Match Odds,39978,Port Adelaide,LOSER,0,181,Collingwood,Port Adelaide,91,136,45,2.64,2.66,29483.03,3.2,9,33397.23,10,13,34601.72,1000,,34838.6,34838.6
2025-03-16 00:00:00.000 Z,AFL/Melbourne v GWS,33782092,MATCH_ODDS,236804457,Match Odds,5304641,GWS,WINNER,1,151,Melbourne,GWS,-3,74,77,1.66,1.68,110768.4,1.25,1.47,131470.24,1.35,1.5,139018.09,2.72,4.2,146313.23,158610.42
2025-03-16 00:00:00.000 Z,AFL/Melbourne v GWS,33782092,MATCH_ODDS,236804457,Match Odds,298609,Melbourne,LOSER,0,151,Melbourne,GWS,-3,74,77,2.48,2.5,51653.61,3.1,4,61998.91,3,4,65487.01,1.33,1.7,72838.59,77511.95
2025-03-16 00:00:00.000 Z,AFL/Adelaide v St Kilda,33782094,MATCH_ODDS,236805393,Match Odds,39982,Adelaide,WINNER,1,207,Adelaide,St Kilda,63,135,72,1.33,1.34,134028.87,1.04,1.08,161703.06,1.01,1.02,168240.46,,1.01,176083.68,176083.68
2025-03-16 00:00:00.000 Z,AFL/Adelaide v St Kilda,33782094,MATCH_ODDS,236805393,Match Odds,39990,St Kilda,LOSER,0,207,Adelaide,St Kilda,63,135,72,3.95,4,27655.29,6,15,29104.72,50,300,29392.63,110,,29559.34,29559.34
2025-03-16 00:00:00.000 Z,AFL/West Coast v Gold Coast,33782095,MATCH_ODDS,236805861,Match Odds,4513766,Gold Coast,WINNER,1,185,West Coast,Gold Coast,-87,49,136,1.64,1.65,24648.39,1.22,1.3,65909.57,1.01,1.02,75549.34,,1.01,77919.05,77919.05
2025-03-16 00:00:00.000 Z,AFL/West Coast v Gold Coast,33782095,MATCH_ODDS,236805861,Match Odds,39991,West Coast,LOSER,0,185,West Coast,Gold Coast,-87,49,136,2.54,2.56,18984.09,4.3,4.5,24951.93,28,200,25185.46,200,,25208.44,25208.44
2025-03-20 00:00:00.000 Z,AFL/Carlton v Hawthorn,34110556,MATCH_ODDS,240707516,Match Odds,39980,Carlton,LOSER,0,140,Carlton,Hawthorn,-20,60,80,3.05,3.1,57954.25,2.84,3.3,61525.91,1.98,3.5,74908.5,2.66,3.8,82243.47,87806.72
2025-03-20 00:00:00.000 Z,AFL/Carlton v Hawthorn,34110556,MATCH_ODDS,240707516,Match Odds,39979,Hawthorn,WINNER,1,140,Carlton,Hawthorn,-20,60,80,1.48,1.5,280468.9,1.35,1.45,298135.03,1.62,2,327498.91,1.4,1.6,347153.04,513457.24
2025-03-21 00:00:00.000 Z,AFL/Western Bulldogs v Collingwood,34110555,MATCH_ODDS,240707037,Match Odds,217709,Collingwood,WINNER,1,146,Western Bulldogs,Collingwood,-6,70,76,1.45,1.46,413789.96,1.8,1.9,442594.91,1.8,1.87,454935.59,1.35,1.4,475875.5,502311.55
2025-03-21 00:00:00.000 Z,AFL/Western Bulldogs v Collingwood,34110555,MATCH_ODDS,240707037,Match Odds,39986,Western Bulldogs,LOSER,0,146,Western Bulldogs,Collingwood,-6,70,76,3.15,3.2,72516.95,2.12,2.22,85475.48,1.89,2.22,88452.81,3.2,3.8,90947.35,94077.56
2025-03-22 00:00:00.000 Z,AFL/Port Adelaide v Richmond,34110557,MATCH_ODDS,240707995,Match Odds,39978,Port Adelaide,WINNER,1,208,Port Adelaide,Richmond,72,140,68,1.15,1.17,207047.22,1.01,1.02,223862.03,,1.01,242528.04,,1.01,242528.04,242528.04
2025-03-22 00:00:00.000 Z,AFL/Port Adelaide v Richmond,34110557,MATCH_ODDS,240707995,Match Odds,39981,Richmond,LOSER,0,208,Port Adelaide,Richmond,72,140,68,6.8,7.2,33523.33,21,80,34600.54,7.2,300,34621.49,1000,,34625.02,34626.32
2025-03-22 00:00:00.000 Z,AFL/Essendon v Adelaide,34110558,MATCH_ODDS,240708474,Match Odds,39982,Adelaide,WINNER,1,261,Essendon,Adelaide,-61,100,161,1.52,1.53,140755.47,1.24,1.26,166003.93,1.02,1.04,180451.23,,1.01,193807.31,195498.53
2025-03-22 00:00:00.000 Z,AFL/Essendon v Adelaide,34110558,MATCH_ODDS,240708474,Match Odds,39977,Essendon,LOSER,0,261,Essendon,Adelaide,-61,100,161,2.84,2.9,43290.28,4.1,5.5,47203.04,27,36,47872.15,110,,48077.3,48078.51
2025-03-22 00:00:00.000 Z,AFL/St Kilda v Geelong,34110559,MATCH_ODDS,240708953,Match Odds,39988,Geelong,LOSER,0,189,St Kilda,Geelong,7,98,91,1.34,1.35,286558.95,2.82,2.82,309949.19,4,4.5,317935.68,5,7.4,325553.51,331645.92
2025-03-22 00:00:00.000 Z,AFL/St Kilda v Geelong,34110559,MATCH_ODDS,240708953,Match Odds,39990,St Kilda,WINNER,1,189,St Kilda,Geelong,7,98,91,3.85,3.9,55615.95,1.54,1.52,65321.46,1.22,1.32,132088.8,1.19,1.19,221324,259668.99
2025-03-23 00:00:00.000 Z,AFL/Brisbane v West Coast,34110560,MATCH_ODDS,240709432,Match Odds,42153,Brisbane,WINNER,1,169,Brisbane,West Coast,19,94,75,1.05,1.06,379784.66,1.32,1.36,396085.82,1.52,1.66,408385.62,1.1,1.39,450469.96,473214.36
2025-03-23 00:00:00.000 Z,AFL/Brisbane v West Coast,34110560,MATCH_ODDS,240709432,Match Odds,39991,West Coast,LOSER,0,169,Brisbane,West Coast,19,94,75,16.5,18,10905.92,3.6,4.2,12838.6,2.42,2.5,15460.9,5.9,26,20250.38,20601.99
2025-03-23 00:00:00.000 Z,AFL/North Melbourne v Melbourne,34110561,MATCH_ODDS,240709918,Match Odds,298609,Melbourne,LOSER,0,191,North Melbourne,Melbourne,59,125,66,1.47,1.48,58961.34,1.47,2.96,62660.96,2.04,2.3,69940.02,3.7,6.6,74591.11,75164.13
2025-03-23 00:00:00.000 Z,AFL/North Melbourne v Melbourne,34110561,MATCH_ODDS,240709918,Match Odds,3459613,North Melbourne,WINNER,1,191,North Melbourne,Melbourne,59,125,66,3.1,3.15,15339.04,2.28,3,16594.32,1.75,2,19943.49,1.19,1.19,29732.8,43017.72
2025-03-23 00:00:00.000 Z,AFL/Fremantle v Sydney,34110562,MATCH_ODDS,240710397,Match Odds,39992,Fremantle,LOSER,0,133,Fremantle,Sydney,-3,65,68,1.72,1.73,66480.7,1.17,1.35,76884.65,1.48,1.45,81717.88,1.65,1.99,93718.8,106219.95
2025-03-23 00:00:00.000 Z,AFL/Fremantle v Sydney,34110562,MATCH_ODDS,240710397,Match Odds,39985,Sydney,WINNER,1,133,Fremantle,Sydney,-3,65,68,2.34,2.38,45478.11,4,6.8,49627.94,2.68,3.2,52204.04,2.02,3,61565.04,88849.9
2025-03-27 00:00:00.000 Z,AFL/Essendon v Port Adelaide,34131990,MATCH_ODDS,241195792,Match Odds,39977,Essendon,WINNER,1,132,Essendon,Port Adelaide,12,72,60,2.4,2.42,50165.67,2.04,3,61273.64,2.24,2.4,64500.32,2.4,3.45,70554.07,114890.07
2025-03-27 00:00:00.000 Z,AFL/Essendon v Port Adelaide,34131990,MATCH_ODDS,241195792,Match Odds,39978,Port Adelaide,LOSER,0,132,Essendon,Port Adelaide,12,72,60,1.7,1.71,138276.32,1.57,1.75,159694.69,1.71,1.75,173942.98,1.5,1.58,191545.49,201686
2025-03-28 00:00:00.000 Z,AFL/Carlton v Western Bulldogs,34131989,MATCH_ODDS,241195313,Match Odds,39980,Carlton,LOSER,0,158,Carlton,Western Bulldogs,-8,75,83,2.04,2.06,101070.36,1.34,1.48,113911.09,1.3,1.38,141631.02,1.92,1.98,172954.41,188903.65
2025-03-28 00:00:00.000 Z,AFL/Carlton v Western Bulldogs,34131989,MATCH_ODDS,241195313,Match Odds,39986,Western Bulldogs,WINNER,1,158,Carlton,Western Bulldogs,-8,75,83,1.95,1.96,191868.51,3.7,4,204706.39,2.66,4.1,214766.83,2.02,2.04,220096.9,258073.69
2025-03-29 00:00:00.000 Z,AFL/Melbourne v Gold Coast SUNS,34131991,MATCH_ODDS,241196271,Match Odds,4513766,Gold Coast,WINNER,1,182,Melbourne,Gold Coast,-58,62,120,1.84,1.86,93462.99,1.31,1.4,108562.47,1.26,1.28,112714.48,1.02,1.06,128025.41,136217.31
2025-03-29 00:00:00.000 Z,AFL/Melbourne v Gold Coast SUNS,34131991,MATCH_ODDS,241196271,Match Odds,298609,Melbourne,LOSER,0,182,Melbourne,Gold Coast,-58,62,120,2.16,2.18,97948.26,3.5,3.6,107747.79,4,5,109162.98,2,,110097.43,110145.5
2025-03-29 00:00:00.000 Z,AFL/St Kilda v Richmond,34131992,MATCH_ODDS,241196750,Match Odds,39981,Richmond,LOSER,0,188,St Kilda,Richmond,82,135,53,4.5,4.6,26960.88,5.4,8,28535.29,3.65,4.9,29322.18,130,,29703.05,29725.69
2025-03-29 00:00:00.000 Z,AFL/St Kilda v Richmond,34131992,MATCH_ODDS,241196750,Match Odds,39990,St Kilda,WINNER,1,188,St Kilda,Richmond,82,135,53,1.28,1.3,153128.64,1.15,1.2,162094.79,1.2,1.34,166143.55,,1.01,185116.04,186357.14
2025-03-29 00:00:00.000 Z,AFL/Hawthorn v GWS GIANTS,34131993,MATCH_ODDS,241197229,Match Odds,5304641,GWS,LOSER,0,140,Hawthorn,GWS,12,76,64,2.58,2.6,50415.28,1.37,1.53,60805.43,2.46,2.8,77110.66,9,,85310.69,86042.93
2025-03-29 00:00:00.000 Z,AFL/Hawthorn v GWS GIANTS,34131993,MATCH_ODDS,241197229,Match Odds,39979,Hawthorn,WINNER,1,140,Hawthorn,GWS,12,76,64,1.62,1.63,117414.18,2.52,3,134217.99,1.56,1.55,146580.18,1.06,1.12,169917.77,191751.98
2025-03-29 00:00:00.000 Z,AFL/Brisbane Lions v Geelong Cats,34131995,MATCH_ODDS,241198187,Match Odds,42153,Brisbane,WINNER,1,131,Brisbane Lions,Geelong Cats,,,,1.49,1.5,119177.12,1.79,1.86,137157.05,3.8,7,141734.14,1.64,1.58,160482.29,194334.55
2025-03-29 00:00:00.000 Z,AFL/Brisbane Lions v Geelong Cats,34131995,MATCH_ODDS,241198187,Match Odds,39988,Geelong,LOSER,0,131,Brisbane Lions,Geelong Cats,,,,3,3.05,26961.68,2.1,2.26,42829.84,1.25,1.45,49389.21,2.58,2.72,61207.76,64520.98
2025-03-30 00:00:00.000 Z,AFL/Adelaide Crows v North Melbourne,34131994,MATCH_ODDS,241197708,Match Odds,39982,Adelaide,WINNER,1,192,Adelaide Crows,North Melbourne,,,,1.12,1.13,210724.62,1.04,1.09,231779.64,1.03,1.07,238420.33,1.04,1.05,246249.29,253209.57
2025-03-30 00:00:00.000 Z,AFL/Adelaide Crows v North Melbourne,34131994,MATCH_ODDS,241197708,Match Odds,3459613,North Melbourne,LOSER,0,192,Adelaide Crows,North Melbourne,,,,8.6,8.8,14587.07,7,27,16140.63,7,34,16354.49,11.5,36,17049.51,17073.51
2025-03-30 00:00:00.000 Z,AFL/West Coast Eagles v Fremantle,34131996,MATCH_ODDS,241198666,Match Odds,39992,Fremantle,WINNER,1,174,West Coast Eagles,Fremantle,,,,1.33,1.36,168990.85,1.12,1.16,194738.77,1.05,1.08,213271.3,,1.01,236276.38,237006.8
2025-03-30 00:00:00.000 Z,AFL/West Coast Eagles v Fremantle,34131996,MATCH_ODDS,241198666,Match Odds,39991,West Coast,LOSER,0,174,West Coast Eagles,Fremantle,,,,3.85,3.9,61850.71,5.1,6.6,69771.52,10.5,17,71317.52,120,,71395.78,71397.83
2025-04-03 00:00:00.000 Z,AFL/Collingwood v Carlton,34153722,MATCH_ODDS,241612072,Match Odds,39980,Carlton,LOSER,0,109,Collingwood,Carlton,17,63,46,3.05,3.1,51272.69,2.8,3.8,54620.45,2.5,2.64,57869.44,24,990,62631.21,62736.57
2025-04-03 00:00:00.000 Z,AFL/Collingwood v Carlton,34153722,MATCH_ODDS,241612072,Match Odds,217709,Collingwood,WINNER,1,109,Collingwood,Carlton,17,63,46,1.48,1.48,206472.55,1.47,1.48,225695.5,1.59,1.67,231814.76,1.03,1.05,274027.97,289652.3
2025-04-04 00:00:00.000 Z,AFL/Geelong v Melbourne,34153721,MATCH_ODDS,241611594,Match Odds,39988,Geelong,WINNER,1,131,Geelong,Melbourne,39,85,46,1.25,1.26,328318.02,1.19,1.19,360054.36,1.12,1.2,411012.55,1.11,1.25,433316.91,446147.35
2025-04-04 00:00:00.000 Z,AFL/Geelong v Melbourne,34153721,MATCH_ODDS,241611594,Match Odds,298609,Melbourne,LOSER,0,131,Geelong,Melbourne,39,85,46,4.8,4.9,35590.35,6,6.2,43775.1,5.5,9.2,46137.84,6.8,11,51308.77,52036.88
2025-04-05 00:00:00.000 Z,AFL/Gold Coast v Adelaide,34153723,MATCH_ODDS,241612550,Match Odds,39982,Adelaide,LOSER,0,181,Gold Coast,Adelaide,1,91,90,2.18,2.2,56907.22,2.28,3.45,59782.7,2.04,2.36,63462.66,2.5,2.96,64578.76,65180.9
2025-04-05 00:00:00.000 Z,AFL/Gold Coast v Adelaide,34153723,MATCH_ODDS,241612550,Match Odds,4513766,Gold Coast,WINNER,1,181,Gold Coast,Adelaide,1,91,90,1.83,1.84,51866.65,1.6,1.89,60725.5,1.75,1.98,63106.19,1.51,1.66,71894.84,81872.2
2025-04-05 00:00:00.000 Z,AFL/North Melbourne v Sydney,34153724,MATCH_ODDS,241613028,Match Odds,3459613,North Melbourne,LOSER,0,169,North Melbourne,Sydney,-65,52,117,2.24,2.28,80846.09,3.7,5.4,87215.45,4.4,7.8,88153.76,260,,89103.24,89105.95
2025-04-05 00:00:00.000 Z,AFL/North Melbourne v Sydney,34153724,MATCH_ODDS,241613028,Match Odds,39985,Sydney,WINNER,1,169,North Melbourne,Sydney,-65,52,117,1.78,1.79,112446.16,1.22,1.14,127737.4,1.18,1.2,135135.66,,1.01,160699.82,160746.65
2025-04-05 00:00:00.000 Z,AFL/Richmond v Brisbane,34153725,MATCH_ODDS,241613506,Match Odds,42153,Brisbane,WINNER,1,208,Richmond,Brisbane,-28,90,118,1.1,1.11,168586.81,1.03,1.04,178710.86,1.01,1.02,185085.35,,1.01,197996.47,198154.71
2025-04-05 00:00:00.000 Z,AFL/Richmond v Brisbane,34153725,MATCH_ODDS,241613506,Match Odds,39981,Richmond,LOSER,0,208,Richmond,Brisbane,-28,90,118,10,11,18318.79,13.5,1000,18747.94,24,330,18815.26,500,,18999.11,19017.41
2025-04-06 00:00:00.000 Z,AFL/Port Adelaide v St Kilda,34153726,MATCH_ODDS,241613984,Match Odds,39978,Port Adelaide,LOSER,0,161,Port Adelaide,St Kilda,-17,72,89,1.53,1.54,66363.2,2.88,3,75209.6,1.83,4,79098.98,2.2,4.7,81524.84,83473.01
2025-04-06 00:00:00.000 Z,AFL/Port Adelaide v St Kilda,34153726,MATCH_ODDS,241613984,Match Odds,39990,St Kilda,WINNER,1,161,Port Adelaide,St Kilda,-17,72,89,2.84,2.86,25850.5,1.41,1.9,34423.89,1.26,1.45,41244.91,1.3,1.36,57936.51,80511.55
2025-04-06 00:00:00.000 Z,AFL/GWS v West Coast,34153727,MATCH_ODDS,241614462,Match Odds,5304641,GWS,WINNER,1,183,GWS,West Coast,81,132,51,1.05,1.06,319088.06,,1.01,333224.2,,1.01,333975.25,,1.01,333977.37,333977.37
2025-04-06 00:00:00.000 Z,AFL/GWS v West Coast,34153727,MATCH_ODDS,241614462,Match Odds,39991,West Coast,LOSER,0,183,GWS,West Coast,81,132,51,20,22,16519.54,48,1000,16859.17,1000,,16865.14,250,,16865.14,16865.14
2025-04-06 00:00:00.000 Z,AFL/Fremantle v Western Bulldogs,34153728,MATCH_ODDS,241614940,Match Odds,39992,Fremantle,WINNER,1,178,Fremantle,Western Bulldogs,16,97,81,1.66,1.68,73323.03,1.6,1.6,80190.35,1.05,1.09,92828.66,1.04,1.05,115652.7,157743
2025-04-06 00:00:00.000 Z,AFL/Fremantle v Western Bulldogs,34153728,MATCH_ODDS,241614940,Match Odds,39986,Western Bulldogs,LOSER,0,178,Fremantle,Western Bulldogs,16,97,81,2.46,2.5,25153.78,2.28,2.68,28855.38,9.2,12,31051.11,6.2,36,31489.68,32207.6
2025-04-10 00:00:00.000 Z,AFL/Adelaide Crows v Geelong Cats,34175987,MATCH_ODDS,241722401,Match Odds,39982,Adelaide,LOSER,0,219,Adelaide Crows,Geelong Cats,,,,1.52,1.53,235892.29,1.35,1.41,250074.11,1.3,1.3,276982.23,1.37,1.48,311903.09,317027.84
2025-04-10 00:00:00.000 Z,AFL/Adelaide Crows v Geelong Cats,34175987,MATCH_ODDS,241722401,Match Odds,39988,Geelong,WINNER,1,219,Adelaide Crows,Geelong Cats,,,,2.88,2.9,72084.13,3.1,3.4,73540.91,4.2,4.3,74820.31,3.1,3.7,84291.15,122275.22
2025-04-11 00:00:00.000 Z,AFL/Collingwood v Sydney,34175988,MATCH_ODDS,241722879,Match Odds,217709,Collingwood,WINNER,1,187,Collingwood,Sydney,31,109,78,1.71,1.72,187289.56,1.65,1.72,217930.57,1.11,1.22,253398,1.09,1.13,293482.82,312273.66
2025-04-11 00:00:00.000 Z,AFL/Collingwood v Sydney,34175988,MATCH_ODDS,241722879,Match Odds,39985,Sydney,LOSER,0,187,Collingwood,Sydney,31,109,78,2.38,2.4,71947.88,2.36,2.48,88122.91,3.45,7.6,93651.9,8.6,13,98223.15,98383.96
2025-04-12 00:00:00.000 Z,AFL/North Melbourne v Gold Coast,34175989,MATCH_ODDS,241723357,Match Odds,4513766,Gold Coast,WINNER,1,230,North Melbourne,Gold Coast,-52,89,141,1.26,1.27,70636.4,1.15,1.19,81601.8,1.31,1.6,88386.33,1.05,1.14,91067.89,100886.07
2025-04-12 00:00:00.000 Z,AFL/North Melbourne v Gold Coast,34175989,MATCH_ODDS,241723357,Match Odds,3459613,North Melbourne,LOSER,0,230,North Melbourne,Gold Coast,-52,89,141,4.7,4.8,19553.55,5.2,10,20843.99,3.45,,21373.16,8,,22123.92,22156.44
2025-04-12 00:00:00.000 Z,AFL/Carlton v West Coast,34175990,MATCH_ODDS,241723835,Match Odds,39980,Carlton,WINNER,1,171,Carlton,West Coast,71,121,50,1.17,1.19,126155.88,1.14,1.3,145486.14,1.06,1.07,149636.16,,1.01,165391.25,166520.8
2025-04-12 00:00:00.000 Z,AFL/Carlton v West Coast,34175990,MATCH_ODDS,241723835,Match Odds,39991,West Coast,LOSER,0,171,Carlton,West Coast,71,121,50,6.4,6.6,31361.85,6.8,10,33855.02,15,20,34001.54,1000,,34293.03,34299
2025-04-12 00:00:00.000 Z,AFL/Western Bulldogs v Brisbane,34175991,MATCH_ODDS,241724313,Match Odds,42153,Brisbane,WINNER,1,215,Western Bulldogs,Brisbane,-21,97,118,1.54,1.55,112072.46,1.41,1.42,139391.85,5.3,5.9,150357.67,1.62,2.06,159683.19,205998.19
2025-04-12 00:00:00.000 Z,AFL/Western Bulldogs v Brisbane,34175991,MATCH_ODDS,241724313,Match Odds,39986,Western Bulldogs,LOSER,0,215,Western Bulldogs,Brisbane,-21,97,118,2.8,2.82,45901.06,2.78,7,53943.15,1.2,1.21,82554.11,2,2.1,107469.79,112337.74
2025-04-12 00:00:00.000 Z,AFL/Melbourne v Essendon,34175993,MATCH_ODDS,241725269,Match Odds,39977,Essendon,WINNER,1,153,Melbourne,Essendon,-39,57,96,2.02,2.06,59245.79,1.5,1.5,74460.02,1.11,1.12,92860.39,1.25,1.3,120057.94,162891.54
2025-04-12 00:00:00.000 Z,AFL/Melbourne v Essendon,34175993,MATCH_ODDS,241725269,Match Odds,298609,Melbourne,LOSER,0,153,Melbourne,Essendon,-39,57,96,1.95,1.98,133426.87,2.82,3,143819.58,7.2,10,146829.56,2.98,22,149384.79,149859.68
2025-04-13 00:00:00.000 Z,AFL/Richmond v Fremantle,34175992,MATCH_ODDS,241724791,Match Odds,39992,Fremantle,WINNER,1,155,Richmond,Fremantle,-61,47,108,1.12,1.13,130251.75,1.06,1.1,159207.42,1.1,1.11,166039.04,,1.03,178215.57,178215.57
2025-04-13 00:00:00.000 Z,AFL/Richmond v Fremantle,34175992,MATCH_ODDS,241724791,Match Odds,39981,Richmond,LOSER,0,155,Richmond,Fremantle,-61,47,108,8.8,9.2,10673.08,5.6,18,12867.94,6.8,24,13313.44,10,,13731.27,13739.6
2025-04-13 00:00:00.000 Z,AFL/Port Adelaide v Hawthorn,34175994,MATCH_ODDS,241725747,Match Odds,39979,Hawthorn,LOSER,0,212,Port Adelaide,Hawthorn,30,121,91,1.49,1.5,216583.61,3.25,3.3,245687.38,4.8,36,250912.59,55,,252339.22,252729.61
2025-04-13 00:00:00.000 Z,AFL/Port Adelaide v Hawthorn,34175994,MATCH_ODDS,241725747,Match Odds,39978,Port Adelaide,WINNER,1,212,Port Adelaide,Hawthorn,30,121,91,3,3.05,67196.17,1.42,1.41,101860.99,1.02,1.03,265120.15,,1.01,331471.6,387382.92
2025-04-13 00:00:00.000 Z,AFL/St Kilda v GWS,34175995,MATCH_ODDS,241726225,Match Odds,5304641,GWS,WINNER,1,192,St Kilda,GWS,-28,82,110,1.55,1.56,69424.73,1.41,1.63,83812.6,1.16,1.22,88254.99,,1.01,131090.56,131326.66
2025-04-13 00:00:00.000 Z,AFL/St Kilda v GWS,34175995,MATCH_ODDS,241726225,Match Odds,39990,St Kilda,LOSER,0,192,St Kilda,GWS,-28,82,110,2.74,2.8,26236.57,2.7,4,30693.76,5.6,6.2,31593.52,120,990,32301.32,32352.48
2025-04-17 00:00:00.000 Z,AFL/Brisbane Lions v Collingwood,34200693,MATCH_ODDS,242072936,Match Odds,42153,Brisbane,LOSER,0,158,Brisbane Lions,Collingwood,,,,1.58,1.59,187650.33,1.87,1.89,242967.52,2.62,2.88,255694.93,65,90,264192.14,264277.93
2025-04-17 00:00:00.000 Z,AFL/Brisbane Lions v Collingwood,34200693,MATCH_ODDS,242072936,Match Odds,217709,Collingwood,WINNER,1,158,Brisbane Lions,Collingwood,,,,2.68,2.7,40471.05,1.97,2.24,58784.83,1.55,1.55,76897.17,1.01,1.03,149790.2,160987.52
2025-04-18 00:00:00.000 Z,AFL/North Melbourne v Carlton,34200694,MATCH_ODDS,242073414,Match Odds,39980,Carlton,WINNER,1,224,North Melbourne,Carlton,-82,71,153,1.44,1.45,142692.39,1.07,1.07,177431.95,1.08,1.09,360905.45,,1.01,391297.19,391497.19
2025-04-18 00:00:00.000 Z,AFL/North Melbourne v Carlton,34200694,MATCH_ODDS,242073414,Match Odds,3459613,North Melbourne,LOSER,0,224,North Melbourne,Carlton,-82,71,153,3.25,3.3,46171.15,14,,50898.53,4.9,12,52776.87,260,1000,54156.82,54160.44
2025-04-18 00:00:00.000 Z,AFL/West Coast Eagles v Essendon,34200696,MATCH_ODDS,242073892,Match Odds,39977,Essendon,WINNER,1,152,West Coast Eagles,Essendon,,,,1.36,1.37,133397.87,2.62,6,168116.05,2.2,2.3,181610.99,1.45,1.5,203158.69,247190.19
2025-04-18 00:00:00.000 Z,AFL/West Coast Eagles v Essendon,34200696,MATCH_ODDS,242073892,Match Odds,39991,West Coast,LOSER,0,152,West Coast Eagles,Essendon,,,,3.7,3.75,42755.96,1.57,1.59,58938.23,1.73,1.82,78663.26,3,3.2,99954.79,104717.45
2025-04-19 00:00:00.000 Z,AFL/Melbourne v Fremantle,34200697,MATCH_ODDS,242074370,Match Odds,39992,Fremantle,LOSER,0,204,Melbourne,Fremantle,10,107,97,1.36,1.38,126367.34,1.63,1.76,144413.84,2,3.5,157921.73,2.16,2.34,161919.1,164500.91
2025-04-19 00:00:00.000 Z,AFL/Melbourne v Fremantle,34200697,MATCH_ODDS,242074370,Match Odds,298609,Melbourne,WINNER,1,204,Melbourne,Fremantle,10,107,97,3.65,3.7,46185.13,1.89,2.38,50543.29,1.84,1.99,67408.89,1.61,1.85,78648.51,113569.88
2025-04-19 00:00:00.000 Z,AFL/Richmond v Gold Coast,34200698,MATCH_ODDS,242074848,Match Odds,4513766,Gold Coast,LOSER,0,149,Richmond,Gold Coast,11,80,69,1.12,1.13,276060.58,1.16,1.2,305161.28,1.45,1.46,328598,15,21,345626.51,347224
2025-04-19 00:00:00.000 Z,AFL/Richmond v Gold Coast,34200698,MATCH_ODDS,242074848,Match Odds,39981,Richmond,WINNER,1,149,Richmond,Gold Coast,11,80,69,8.6,8.8,29714.57,4.9,8.8,34843.29,3.05,10.5,35666.55,1.04,1.05,117114.37,183671.44
2025-04-19 00:00:00.000 Z,AFL/Adelaide v GWS,34200699,MATCH_ODDS,242075326,Match Odds,39982,Adelaide,WINNER,1,86,Adelaide,GWS,18,52,34,1.66,1.68,61388.18,1.28,1.33,76478.78,1.34,1.4,79390.48,1.08,1.09,98167.7,121547.49
2025-04-19 00:00:00.000 Z,AFL/Adelaide v GWS,34200699,MATCH_ODDS,242075326,Match Odds,5304641,GWS,LOSER,0,86,Adelaide,GWS,18,52,34,2.48,2.5,37059.57,3.6,5,43120.01,3.6,4,45026.43,6.8,13,48467.23,48924.53
2025-04-20 00:00:00.000 Z,AFL/Western Bulldogs v St Kilda,34200700,MATCH_ODDS,242075804,Match Odds,39990,St Kilda,LOSER,0,183,Western Bulldogs,St Kilda,71,127,56,2.62,2.64,38265.05,1.93,2.42,57076.91,6.2,9.2,64176.39,140,980,64852.54,64854.14
2025-04-20 00:00:00.000 Z,AFL/Western Bulldogs v St Kilda,34200700,MATCH_ODDS,242075804,Match Odds,39986,Western Bulldogs,WINNER,1,183,Western Bulldogs,St Kilda,71,127,56,1.6,1.61,117420.64,1.8,1.97,153782.42,1.11,1.13,201146.59,,1.01,270358.18,271442.24
2025-04-20 00:00:00.000 Z,AFL/Sydney Swans v Port Adelaide,34200701,MATCH_ODDS,242076282,Match Odds,39978,Port Adelaide,WINNER,1,162,Sydney Swans,Port Adelaide,,,,2.42,2.46,59769,1.46,1.47,73250.43,1.24,1.29,96353.48,1.06,1.09,119138.38,142720.73
2025-04-20 00:00:00.000 Z,AFL/Sydney Swans v Port Adelaide,34200701,MATCH_ODDS,242076282,Match Odds,39985,Sydney,LOSER,0,162,Sydney Swans,Port Adelaide,,,,1.69,1.7,125104.95,2.68,3.45,135832.5,4.3,5,140398.59,8.8,13.5,142737.37,144137.64
2025-04-21 00:00:00.000 Z,AFL/Geelong Cats v Hawthorn,34200702,MATCH_ODDS,242076760,Match Odds,39988,Geelong,WINNER,1,165,Geelong Cats,Hawthorn,,,,2.02,2.04,158359.09,1.8,1.84,207452.52,1.76,1.89,236483.89,1.65,1.99,257787.04,328861.5
2025-04-21 00:00:00.000 Z,AFL/Geelong Cats v Hawthorn,34200702,MATCH_ODDS,242076760,Match Odds,39979,Hawthorn,LOSER,0,165,Geelong Cats,Hawthorn,,,,1.96,1.97,238135.4,2.18,2.5,272510.45,1.8,4.4,277593.34,1.81,2.08,292008.02,302229.04
2025-04-24 00:00:00.000 Z,AFL/Melbourne v Richmond,34219299,MATCH_ODDS,242371962,Match Odds,298609,Melbourne,WINNER,1,146,Melbourne,Richmond,20,83,63,1.34,1.35,280976.97,1.2,1.24,319441.51,1.33,1.35,359848.48,1.01,1.02,439957.93,445109.3
2025-04-24 00:00:00.000 Z,AFL/Melbourne v Richmond,34219299,MATCH_ODDS,242371962,Match Odds,39981,Richmond,LOSER,0,146,Melbourne,Richmond,20,83,63,3.85,3.9,37116,4.3,5.1,39259.02,3.4,3.9,42924.65,24,,45427.97,45453.24
2025-04-25 00:00:00.000 Z,AFL/Collingwood v Essendon,34219298,MATCH_ODDS,242371394,Match Odds,217709,Collingwood,WINNER,1,173,Collingwood,Essendon,41,107,66,1.26,1.27,426314.33,1.11,1.14,472700.43,1.17,1.18,496698.47,1.04,1.05,518166.32,534299.1
2025-04-25 00:00:00.000 Z,AFL/Collingwood v Essendon,34219298,MATCH_ODDS,242371394,Match Odds,39977,Essendon,LOSER,0,173,Collingwood,Essendon,41,107,66,4.8,4.9,53001.47,8.2,9,58350.33,4,10.5,58956.58,9,,60456.09,60548.46
2025-04-25 00:00:00.000 Z,AFL/Fremantle v Adelaide Crows,34219300,MATCH_ODDS,242372530,Match Odds,39982,Adelaide,LOSER,0,152,Fremantle,Adelaide Crows,18,85,67,2.24,2.26,75971.16,3.45,4.5,80703.44,3.3,3.5,83170.34,9.8,36,83773.85,83956.54
2025-04-25 00:00:00.000 Z,AFL/Fremantle v Adelaide Crows,34219300,MATCH_ODDS,242372530,Match Odds,39992,Fremantle,WINNER,1,152,Fremantle,Adelaide Crows,18,85,67,1.78,1.8,143355.93,1.24,1.34,177169.39,1.25,1.46,197894.18,1.02,1.03,205504.13,236027.48
2025-04-26 00:00:00.000 Z,AFL/St Kilda v Brisbane Lions,34219301,MATCH_ODDS,242373098,Match Odds,42153,Brisbane,WINNER,1,191,St Kilda,Brisbane Lions,-45,73,118,1.53,1.54,75254.95,1.14,1.18,91226.7,1.02,1.03,109375.91,,1.01,231036.22,233077.02
2025-04-26 00:00:00.000 Z,AFL/St Kilda v Brisbane Lions,34219301,MATCH_ODDS,242373098,Match Odds,39990,St Kilda,LOSER,0,191,St Kilda,Brisbane Lions,-45,73,118,2.86,2.88,32732.64,5.5,8,35501.67,9.4,,35966.77,1000,,36162.74,36187.74
2025-04-26 00:00:00.000 Z,AFL/Port Adelaide v North Melbourne,34219302,MATCH_ODDS,242373666,Match Odds,3459613,North Melbourne,LOSER,0,185,Port Adelaide,North Melbourne,9,97,88,8.6,8.8,12207.5,21,,17781.86,9.8,17.5,18082.86,4.9,20,19267.16,20534.47
2025-04-26 00:00:00.000 Z,AFL/Port Adelaide v North Melbourne,34219302,MATCH_ODDS,242373666,Match Odds,39978,Port Adelaide,WINNER,1,185,Port Adelaide,North Melbourne,9,97,88,1.13,1.14,141163.63,1.02,1.09,247108.72,1.07,1.11,261395.85,1.07,1.13,279697.41,298217.62
2025-04-26 00:00:00.000 Z,AFL/GWS GIANTS v Western Bulldogs,34219303,MATCH_ODDS,242374144,Match Odds,5304641,GWS,LOSER,0,194,GWS,Western Bulldogs,-32,81,113,1.65,1.66,125295.18,1.5,1.98,155579.8,2.06,2.22,166229.25,990,,169229.03,169229.03
2025-04-26 00:00:00.000 Z,AFL/GWS GIANTS v Western Bulldogs,34219303,MATCH_ODDS,242374144,Match Odds,39986,Western Bulldogs,WINNER,1,194,GWS,Western Bulldogs,-32,81,113,2.5,2.52,102545.35,2.5,5,116811.46,1.93,1.98,126112.92,,1.01,196349.52,196349.52
2025-04-27 00:00:00.000 Z,AFL/Carlton v Geelong Cats,34219304,MATCH_ODDS,242374622,Match Odds,39980,Carlton,WINNER,1,170,Carlton,Geelong Cats,18,94,76,2.34,2.36,57025.71,1.95,4.4,81347.2,1.21,1.4,115783.59,1.05,1.07,145452.27,189621.47
2025-04-27 00:00:00.000 Z,AFL/Carlton v Geelong Cats,34219304,MATCH_ODDS,242374622,Match Odds,39988,Geelong,LOSER,0,170,Carlton,Geelong Cats,18,94,76,1.73,1.74,81073.11,1.69,2.04,110543.03,3.55,5.5,120493.18,13.5,17.5,127868.67,134583.99
2025-04-27 00:00:00.000 Z,AFL/Gold Coast SUNS v Sydney Swans,34219305,MATCH_ODDS,242375100,Match Odds,4513766,Gold Coast,WINNER,1,196,Gold Coast,Sydney Swans,38,117,79,1.45,1.46,99462.2,2.88,3,111098.75,2.4,10,113731.76,1.06,1.08,130525.15,143347.6
2025-04-27 00:00:00.000 Z,AFL/Gold Coast SUNS v Sydney Swans,34219305,MATCH_ODDS,242375100,Match Odds,39985,Sydney,LOSER,0,196,Gold Coast,Sydney Swans,38,117,79,3.05,3.35,32925.69,1.4,1.67,42783.23,1.42,2.4,54964.58,15,,60264.6,60273.29
2025-04-27 00:00:00.000 Z,AFL/Hawthorn v West Coast Eagles,34219306,MATCH_ODDS,242375578,Match Odds,39979,Hawthorn,WINNER,1,198,Hawthorn,West Coast Eagles,50,124,74,1.05,1.06,150594.07,1.03,1.04,163783.45,,1.01,167915.83,,1.01,169383.16,169383.16
2025-04-27 00:00:00.000 Z,AFL/Hawthorn v West Coast Eagles,34219306,MATCH_ODDS,242375578,Match Odds,39991,West Coast,LOSER,0,198,Hawthorn,West Coast Eagles,50,124,74,17.5,18,8812.66,15,36,9068.94,140,990,9096.09,150,,9152,9162
2025-05-01 00:00:00.000 Z,AFL/Essendon v North Melbourne,34243487,MATCH_ODDS,242751360,Match Odds,39977,Essendon,WINNER,1,127,Essendon,North Melbourne,3,65,62,1.32,1.33,280032.81,1.08,1.12,329597.62,1.06,1.09,343489.23,1.4,1.64,402958.58,450698.37
2025-05-01 00:00:00.000 Z,AFL/Essendon v North Melbourne,34243487,MATCH_ODDS,242751360,Match Odds,3459613,North Melbourne,LOSER,0,127,Essendon,North Melbourne,3,65,62,4,4.1,37017.93,5.9,11.5,39150.92,14,,39656.82,2.4,6,44729.69,52147.19
2025-05-02 00:00:00.000 Z,AFL/St Kilda v Fremantle,34243489,MATCH_ODDS,242752316,Match Odds,39992,Fremantle,LOSER,0,127,St Kilda,Fremantle,61,94,33,1.64,1.65,171075.66,1.9,2,197532.81,3.1,4,207433.6,110,190,210610.18,210683.54
2025-05-02 00:00:00.000 Z,AFL/St Kilda v Fremantle,34243489,MATCH_ODDS,242752316,Match Odds,39990,St Kilda,WINNER,1,127,St Kilda,Fremantle,61,94,33,2.54,2.56,65381.34,1.87,2.88,69524.97,1.32,1.37,86851.63,,1.01,135483.03,140030.58
2025-05-03 00:00:00.000 Z,AFL/Western Bulldogs v Port Adelaide,34243488,MATCH_ODDS,242751838,Match Odds,39978,Port Adelaide,LOSER,0,172,Western Bulldogs,Port Adelaide,90,131,41,3.9,4,19852.41,3.5,4.8,23540.03,9.4,20,24612.24,270,,24731.38,24735.37
2025-05-03 00:00:00.000 Z,AFL/Western Bulldogs v Port Adelaide,34243488,MATCH_ODDS,242751838,Match Odds,39986,Western Bulldogs,WINNER,1,172,Western Bulldogs,Port Adelaide,90,131,41,1.33,1.34,181527.37,1.26,1.32,198459.15,1.05,1.1,210615.2,,1.01,227265.66,227265.66
2025-05-03 00:00:00.000 Z,AFL/Collingwood v Geelong Cats,34243490,MATCH_ODDS,242752794,Match Odds,217709,Collingwood,LOSER,0,177,Collingwood,Geelong Cats,-3,87,90,1.51,1.52,141245.04,1.43,1.56,217590.03,1.41,1.47,229786.92,1.41,1.6,243082.81,249355.34
2025-05-03 00:00:00.000 Z,AFL/Collingwood v Geelong Cats,34243490,MATCH_ODDS,242752794,Match Odds,39988,Geelong,WINNER,1,177,Collingwood,Geelong Cats,-3,87,90,2.94,2.96,36877.23,2.28,6,95017.57,3.1,3.6,96936.33,3.05,3.45,99682.7,221132.4
2025-05-03 00:00:00.000 Z,AFL/Adelaide Crows v Carlton,34243492,MATCH_ODDS,242753750,Match Odds,39982,Adelaide,WINNER,1,160,Adelaide Crows,Carlton,,,,1.72,1.73,72350.35,1.28,1.33,82763.89,1.04,1.05,104408.28,,1.01,135399.75,135401.46
2025-05-03 00:00:00.000 Z,AFL/Adelaide Crows v Carlton,34243492,MATCH_ODDS,242753750,Match Odds,39980,Carlton,LOSER,0,160,Adelaide Crows,Carlton,,,,2.36,2.38,66608.06,4,5,72901,22,,74414.82,180,1000,74689.41,74694.41
2025-05-03 00:00:00.000 Z,AFL/West Coast Eagles v Melbourne,34243494,MATCH_ODDS,242754706,Match Odds,298609,Melbourne,WINNER,1,184,West Coast Eagles,Melbourne,,,,1.59,1.6,55155.74,1.3,1.45,61422.47,2.02,2.06,65521.12,,1.01,92906.63,92906.63
2025-05-03 00:00:00.000 Z,AFL/West Coast Eagles v Melbourne,34243494,MATCH_ODDS,242754706,Match Odds,39991,West Coast,LOSER,0,184,West Coast Eagles,Melbourne,,,,2.66,2.68,44099.65,3.5,4.4,45462.39,1.81,2,47165.44,24,990,49772.99,49775.99
2025-05-04 00:00:00.000 Z,AFL/Sydney Swans v GWS GIANTS,34243491,MATCH_ODDS,242753272,Match Odds,5304641,GWS,LOSER,0,160,Sydney Swans,GWS,,,,1.75,1.77,57579.53,2.78,13,69995.01,1.93,2.1,75240.07,3.5,3.8,77703.97,78450.52
2025-05-04 00:00:00.000 Z,AFL/Sydney Swans v GWS GIANTS,34243491,MATCH_ODDS,242753272,Match Odds,39985,Sydney,WINNER,1,160,Sydney Swans,GWS,,,,2.28,2.3,31781.51,1.39,1.57,63621.39,2,2.48,76937.29,1.35,1.39,83389.54,102960.89
2025-05-04 00:00:00.000 Z,AFL/Brisbane Lions v Gold Coast SUNS,34243493,MATCH_ODDS,242754228,Match Odds,42153,Brisbane,WINNER,1,115,Brisbane Lions,Gold Coast,,,,1.52,1.53,196058.92,1.46,1.46,221596.99,1.25,1.27,251833.28,,1.01,280709.16,282800.64
2025-05-04 00:00:00.000 Z,AFL/Brisbane Lions v Gold Coast SUNS,34243493,MATCH_ODDS,242754228,Match Odds,4513766,Gold Coast,LOSER,0,115,Brisbane Lions,Gold Coast,,,,2.88,2.9,50317.88,2.52,3.45,56566.3,4.2,10,60262.76,48,990,61746,61778.62
2025-05-04 00:00:00.000 Z,AFL/Hawthorn v Richmond,34243495,MATCH_ODDS,242755184,Match Odds,39979,Hawthorn,WINNER,1,153,Hawthorn,Richmond,65,109,44,1.1,1.11,213042.87,1.05,1.07,233287.62,,1.01,277722.48,,1.01,279146.59,279146.59
2025-05-04 00:00:00.000 Z,AFL/Hawthorn v Richmond,34243495,MATCH_ODDS,242755184,Match Odds,39981,Richmond,LOSER,0,153,Hawthorn,Richmond,65,109,44,10,10.5,16539.74,18,,18301.68,21,,18866.45,240,,18880.55,18880.55
2025-05-08 00:00:00.000 Z,AFL/Fremantle v Collingwood,34264481,MATCH_ODDS,243099248,Match Odds,217709,Collingwood,WINNER,1,180,Fremantle,Collingwood,-14,83,97,1.82,1.84,321146.92,1.63,2.7,341835.69,1.61,1.86,348292.85,1.16,1.18,375030.55,448727.54
2025-05-08 00:00:00.000 Z,AFL/Fremantle v Collingwood,34264481,MATCH_ODDS,243099248,Match Odds,39992,Fremantle,LOSER,0,180,Fremantle,Collingwood,-14,83,97,2.18,2.2,154372.91,2.54,2.6,188557.11,2.16,2.98,193823.52,6.6,3.75,201993.97,207894.13
2025-05-09 00:00:00.000 Z,AFL/St Kilda v Carlton,34264482,MATCH_ODDS,243099727,Match Odds,39980,Carlton,WINNER,1,139,St Kilda,Carlton,-15,62,77,1.55,1.56,164220.98,1.44,1.59,217077.43,1.34,1.47,252105.16,1.18,1.22,267594.68,336490.93
2025-05-09 00:00:00.000 Z,AFL/St Kilda v Carlton,34264482,MATCH_ODDS,243099727,Match Odds,39990,St Kilda,LOSER,0,139,St Kilda,Carlton,-15,62,77,2.78,2.78,49604.4,2.7,3,54806.1,3.5,3.85,59977.87,3.7,20,64735.74,66126.95
2025-05-10 00:00:00.000 Z,AFL/Essendon v Sydney Swans,34264483,MATCH_ODDS,243100205,Match Odds,39977,Essendon,WINNER,1,134,Essendon,Sydney Swans,8,71,63,2.54,2.56,34810.24,1.72,1.85,46961.23,1.09,1.09,74176.71,1.04,1.06,132484.49,179235.72
2025-05-10 00:00:00.000 Z,AFL/Essendon v Sydney Swans,34264483,MATCH_ODDS,243100205,Match Odds,39985,Sydney,LOSER,0,134,Essendon,Sydney Swans,8,71,63,1.64,1.65,52369.24,2.1,2.98,70967.81,11.5,13,76051.3,7.8,,78273.95,80020.86
2025-05-10 00:00:00.000 Z,AFL/Gold Coast SUNS v Western Bulldogs,34264484,MATCH_ODDS,243100684,Match Odds,4513766,Gold Coast,WINNER,1,202,Gold Coast,Western Bulldogs,10,106,96,1.86,1.87,118119.81,1.46,1.62,132804.69,1.51,1.6,141953.48,1.12,1.12,155770.11,228743.63
2025-05-10 00:00:00.000 Z,AFL/Gold Coast SUNS v Western Bulldogs,34264484,MATCH_ODDS,243100684,Match Odds,39986,Western Bulldogs,LOSER,0,202,Gold Coast,Western Bulldogs,10,106,96,2.16,2.18,68107.31,2.62,3.25,76290.31,2.3,2.96,82147.71,9,10,88694.85,92399.42
2025-05-10 00:00:00.000 Z,AFL/Melbourne v Hawthorn,34264485,MATCH_ODDS,243101162,Match Odds,39979,Hawthorn,WINNER,1,147,Melbourne,Hawthorn,-35,56,91,1.26,1.27,70876.44,1.16,1.19,156464.97,1.29,1.33,166838.98,1.4,1.53,185368.56,212932.41
2025-05-10 00:00:00.000 Z,AFL/Melbourne v Hawthorn,34264485,MATCH_ODDS,243101162,Match Odds,298609,Melbourne,LOSER,0,147,Melbourne,Hawthorn,-35,56,91,4.7,4.8,11397.13,4,7.6,13059.06,4.3,5,13470.19,2.9,3,16985.07,18487.6
2025-05-10 00:00:00.000 Z,AFL/Port Adelaide v Adelaide Crows,34264486,MATCH_ODDS,243101640,Match Odds,39982,Adelaide,WINNER,1,173,Port Adelaide,Adelaide Crows,-5,84,89,1.39,1.4,66235.28,1.41,1.66,78806.61,1.34,1.69,83180.11,1.55,1.64,93842.79,126277.95
2025-05-10 00:00:00.000 Z,AFL/Port Adelaide v Adelaide Crows,34264486,MATCH_ODDS,243101640,Match Odds,39978,Port Adelaide,LOSER,0,173,Port Adelaide,Adelaide Crows,-5,84,89,3.4,3.55,22451.5,2.8,3.45,24952.87,2.2,6.4,25596.58,2.6,3.2,34669.59,36276.91
2025-05-11 00:00:00.000 Z,AFL/Richmond v West Coast Eagles,34264487,MATCH_ODDS,243102118,Match Odds,39981,Richmond,WINNER,1,160,Richmond,West Coast Eagles,2,81,79,1.48,1.49,75149.74,1.29,1.53,95625.9,1.55,1.68,100678.95,1.53,1.65,105995.59,123751.75
2025-05-11 00:00:00.000 Z,AFL/Richmond v West Coast Eagles,34264487,MATCH_ODDS,243102118,Match Odds,39991,West Coast,LOSER,0,160,Richmond,West Coast Eagles,2,81,79,3,3.05,32455.16,3.5,5.8,36362.28,2.5,3,37628.19,2.52,3.1,40241.51,43695.58
2025-05-11 00:00:00.000 Z,AFL/North Melbourne v Brisbane Lions,34264488,MATCH_ODDS,243102596,Match Odds,42153,Brisbane,WINNER,1,142,North Melbourne,Brisbane Lions,-0,71,71,1.13,1.14,165205.21,1.06,1.08,174158.79,1.01,1.03,216765.01,1.02,1.2,229930.54,241284.92
2025-05-11 00:00:00.000 Z,AFL/North Melbourne v Brisbane Lions,34264488,MATCH_ODDS,243102596,Match Odds,3459613,North Melbourne,WINNER,1,142,North Melbourne,Brisbane Lions,-0,71,71,8,8.6,22814.12,7.8,18,23467.12,9,,24061.71,4.9,6,24561.15,29436.89
2025-05-11 00:00:00.000 Z,AFL/Geelong Cats v GWS GIANTS,34264489,MATCH_ODDS,243103075,Match Odds,5304641,GWS,WINNER,1,206,Geelong Cats,GWS,,,,3.2,3.25,16683.58,1.99,3.45,21293.96,2.4,4,23489.04,1.56,6,25768.84,42145.44
2025-05-11 00:00:00.000 Z,AFL/Geelong Cats v GWS GIANTS,34264489,MATCH_ODDS,243103075,Match Odds,39988,Geelong,LOSER,0,206,Geelong Cats,GWS,,,,1.44,1.46,55806.41,1.75,2.1,63857.82,1.39,1.6,75678.26,2,2,78023.56,85326.84
2025-05-15 00:00:00.000 Z,AFL/Gold Coast v Hawthorn,34288406,MATCH_ODDS,243369805,Match Odds,4513766,Gold Coast,WINNER,1,200,Gold Coast,Hawthorn,8,104,96,1.67,1.68,180974.8,1.21,1.24,197870.87,1.22,1.36,216065.07,2.14,2.32,231057.43,260360.82
2025-05-15 00:00:00.000 Z,AFL/Gold Coast v Hawthorn,34288406,MATCH_ODDS,243369805,Match Odds,39979,Hawthorn,LOSER,0,200,Gold Coast,Hawthorn,8,104,96,2.46,2.5,54100.96,5,5.4,59719.27,2.94,12,60922.85,1.73,1.76,68246.33,73935.1
2025-05-16 00:00:00.000 Z,AFL/Sydney v Carlton,34288407,MATCH_ODDS,243370283,Match Odds,39980,Carlton,LOSER,0,140,Sydney,Carlton,16,78,62,2.36,2.38,40055.85,1.7,1.9,51172.04,1.77,2.42,56690.16,1.68,2.44,60187.88,66924.77
2025-05-16 00:00:00.000 Z,AFL/Sydney v Carlton,34288407,MATCH_ODDS,243370283,Match Odds,39985,Sydney,WINNER,1,140,Sydney,Carlton,16,78,62,1.72,1.73,105500.21,1.89,2.38,136090.55,2.02,3.5,137445.19,2.22,2.5,140227.54,188595.37
2025-05-17 00:00:00.000 Z,AFL/Port Adelaide v Geelong,34288408,MATCH_ODDS,243370761,Match Odds,39988,Geelong,WINNER,1,154,Port Adelaide,Geelong,-76,39,115,1.66,1.67,70661.2,1.62,1.98,82811.16,1.4,1.5,88416.66,,1.01,100591.96,113557.76
2025-05-17 00:00:00.000 Z,AFL/Port Adelaide v Geelong,34288408,MATCH_ODDS,243370761,Match Odds,39978,Port Adelaide,LOSER,0,154,Port Adelaide,Geelong,-76,39,115,2.48,2.52,24197.61,2.02,2.56,31029.41,2.98,4,34824.45,48,200,36298.65,36318.65
2025-05-17 00:00:00.000 Z,AFL/Collingwood v Adelaide,34288409,MATCH_ODDS,243371239,Match Odds,39982,Adelaide,LOSER,0,146,Collingwood,Adelaide,10,78,68,2.8,2.82,30263.04,3.45,3.9,36066.67,2.66,3.9,43610.69,4.9,6.4,46776.74,47851
2025-05-17 00:00:00.000 Z,AFL/Collingwood v Adelaide,34288409,MATCH_ODDS,243371239,Match Odds,217709,Collingwood,WINNER,1,146,Collingwood,Adelaide,10,78,68,1.54,1.55,301217.91,1.35,1.4,321470.11,1.4,2,338919.82,1.18,1.18,350194.55,388540.14
2025-05-17 00:00:00.000 Z,AFL/Western Bulldogs v Essendon,34288410,MATCH_ODDS,243371717,Match Odds,39977,Essendon,LOSER,0,163,Western Bulldogs,Essendon,91,127,36,4.7,4.8,18025.3,38,40,22732.8,110,990,23005.22,200,,23056.53,23066.53
2025-05-17 00:00:00.000 Z,AFL/Western Bulldogs v Essendon,34288410,MATCH_ODDS,243371717,Match Odds,39986,Western Bulldogs,WINNER,1,163,Western Bulldogs,Essendon,91,127,36,1.26,1.27,105850.96,1.02,1.04,142630.16,,1.01,179623.95,,1.01,179646.73,180187.43
2025-05-17 00:00:00.000 Z,AFL/GWS v Fremantle,34288411,MATCH_ODDS,243372195,Match Odds,39992,Fremantle,WINNER,1,156,GWS,Fremantle,-34,61,95,3.7,3.8,13603.84,2.2,2.58,14797.76,1.84,2.1,18533.32,1.05,1.04,33303.83,39884.91
2025-05-17 00:00:00.000 Z,AFL/GWS v Fremantle,34288411,MATCH_ODDS,243372195,Match Odds,5304641,GWS,LOSER,0,156,GWS,Fremantle,-34,61,95,1.36,1.37,61507.94,1.46,1.63,65609.59,1.95,2.2,69249.48,21,,71236.14,71291.41
2025-05-18 00:00:00.000 Z,AFL/Brisbane v Melbourne,34288412,MATCH_ODDS,243372673,Match Odds,42153,Brisbane,LOSER,0,187,Brisbane,Melbourne,-11,88,99,1.14,1.15,374390.36,1.06,1.08,390496.65,1.03,1.19,403204.25,1.05,1.16,407310.9,420576.09
2025-05-18 00:00:00.000 Z,AFL/Brisbane v Melbourne,34288412,MATCH_ODDS,243372673,Match Odds,298609,Melbourne,WINNER,1,187,Brisbane,Melbourne,-11,88,99,7.6,7.8,18061.82,6.8,,18487.67,6.4,,18619.37,7.2,,19226.8,73862.7
2025-05-18 00:00:00.000 Z,AFL/Richmond v North Melbourne,34288413,MATCH_ODDS,243373151,Match Odds,3459613,North Melbourne,WINNER,1,152,Richmond,North Melbourne,-4,74,78,1.59,1.61,89983.31,1.1,1.2,102206.2,1.74,1.98,113055.58,1.39,1.71,140386.74,159171.63
2025-05-18 00:00:00.000 Z,AFL/Richmond v North Melbourne,34288413,MATCH_ODDS,243373151,Match Odds,39981,Richmond,LOSER,0,152,Richmond,North Melbourne,-4,74,78,2.62,2.64,51094.63,5.4,7,53698.29,2,2.34,55982.82,2.4,12,67324.39,69107.63
2025-05-18 00:00:00.000 Z,AFL/West Coast v St Kilda,34288414,MATCH_ODDS,243373629,Match Odds,39990,St Kilda,LOSER,0,188,West Coast,St Kilda,28,108,80,1.47,1.48,81665.2,1.86,1.88,108743.75,2.9,4,111553.65,6.8,18,113153.79,113542.15
2025-05-18 00:00:00.000 Z,AFL/West Coast v St Kilda,34288414,MATCH_ODDS,243373629,Match Odds,39991,West Coast,WINNER,1,188,West Coast,St Kilda,28,108,80,3.1,3.15,48216,2.04,3.2,57555.65,1.34,1.52,61897.76,1.1,1.18,86628.13,119541.98
2025-05-22 00:00:00.000 Z,AFL/Geelong v Western Bulldogs,34312711,MATCH_ODDS,243686305,Match Odds,39988,Geelong,WINNER,1,240,Geelong,Western Bulldogs,14,127,113,1.87,1.88,250384.47,1.97,2.02,294067.92,1.13,1.19,340053.2,1.35,1.38,365615.1,404767.21
2025-05-22 00:00:00.000 Z,AFL/Geelong v Western Bulldogs,34312711,MATCH_ODDS,243686305,Match Odds,39986,Western Bulldogs,LOSER,0,240,Geelong,Western Bulldogs,14,127,113,2.12,2.14,100755.66,1.99,1.99,137021.14,7,8,147399.8,3.3,3.3,149897.5,162959.69
2025-05-23 00:00:00.000 Z,AFL/Essendon v Richmond,34312710,MATCH_ODDS,243685827,Match Odds,39977,Essendon,WINNER,1,139,Essendon,Richmond,23,81,58,1.28,1.29,310006.26,1.22,1.29,346190.75,1.17,1.25,372429.11,1.13,1.18,384247,408358.37
2025-05-23 00:00:00.000 Z,AFL/Essendon v Richmond,34312710,MATCH_ODDS,243685827,Match Odds,39981,Richmond,LOSER,0,139,Essendon,Richmond,23,81,58,4.5,4.6,36018.83,4.4,5.7,37835.25,3.7,7.6,39615.5,5.8,10,42021.8,43012.93
2025-05-24 00:00:00.000 Z,AFL/Hawthorn v Brisbane Lions,34312712,MATCH_ODDS,243686783,Match Odds,42153,Brisbane,WINNER,1,153,Hawthorn,Brisbane Lions,-33,60,93,2.88,2.9,46303.77,2.76,3.15,66752.69,1.4,1.48,99653.21,1.27,1.3,122064.56,156276.17
2025-05-24 00:00:00.000 Z,AFL/Hawthorn v Brisbane Lions,34312712,MATCH_ODDS,243686783,Match Odds,39979,Hawthorn,LOSER,0,153,Hawthorn,Brisbane Lions,-33,60,93,1.52,1.53,155625.79,1.52,1.67,203853.39,3.05,3.8,224670.11,3.7,5,228968.14,229735.35
2025-05-24 00:00:00.000 Z,AFL/Carlton v GWS GIANTS,34312713,MATCH_ODDS,243687261,Match Odds,39980,Carlton,LOSER,0,192,Carlton,GWS,-28,82,110,1.64,1.65,98170.43,1.72,1.79,113019.73,2.16,2.72,118676.3,3.95,7.6,126266.08,126880.34
2025-05-24 00:00:00.000 Z,AFL/Carlton v GWS GIANTS,34312713,MATCH_ODDS,243687261,Match Odds,5304641,GWS,WINNER,1,192,Carlton,GWS,-28,82,110,2.52,2.54,22646.57,2.3,2.32,27378.95,1.56,1.58,33308.07,1.11,1.1,63141.72,87990.28
2025-05-24 00:00:00.000 Z,AFL/Fremantle v Port Adelaide,34312714,MATCH_ODDS,243687739,Match Odds,39992,Fremantle,WINNER,1,151,Fremantle,Port Adelaide,49,100,51,1.34,1.36,181039.94,1.29,1.44,194545.79,1.18,1.29,200872.74,1.01,1.02,219722.06,225378.09
2025-05-24 00:00:00.000 Z,AFL/Fremantle v Port Adelaide,34312714,MATCH_ODDS,243687739,Match Odds,39978,Port Adelaide,LOSER,0,151,Fremantle,Port Adelaide,49,100,51,3.85,3.9,17707.67,2.66,3.6,19652,3.9,5,20600.36,40,100,21384.84,21414.42
2025-05-24 00:00:00.000 Z,AFL/North Melbourne v Collingwood,34312715,MATCH_ODDS,243688217,Match Odds,217709,Collingwood,WINNER,1,171,North Melbourne,Collingwood,-45,63,108,1.24,1.25,559332.02,1.21,1.22,584648.55,1.74,1.79,602537.03,1.29,1.44,635550.82,670408.29
2025-05-24 00:00:00.000 Z,AFL/North Melbourne v Collingwood,34312715,MATCH_ODDS,243688217,Match Odds,3459613,North Melbourne,LOSER,0,171,North Melbourne,Collingwood,-45,63,108,5,5,40757.45,3.95,6.8,46127.39,2.22,5.5,50495.09,3.5,3.5,54495.8,55632.09
2025-05-25 00:00:00.000 Z,AFL/Adelaide Crows v West Coast Eagles,34312716,MATCH_ODDS,243688695,Match Odds,39982,Adelaide,WINNER,1,190,Adelaide Crows,West Coast Eagles,,,,1.08,1.09,407218.78,1.07,1.09,418495.93,1.03,1.04,430884.66,,1.01,441955.72,441955.72
2025-05-25 00:00:00.000 Z,AFL/Adelaide Crows v West Coast Eagles,34312716,MATCH_ODDS,243688695,Match Odds,39991,West Coast,LOSER,0,190,Adelaide Crows,West Coast Eagles,,,,12,12.5,19408.8,10.5,26,20507.57,10.5,55,21075.74,150,900,21100.88,21112.9
2025-05-25 00:00:00.000 Z,AFL/Melbourne v Sydney Swans,34312717,MATCH_ODDS,243689173,Match Odds,298609,Melbourne,WINNER,1,209,Melbourne,Sydney Swans,53,131,78,1.95,1.96,170730.88,1.57,1.9,187237.62,1.22,1.24,214763.6,1.01,1.01,252587.38,261082.76
2025-05-25 00:00:00.000 Z,AFL/Melbourne v Sydney Swans,34312717,MATCH_ODDS,243689173,Match Odds,39985,Sydney,LOSER,0,209,Melbourne,Sydney Swans,53,131,78,2.04,2.06,55875.48,2.2,2.78,60655.1,5.2,5.4,68445.1,21,200,71415.01,71444.6
2025-05-25 00:00:00.000 Z,AFL/St Kilda v Gold Coast,34312718,MATCH_ODDS,243689651,Match Odds,4513766,Gold Coast,WINNER,1,141,St Kilda,Gold Coast,-19,61,80,1.53,1.54,92783.74,1.16,1.17,103838,1.06,1.09,111182.46,1.1,1.15,119888.79,142850.3
2025-05-25 00:00:00.000 Z,AFL/St Kilda v Gold Coast,34312718,MATCH_ODDS,243689651,Match Odds,39990,St Kilda,LOSER,0,141,St Kilda,Gold Coast,-19,61,80,2.84,2.86,48570.53,4.4,12,53353.55,16,,53562.26,8,10,53983.87,54221.63
2025-05-29 00:00:00.000 Z,AFL/Brisbane Lions v Essendon,34336689,MATCH_ODDS,243965603,Match Odds,42153,Brisbane,WINNER,1,162,Brisbane Lions,Essendon,,,,1.08,1.09,692969.76,,1.02,732208.95,1.01,1.04,738116.53,1.08,1.13,767015.45,797087.92
2025-05-29 00:00:00.000 Z,AFL/Brisbane Lions v Essendon,34336689,MATCH_ODDS,243965603,Match Odds,39977,Essendon,LOSER,0,162,Brisbane Lions,Essendon,,,,12,12.5,23613.12,34,,24405.61,24,80,24491.97,5.4,10,25958.94,28235.97
2025-05-30 00:00:00.000 Z,AFL/Collingwood v Hawthorn,34336690,MATCH_ODDS,243966081,Match Odds,217709,Collingwood,WINNER,1,163,Collingwood,Hawthorn,51,107,56,1.73,1.74,499898.06,1.6,1.68,527291.66,1.16,1.49,546769.33,,1.01,583730.43,587195.58
2025-05-30 00:00:00.000 Z,AFL/Collingwood v Hawthorn,34336690,MATCH_ODDS,243966081,Match Odds,39979,Hawthorn,LOSER,0,163,Collingwood,Hawthorn,51,107,56,2.34,2.36,97561.29,2.46,2.66,114508.07,5.4,5.4,118943.26,5,,120011.24,120086.12
2025-05-31 00:00:00.000 Z,AFL/Gold Coast SUNS v Fremantle,34336691,MATCH_ODDS,243966583,Match Odds,39992,Fremantle,WINNER,1,139,Gold Coast,Fremantle,-11,64,75,3.3,3.4,37822.5,1.62,1.67,43799.7,2.02,2.88,47042.48,1.4,1.48,47929.11,93232.08
2025-05-31 00:00:00.000 Z,AFL/Gold Coast SUNS v Fremantle,34336691,MATCH_ODDS,243966583,Match Odds,4513766,Gold Coast,LOSER,0,139,Gold Coast,Fremantle,-11,64,75,1.41,1.42,159827.69,2.4,2.66,185636.11,1.6,2,189171.07,3.25,3.6,197453.7,201727.94
2025-05-31 00:00:00.000 Z,AFL/GWS GIANTS v Richmond,34336692,MATCH_ODDS,243967061,Match Odds,5304641,GWS,WINNER,1,157,GWS,Richmond,3,80,77,1.07,1.08,542993.67,1.36,1.48,604999.49,1.94,2.14,623338.39,5,6.2,640919.76,672806.79
2025-05-31 00:00:00.000 Z,AFL/GWS GIANTS v Richmond,34336692,MATCH_ODDS,243967061,Match Odds,39981,Richmond,LOSER,0,157,GWS,Richmond,3,80,77,13,14,14017.91,3.1,3.8,17616.1,1.82,2.1,24957.77,1.16,1.2,64730.46,82716.44
2025-05-31 00:00:00.000 Z,AFL/Sydney Swans v Adelaide Crows,34336693,MATCH_ODDS,243967539,Match Odds,39982,Adelaide,WINNER,1,172,Sydney Swans,Adelaide Crows,,,,1.72,1.73,113268.45,1.18,1.22,149088.18,,1.01,187441.35,,1.01,195808.78,195808.78
2025-05-31 00:00:00.000 Z,AFL/Sydney Swans v Adelaide Crows,34336693,MATCH_ODDS,243967539,Match Odds,39985,Sydney,LOSER,0,172,Sydney Swans,Adelaide Crows,,,,2.36,2.38,42711.31,4.4,,51969.6,3.5,120,53497.79,110,990,53569.55,53569.55
2025-06-01 00:00:00.000 Z,AFL/Melbourne v St Kilda,34336695,MATCH_ODDS,243968017,Match Odds,298609,Melbourne,LOSER,0,154,Melbourne,St Kilda,-28,63,91,1.55,1.56,368354.81,3.2,5.9,381474.77,3.5,4,389153.39,4,4.7,392709.19,393543.88
2025-06-01 00:00:00.000 Z,AFL/Melbourne v St Kilda,34336695,MATCH_ODDS,243968017,Match Odds,39990,St Kilda,WINNER,1,154,Melbourne,St Kilda,-28,63,91,2.8,2.82,40090.74,1.2,1.33,56131.85,1.4,1.55,82392.48,1.2,1.27,91251.69,117936.47
2025-06-01 00:00:00.000 Z,AFL/West Coast Eagles v Geelong Cats,34336696,MATCH_ODDS,243968495,Match Odds,39988,Geelong,WINNER,1,189,West Coast Eagles,Geelong Cats,,,,1.12,1.13,611832.08,1.05,1.07,631394.73,1.09,1.12,654151.86,1.09,1.1,669904.99,697151.26
2025-06-01 00:00:00.000 Z,AFL/West Coast Eagles v Geelong Cats,34336696,MATCH_ODDS,243968495,Match Odds,39991,West Coast,LOSER,0,189,West Coast Eagles,Geelong Cats,,,,9.2,9.4,43819.37,9.4,,45020.17,8.6,,45393.85,11,11.5,46010.36,47095.35
2025-06-05 00:00:00.000 Z,AFL/Western Bulldogs v Hawthorn,34358816,MATCH_ODDS,244230011,Match Odds,39979,Hawthorn,WINNER,1,140,Western Bulldogs,Hawthorn,-22,59,81,3.55,3.6,38204.83,1.61,1.78,55219.1,1.46,1.85,66350.84,1.4,1.6,86949.71,120717.28
2025-06-05 00:00:00.000 Z,AFL/Western Bulldogs v Hawthorn,34358816,MATCH_ODDS,244230011,Match Odds,39986,Western Bulldogs,LOSER,0,140,Western Bulldogs,Hawthorn,-22,59,81,1.39,1.4,347623.48,2.1,2.5,385678.25,2.16,3,397310.87,2.66,4,402736.12,404410.6
2025-06-06 00:00:00.000 Z,AFL/Adelaide Crows v Brisbane Lions,34358815,MATCH_ODDS,244229473,Match Odds,39982,Adelaide,WINNER,1,131,Adelaide Crows,Brisbane Lions,,,,1.55,1.56,307169.05,1.89,1.94,336503.77,1.9,2,346597.14,5.2,3.8,350723.53,389529.02
2025-06-06 00:00:00.000 Z,AFL/Adelaide Crows v Brisbane Lions,34358815,MATCH_ODDS,244229473,Match Odds,42153,Brisbane,LOSER,0,131,Adelaide Crows,Brisbane Lions,,,,2.78,2.8,80112.92,1.75,2.1,94116.62,1.82,3.4,128946.47,1.21,1.2,140826.22,162876.06
2025-06-07 00:00:00.000 Z,AFL/Geelong Cats v Gold Coast SUNS,34358817,MATCH_ODDS,244230489,Match Odds,39988,Geelong,WINNER,1,98,Geelong Cats,Gold Coast,,,,1.44,1.45,210248.34,1.25,1.33,216210.48,1.33,1.4,231396.58,1.09,1.12,246035.19,265037.79
2025-06-07 00:00:00.000 Z,AFL/Geelong Cats v Gold Coast SUNS,34358817,MATCH_ODDS,244230489,Match Odds,4513766,Gold Coast,LOSER,0,98,Geelong Cats,Gold Coast,,,,3.25,3.3,33387.23,4.6,4.8,35599.39,3.5,4.3,40145.03,5.9,12,41980.75,42071.33
2025-06-07 00:00:00.000 Z,AFL/GWS GIANTS v Port Adelaide,34358818,MATCH_ODDS,244230967,Match Odds,5304641,GWS,LOSER,0,116,GWS,Port Adelaide,-16,50,66,1.39,1.41,182689.09,1.37,1.45,198877.51,1.38,1.4,202414.76,1.7,1.84,211466.8,213239.82
2025-06-07 00:00:00.000 Z,AFL/GWS GIANTS v Port Adelaide,34358818,MATCH_ODDS,244230967,Match Odds,39978,Port Adelaide,WINNER,1,116,GWS,Port Adelaide,-16,50,66,3.45,3.55,27429.71,2.66,4.2,31149.71,3.55,3.6,31898.38,2.18,2.26,40404.33,54946.41
2025-06-07 00:00:00.000 Z,AFL/Richmond v Sydney Swans,34358819,MATCH_ODDS,244231445,Match Odds,39981,Richmond,LOSER,0,116,Richmond,Sydney Swans,-44,36,80,2.6,2.64,69836.84,2,2.66,74473.71,2.88,5.6,75716.17,55,990,76471.73,76478.73
2025-06-07 00:00:00.000 Z,AFL/Richmond v Sydney Swans,34358819,MATCH_ODDS,244231445,Match Odds,39985,Sydney,WINNER,1,116,Richmond,Sydney Swans,-44,36,80,1.6,1.61,136474.69,1.69,4,144407.63,1.23,1.22,151154.73,,1.01,171369.63,171585.63
2025-06-08 00:00:00.000 Z,AFL/North Melbourne v West Coast Eagles,34358821,MATCH_ODDS,244232435,Match Odds,3459613,North Melbourne,WINNER,1,114,North Melbourne,West Coast Eagles,10,62,52,1.79,1.8,165580.44,1.2,1.33,180413.21,1.45,1.72,190630.73,3.75,4.1,196363.58,222258.7
2025-06-08 00:00:00.000 Z,AFL/North Melbourne v West Coast Eagles,34358821,MATCH_ODDS,244232435,Match Odds,39991,West Coast,LOSER,0,114,North Melbourne,West Coast Eagles,10,62,52,2.24,2.26,91459.42,3.2,5.4,99511.1,2.54,3.05,101572.86,1.33,1.34,120944.98,141958.89
2025-06-08 00:00:00.000 Z,AFL/Carlton v Essendon,34358822,MATCH_ODDS,244232934,Match Odds,39980,Carlton,WINNER,1,148,Carlton,Essendon,8,78,70,1.42,1.43,203450.18,1.11,1.13,289261.3,1.05,1.06,334915.98,1.45,1.5,357869.31,401007.37
2025-06-08 00:00:00.000 Z,AFL/Carlton v Essendon,34358822,MATCH_ODDS,244232934,Match Odds,39977,Essendon,LOSER,0,148,Carlton,Essendon,8,78,70,3.35,3.4,46664.13,6.8,11.5,56762.13,8.8,17.5,59039.82,2.4,4,64272.16,66140.99
2025-06-09 00:00:00.000 Z,AFL/Melbourne v Collingwood,34358820,MATCH_ODDS,244231923,Match Odds,217709,Collingwood,WINNER,1,143,Melbourne,Collingwood,-1,71,72,1.3,1.31,376453.54,1.31,1.35,395888.4,1.25,1.25,409822.88,1.27,1.29,433640.85,462862.98
2025-06-09 00:00:00.000 Z,AFL/Melbourne v Collingwood,34358820,MATCH_ODDS,244231923,Match Odds,298609,Melbourne,LOSER,0,143,Melbourne,Collingwood,-1,71,72,4.2,4.3,106681.24,3.9,4.1,109104.3,5,7.4,110529.5,3.2,5.1,112177.02,118616.86
2025-06-12 00:00:00.000 Z,AFL/St Kilda v Western Bulldogs,34379842,MATCH_ODDS,244452231,Match Odds,39990,St Kilda,LOSER,0,192,St Kilda,Western Bulldogs,-72,60,132,4.7,4.8,23865.83,5.6,9.4,28245.81,21,50,28713.27,1000,,29041.14,29043.71
2025-06-12 00:00:00.000 Z,AFL/St Kilda v Western Bulldogs,34379842,MATCH_ODDS,244452231,Match Odds,39986,Western Bulldogs,WINNER,1,192,St Kilda,Western Bulldogs,-72,60,132,1.26,1.27,333033.19,1.08,1.1,388309.03,1.02,1.04,416247.71,,1.01,433177.08,435182.08
2025-06-13 00:00:00.000 Z,AFL/Hawthorn v Adelaide Crows,34379841,MATCH_ODDS,244451753,Match Odds,39982,Adelaide,LOSER,0,91,Hawthorn,Adelaide Crows,3,47,44,2.18,2.2,82705.39,1.59,1.94,98273.15,1.34,1.4,112058.69,1.66,1.94,122780.42,139966.27
2025-06-13 00:00:00.000 Z,AFL/Hawthorn v Adelaide Crows,34379841,MATCH_ODDS,244451753,Match Odds,39979,Hawthorn,WINNER,1,91,Hawthorn,Adelaide Crows,3,47,44,1.83,1.84,394584.94,2.6,2.76,414039.56,2.94,7.8,418154.89,2.06,2.52,425745.53,456581.61
2025-06-14 00:00:00.000 Z,AFL/Essendon v Geelong Cats,34379843,MATCH_ODDS,244452709,Match Odds,39977,Essendon,LOSER,0,207,Essendon,Geelong Cats,-95,56,151,8.4,8.6,10398.3,12,,11924.78,40,,12068.56,130,990,12196.34,12199.71
2025-06-14 00:00:00.000 Z,AFL/Essendon v Geelong Cats,34379843,MATCH_ODDS,244452709,Match Odds,39988,Geelong,WINNER,1,207,Essendon,Geelong Cats,-95,56,151,1.13,1.14,293181.5,1.02,1.03,327130.03,1.01,1.02,338896,,1.01,342962.66,343040.01
2025-06-14 00:00:00.000 Z,AFL/North Melbourne v Fremantle,34379846,MATCH_ODDS,244454359,Match Odds,39992,Fremantle,WINNER,1,140,North Melbourne,Fremantle,-6,67,73,1.16,1.17,289678.97,1.22,1.3,297910.63,1.05,1.08,310464.13,1.01,1.03,321326.25,346924.25
2025-06-14 00:00:00.000 Z,AFL/North Melbourne v Fremantle,34379846,MATCH_ODDS,244454359,Match Odds,3459613,North Melbourne,LOSER,0,140,North Melbourne,Fremantle,-6,67,73,6.8,7.2,13289.22,3.55,9,14767.55,9.8,25,17323.92,28,,17481.78,21877.38
2025-06-14 00:00:00.000 Z,AFL/Brisbane Lions v GWS GIANTS,34379848,MATCH_ODDS,244454837,Match Odds,42153,Brisbane,LOSER,0,203,Brisbane Lions,GWS,,,,1.25,1.26,173031.85,1.46,1.5,192895.72,1.13,1.2,196781.01,2,2.6,213783.14,217144.89
2025-06-14 00:00:00.000 Z,AFL/Brisbane Lions v GWS GIANTS,34379848,MATCH_ODDS,244454837,Match Odds,5304641,GWS,WINNER,1,203,Brisbane Lions,GWS,,,,4.9,5.1,13672.19,2.6,3.3,16263.41,5.5,8.6,16886.55,1.62,1.83,21722.87,58791.68
2025-06-15 00:00:00.000 Z,AFL/Port Adelaide v Melbourne,34379844,MATCH_ODDS,244453187,Match Odds,298609,Melbourne,LOSER,0,161,Port Adelaide,Melbourne,25,93,68,2.04,2.06,105594.7,2,2.2,120785.53,3.8,4.4,127726.52,3.2,3.7,136913.69,143661.15
2025-06-15 00:00:00.000 Z,AFL/Port Adelaide v Melbourne,34379844,MATCH_ODDS,244453187,Match Odds,39978,Port Adelaide,WINNER,1,161,Port Adelaide,Melbourne,25,93,68,1.94,1.95,96113.71,1.8,2.26,107668.71,1.3,1.29,129725.25,1.35,1.35,161452.88,201740.26
2025-06-15 00:00:00.000 Z,AFL/West Coast Eagles v Carlton,34379845,MATCH_ODDS,244453881,Match Odds,39980,Carlton,WINNER,1,138,West Coast Eagles,Carlton,,,,1.27,1.28,148201.63,1.01,1.04,183587.52,,1.01,212569.06,,1.01,221107.79,221107.79
2025-06-15 00:00:00.000 Z,AFL/West Coast Eagles v Carlton,34379845,MATCH_ODDS,244453881,Match Odds,39991,West Coast,LOSER,0,138,West Coast Eagles,Carlton,,,,4.6,4.7,19307.88,24,50,20615.22,34,990,20991.74,36,140,21056.13,21061.13
2025-06-19 00:00:00.000 Z,AFL/Fremantle v Essendon,34406099,MATCH_ODDS,244687883,Match Odds,39977,Essendon,LOSER,0,167,Fremantle,Essendon,41,104,63,6.8,7,21416.64,6.6,11.5,24648.63,12.5,15,25209.69,110,,26079.82,26104.27
2025-06-19 00:00:00.000 Z,AFL/Fremantle v Essendon,34406099,MATCH_ODDS,244687883,Match Odds,39992,Fremantle,WINNER,1,167,Fremantle,Essendon,41,104,63,1.16,1.17,385491.83,1.09,1.13,433850.11,1.03,1.09,455872.9,,1.01,471608.02,471608.02
2025-06-20 00:00:00.000 Z,AFL/Geelong v Brisbane,34406097,MATCH_ODDS,244686927,Match Odds,42153,Brisbane,WINNER,1,143,Geelong,Brisbane,-41,51,92,3.45,3.55,41630.14,1.79,1.95,59797.73,1.64,2.5,67872.34,1.05,1.48,108338.62,140566.19
2025-06-20 00:00:00.000 Z,AFL/Geelong v Brisbane,34406097,MATCH_ODDS,244686927,Match Odds,39988,Geelong,LOSER,0,143,Geelong,Brisbane,-41,51,92,1.39,1.4,196799,1.8,1.9,262170.81,2.2,2.62,270155.82,8.4,11,286075.69,288855.17
2025-06-21 00:00:00.000 Z,AFL/Carlton v North Melbourne,34406098,MATCH_ODDS,244687405,Match Odds,39980,Carlton,LOSER,0,157,Carlton,North Melbourne,-11,73,84,1.26,1.27,333438.56,1.26,1.28,346875.45,4.1,5.2,358219.33,15,110,359844.04,360034.31
2025-06-21 00:00:00.000 Z,AFL/Carlton v North Melbourne,34406098,MATCH_ODDS,244687405,Match Odds,3459613,North Melbourne,WINNER,1,157,Carlton,North Melbourne,-11,73,84,4.8,4.9,36637.32,3.45,5.5,37723.88,1.31,2,56622.23,,1.01,83453.67,92333.13
2025-06-21 00:00:00.000 Z,AFL/Port Adelaide v Sydney,34406100,MATCH_ODDS,244688361,Match Odds,39978,Port Adelaide,LOSER,0,123,Port Adelaide,Sydney,-19,52,71,1.9,1.91,59957.71,2.32,2.5,66647.07,3.5,4,74773.48,4,,76974.18,77260.97
2025-06-21 00:00:00.000 Z,AFL/Port Adelaide v Sydney,34406100,MATCH_ODDS,244688361,Match Odds,39985,Sydney,WINNER,1,123,Port Adelaide,Sydney,-19,52,71,2.08,2.12,65336.16,1.55,1.75,74759.64,1.28,1.4,83915.61,1.25,1.3,95934.51,113176.4
2025-06-21 00:00:00.000 Z,AFL/Collingwood v St Kilda,34406101,MATCH_ODDS,244688839,Match Odds,217709,Collingwood,WINNER,1,182,Collingwood,St Kilda,34,108,74,1.24,1.25,339658.15,1.1,1.16,370624.57,1.08,1.1,389824.02,1.02,1.03,410123.41,435843.68
2025-06-21 00:00:00.000 Z,AFL/Collingwood v St Kilda,34406101,MATCH_ODDS,244688839,Match Odds,39990,St Kilda,LOSER,0,182,Collingwood,St Kilda,34,108,74,5,5.1,27806.72,6.6,8,30645.72,8,12,32073.93,9,32,33236.61,33796.85
2025-06-22 00:00:00.000 Z,AFL/GWS v Gold Coast,34406102,MATCH_ODDS,244689317,Match Odds,5304641,GWS,WINNER,1,205,GWS,Gold Coast,7,106,99,2,2.02,75946.3,3.35,5.4,84247.13,2.6,3.2,84827.51,5.1,7.2,86030.72,128563.54
2025-06-22 00:00:00.000 Z,AFL/GWS v Gold Coast,34406102,MATCH_ODDS,244689317,Match Odds,4513766,Gold Coast,LOSER,0,205,GWS,Gold Coast,7,106,99,1.97,1.99,55510.87,1.32,1.3,82527.39,1.42,1.61,85666.32,1.16,1.25,92544.3,118814.92
2025-06-22 00:00:00.000 Z,AFL/Western Bulldogs v Richmond,34406103,MATCH_ODDS,244689795,Match Odds,39981,Richmond,LOSER,0,191,Western Bulldogs,Richmond,79,135,56,16.5,17,7478.34,15,36,7602.04,110,1000,7655.49,1000,,7655.49,7655.49
2025-06-22 00:00:00.000 Z,AFL/Western Bulldogs v Richmond,34406103,MATCH_ODDS,244689795,Match Odds,39986,Western Bulldogs,WINNER,1,191,Western Bulldogs,Richmond,79,135,56,1.06,1.07,189855.42,1.01,1.03,213722.59,,1.01,218062.58,,1.01,218272.19,218272.19
2025-06-26 00:00:00.000 Z,AFL/Port Adelaide v Carlton,34429419,MATCH_ODDS,244941485,Match Odds,39980,Carlton,LOSER,0,170,Port Adelaide,Carlton,50,110,60,2,2.02,194309.41,6.6,7,215064.97,38,100,217903.3,1000,,218192.36,218215.57
2025-06-26 00:00:00.000 Z,AFL/Port Adelaide v Carlton,34429419,MATCH_ODDS,244941485,Match Odds,39978,Port Adelaide,WINNER,1,170,Port Adelaide,Carlton,50,110,60,1.98,1.99,226941.45,1.14,1.17,259805.65,1.02,1.03,310450.49,,1.01,328079.58,328079.58
2025-06-27 00:00:00.000 Z,AFL/Sydney v Western Bulldogs,34429420,MATCH_ODDS,244941963,Match Odds,39985,Sydney,LOSER,0,201,Sydney,Western Bulldogs,-9,96,105,2.92,2.94,38991.39,2.52,3.35,46712.46,3.2,3.4,50312.81,5.4,5.7,59753.59,62483.86
2025-06-27 00:00:00.000 Z,AFL/Sydney v Western Bulldogs,34429420,MATCH_ODDS,244941963,Match Odds,39986,Western Bulldogs,WINNER,1,201,Sydney,Western Bulldogs,-9,96,105,1.51,1.52,139510.13,1.44,1.65,167268.88,1.41,1.49,178130.32,1.25,1.35,197263.49,233308.57
2025-06-28 00:00:00.000 Z,AFL/Gold Coast v Melbourne,34429421,MATCH_ODDS,244942441,Match Odds,4513766,Gold Coast,WINNER,1,189,Gold Coast,Melbourne,19,104,85,1.26,1.27,140725.35,1.05,1.06,172823.34,1.09,1.1,190540.19,,1.01,208686.2,225459.75
2025-06-28 00:00:00.000 Z,AFL/Gold Coast v Melbourne,34429421,MATCH_ODDS,244942441,Match Odds,298609,Melbourne,LOSER,0,189,Gold Coast,Melbourne,19,104,85,4.6,4.8,22074.6,20,25,23910.87,8.2,100,24195.52,90,200,24268.36,24356.27
2025-06-28 00:00:00.000 Z,AFL/Hawthorn v North Melbourne,34429422,MATCH_ODDS,244942919,Match Odds,39979,Hawthorn,WINNER,1,215,Hawthorn,North Melbourne,85,150,65,1.14,1.15,335631.67,1.06,1.07,380450.02,,1.01,403106.18,,1.01,403729.56,403731.56
2025-06-28 00:00:00.000 Z,AFL/Hawthorn v North Melbourne,34429422,MATCH_ODDS,244942919,Match Odds,3459613,North Melbourne,LOSER,0,215,Hawthorn,North Melbourne,85,150,65,7.8,8,19403.64,11.5,22,21578.97,70,130,21799.07,200,500,21804.28,21807.1
2025-06-28 00:00:00.000 Z,AFL/Collingwood v West Coast,34429425,MATCH_ODDS,244943397,Match Odds,217709,Collingwood,WINNER,1,147,Collingwood,West Coast,29,88,59,1.02,1.03,377891.7,1.06,1.07,411756.78,1.13,1.13,455700.25,1.07,1.07,477624.54,500649.95
2025-06-28 00:00:00.000 Z,AFL/Collingwood v West Coast,34429425,MATCH_ODDS,244943397,Match Odds,39991,West Coast,LOSER,0,147,Collingwood,West Coast,29,88,59,34,36,9566.71,10.5,18,10064.91,5.2,8.6,12011.89,4,14,12965.21,13300.38
2025-06-29 00:00:00.000 Z,AFL/Richmond v Adelaide,34429428,MATCH_ODDS,244943875,Match Odds,39982,Adelaide,WINNER,1,176,Richmond,Adelaide,-68,54,122,1.15,1.16,257344.74,1.01,1.03,299073.5,,1.01,338603.33,,1.01,340543.51,340543.51
2025-06-29 00:00:00.000 Z,AFL/Richmond v Adelaide,34429428,MATCH_ODDS,244943875,Match Odds,39981,Richmond,LOSER,0,176,Richmond,Adelaide,-68,54,122,7.2,7.4,41962.52,12,50,43692.26,5,120,43763.71,1000,,43781.79,43781.79
2025-06-29 00:00:00.000 Z,AFL/Fremantle v St Kilda,34429429,MATCH_ODDS,244944353,Match Odds,39992,Fremantle,WINNER,1,150,Fremantle,St Kilda,12,81,69,1.26,1.27,169342.7,1.21,1.4,179582.54,1.29,1.39,193211.45,2,2.14,218583.42,241056.49
2025-06-29 00:00:00.000 Z,AFL/Fremantle v St Kilda,34429429,MATCH_ODDS,244944353,Match Odds,39990,St Kilda,LOSER,0,150,Fremantle,St Kilda,12,81,69,4.5,6,46283.63,3.6,7.4,48261.74,3,3.85,49464.74,1.87,1.87,64230.75,73987.54
