DATE,VENUE,tipster,market_id,selection_id,bet_type,bet_text,SELECTION_NAME,WIN_LOSE,BSP,Tipster_Profit,Back_Profit,Lay_Profit,
1/10/2023,Launceston,Jamie Cockshutt,218979676,61031898,Back,Back 5. Hunt A Rainbow,Hunt A Rainbow,0,2.78,-1.00,-1.00,0.56,
1/10/2023,Launceston,Jamie Cockshutt,218979678,40674692,Back,Back 3. Helansin,Helansin,0,2.46,-1.00,-1.00,0.68,
1/10/2023,Launceston,Jamie Cockshutt,218979680,61031900,Back,Back 9. Art Huntsman,Art Huntsman,0,3.40,-1.00,-1.00,0.42,
1/10/2023,Launceston,Jamie Cockshutt,218979682,41911450,Back,Back 3. Looby Lombo,Looby Lombo,0,5.83,-1.00,-1.00,0.21,
1/10/2023,Launceston,Jamie Cockshutt,218979684,41296231,Back,Back 7. Jimmy The Irishm,Jimmy The Irishman,0,4.10,-1.00,-1.00,0.32,
1/10/2023,Launceston,Jamie Cockshutt,218979686,1088859,Back,Back 1. Kenya,Kenya,0,3.93,-1.00,-1.00,0.34,
1/10/2023,Launceston,Jamie Cockshutt,218979690,40859141,Back,Back 1. Macaria,Macaria,0,7.62,-1.00,-1.00,0.15,
1/10/2023,Launceston,Jamie Cockshutt,218979692,6294821,Back,Back 1. Lancelot,Lancelot,0,5.21,-1.00,-1.00,0.24,
1/10/2023,ParisLongchamp ,Rory Flanagan,218944784,51961912,Back,Back Ace Impact,Ace Impact,1,4.42,3.42,3.42,-1.00,
1/10/2023,ParisLongchamp ,Rory Flanagan,218944784,15796835,Back,Back Westover,Westover,0,7.16,-1.00,-1.00,0.16,
1/10/2023,ParisLongchamp ,Rory Flanagan,218944784,46014690,Back,Back Through Seven Seas,Through Seven Seas,0,12.19,-1.00,-1.00,0.09,
1/10/2023,ParisLongchamp ,Rory Flanagan,218944784,54482447,Back,Back Feed The Flame,Feed The Flame,0,19.56,-1.00,-1.00,0.05,
1/10/2023,ParisLongchamp ,Rory Flanagan,218987362,55715762,Back,Back Beauvatier,Beauvatier,0,3.19,-1.00,-1.00,0.46,
1/10/2023,ParisLongchamp ,Rory Flanagan,218987362,5930673,Back,Back Henry Adams,Henry Adams,0,13.90,-1.00,-1.00,0.08,
1/10/2023,ParisLongchamp ,Rory Flanagan,218987368,55496026,Back,Back Les Pavots,Les Pavots,0,6.80,-1.00,-1.00,0.17,
1/10/2023,ParisLongchamp ,Rory Flanagan,218987368,45399509,Back,Back Rose Bloom,Rose Bloom,0,10.40,-1.00,-1.00,0.11,
1/10/2023,ParisLongchamp ,Rory Flanagan,218987368,59085288,Back,Back Julica,Julica,0,21.65,-1.00,-1.00,0.05,
1/10/2023,ParisLongchamp ,Rory Flanagan,218987382,44712680,Back,Back Blue Rose Cen,Blue Rose Cen,1,2.59,1.59,1.59,-1.00,
1/10/2023,ParisLongchamp ,Rory Flanagan,218987382,41050301,Back,Back Al Husn,Al Husn,0,6.40,-1.00,-1.00,0.19,
1/10/2023,ParisLongchamp ,Rory Flanagan,218987382,48640027,Back,Back Jannah Rose,Jannah Rose,0,9.55,-1.00,-1.00,0.12,
1/10/2023,ParisLongchamp ,Rory Flanagan,218987389,36362297,Back,Back Ponntos,Ponntos,0,20.00,-1.00,-1.00,0.05,
1/10/2023,ParisLongchamp ,Rory Flanagan,218987389,48799146,Back,Back Perdika,Perdika,0,32.00,-1.00,-1.00,0.03,
1/10/2023,ParisLongchamp ,Rory Flanagan,218987389,18519417,Back,Back Tudo Bem,Tudo Bem,0,95.46,-1.00,-1.00,0.01,
1/10/2023,ParisLongchamp ,Rory Flanagan,218987397,26340381,Back,Back Kinross,Kinross,0,2.08,-1.00,-1.00,0.93,
1/10/2023,ParisLongchamp ,Rory Flanagan,218987397,26237989,Back,Back King Gold,King Gold,0,16.40,-1.00,-1.00,0.06,
1/10/2023,ParisLongchamp ,Rory Flanagan,218987397,45120891,Back,Back Breizh Sky,Breizh Sky,0,28.58,-1.00,-1.00,0.04,
2/10/2023,Ballarat,Glenn Ingram,218979336,61139856,Back,Back 7. Matriarch Rose,Matriarch Rose,1,2.59,1.59,1.59,-1.00,
2/10/2023,Ballarat,Michael Tye,219082104,61219211,Back,Back 2. Hello Easy,Hello Easy,1,1.66,0.66,0.66,-1.00,
2/10/2023,Ballarat,Michael Tye,219082114,46055827,Back,Back 1. Phelan Seedy,Phelan Seedy,0,4.43,-1.00,-1.00,0.29,
2/10/2023,Ballarat,Michael Tye,219082124,52385999,Lay,Lay 5. Hurricane Mist,Hurricane Mist,0,4.40,0.29,-1.00,0.29,
2/10/2023,Ballarat,Michael Tye,219082139,46408416,Lay,Lay 1. Fentons Rise,Fentons Rise,0,12.00,0.09,-1.00,0.09,
2/10/2023,Ballarat,Michael Tye,219082149,59812639,Lay,Lay 6. Small Heath,Small Heath,0,7.68,0.15,-1.00,0.15,
2/10/2023,Gawler,Lachlan Mosley,219021974,40050593,Lay,Lay 5. Grey Folly,Grey Folly,0,3.65,0.38,-1.00,0.38,
2/10/2023,Gawler,Lachlan Mosley,219021974,51129615,Back,Back 4. Cityofchurches,Cityofchurches,0,16.00,-1.00,-1.00,0.07,
2/10/2023,Gawler,Lachlan Mosley,219021980,51295193,Back,Back 13. Superior Sam,Superior Sam,1,7.20,6.20,6.20,-1.00,
2/10/2023,Gawler,Lachlan Mosley,219021980,55978159,Back,Back 1. Africarn Lad,Africarn Lad,0,5.00,-1.00,-1.00,0.25,
2/10/2023,Gawler,Lachlan Mosley,219021986,38668076,Back,Back 6. Starspangled Sag,Starspangled Saga,0,7.20,-1.00,-1.00,0.16,
2/10/2023,Gawler,Lachlan Mosley,219021998,33669019,Back,Back 1. Mccain,Mccain,0,2.59,-1.00,-1.00,0.63,
2/10/2023,Gawler,Lachlan Mosley,219022010,38838370,Back,Back 5. Blood Sweat Tear,Blood Sweat Tears,0,10.00,-1.00,-1.00,0.11,
2/10/2023,Gawler,Lachlan Mosley,219022010,28699684,Back,Back 2. Enlist,Enlist,0,13.94,-1.00,-1.00,0.08,
2/10/2023,Maryborough,Darren And Brett Carroll,219024685,61115193,Back,Back 4. Daley Waters,Daley Waters,0,14.78,-1.00,-1.00,0.07,
2/10/2023,Maryborough,Darren And Brett Carroll,219024689,8480762,Back,Back 1. Primz Luck,Primz Luck,0,10.00,-1.00,-1.00,0.11,
2/10/2023,Maryborough,Darren And Brett Carroll,219024693,3762895,Lay,Lay 9. Dances,Dances,0,11.95,0.09,-1.00,0.09,
2/10/2023,Maryborough,Darren And Brett Carroll,219024697,61115206,Lay,Lay 13. Somethin Bout ,Somethin Bout Eily,0,3.55,0.39,-1.00,0.39,
2/10/2023,Maryborough,Darren And Brett Carroll,219024699,61115215,Back,Back 13. Avant Guard,Avant Guard,0,2.28,-1.00,-1.00,0.78,
3/10/2023,Globe Derby ,Mark Lawrence,219079828,59423608,Back,Back 8. Aldebaran Stiles,8. Aldebaran Stiles,1,1.48,0.48,0.48,-1.00,
3/10/2023,Globe Derby ,Mark Lawrence,219079832,61139945,Back,Back 7. Fletch Maguire,7. Fletch Maguire,0,2.12,-1.00,-1.00,0.89,
3/10/2023,Globe Derby ,Mark Lawrence,219079834,55248183,Lay,Lay 1. Allgold,1. Allgold,0,9.34,0.12,-1.00,0.12,
3/10/2023,Globe Derby ,Mark Lawrence,219079840,61139954,Back,Back 4. Lolita,4. Lolita,1,1.28,0.28,0.28,-1.00,
3/10/2023,Swan Hill ,Jackson Oldham,219079634,53148079,Lay,Lay 3. Neo Del Toro,3. Neo Del Toro,1,8.80,-1.00,7.80,-1.00,
3/10/2023,Swan Hill ,Jackson Oldham,219079648,61139796,Back,Back 4. Lonjourno,4. Lonjourno,0,5.14,-1.00,-1.00,0.24,
4/10/2023,Ipswich ,Shane Ciurleo,219129434,59649803,Back,Back 5. Highland Cathedr,5. Highland Cathedral,1,1.88,0.88,0.88,-1.00,
4/10/2023,Ipswich ,Shane Ciurleo,219129441,54866993,Back,Back 3. Encoder,3. Encoder,1,1.68,0.68,0.68,-1.00,
4/10/2023,Ipswich ,Shane Ciurleo,219129462,60694916,Back,Back 11. Try Everything,11. Try Everything,1,3.04,2.04,2.04,-1.00,
4/10/2023,Ipswich ,Shane Ciurleo,219129462,61248929,Lay,Lay 5. Lady Shotgun,5. Lady Shotgun,0,7.80,0.15,-1.00,0.15,
4/10/2023,Ipswich ,Shane Ciurleo,219129469,53858110,Back,Back 8. Russian Sub,8. Russian Sub,1,2.80,1.80,1.80,-1.00,
4/10/2023,Ipswich ,Betfair,219129476,50740361,Lay,Lay 7. Shapin Power,7. Shapin Power,0,4.23,0.31,-1.00,0.31,
4/10/2023,Ipswich ,Shane Ciurleo,219129476,50740361,Lay,Lay 7. Shapin Power,7. Shapin Power,0,4.23,0.31,-1.00,0.31,
4/10/2023,Pakenham ,Jackson Oldham,219199154,61248997,Back,Back 5. Hes Handsome,5. Hes Handsome,1,3.52,2.52,2.52,-1.00,
4/10/2023,Pakenham ,Betfair,219199161,841309,Lay,Lay 6. Awol,6. Awol,0,3.69,0.37,-1.00,0.37,
4/10/2023,Pakenham ,Jackson Oldham,219199161,841309,Lay,Lay 6. Awol,6. Awol,0,3.69,0.37,-1.00,0.37,
4/10/2023,Randwick,Jack Franklyn,219129345,52936603,Back,Back 3. Iknowastar,3. Iknowastar,1,1.90,0.90,0.90,-1.00,
4/10/2023,Randwick ,Jack Franklyn,219129352,61248954,Back,Back 1. Ghaanati,1. Ghaanati,1,6.68,5.68,5.68,-1.00,
4/10/2023,Randwick ,Jack Franklyn,219129352,51031285,Back,Back 2. Demiana,2. Demiana,0,5.10,-1.00,-1.00,0.24,
4/10/2023,Randwick ,Jack Franklyn,219129359,52936284,Back,Back 3. Avebury,3. Avebury,1,2.54,1.54,1.54,-1.00,
4/10/2023,Randwick ,Linton Chataway,219129359,52936284,Back,Back 3. Avebury,3. Avebury,1,2.54,1.54,1.54,-1.00,
4/10/2023,Randwick ,Jack Franklyn,219129359,61248958,Back,Back 1. Street Gossip,1. Street Gossip,0,10.08,-1.00,-1.00,0.11,
4/10/2023,Randwick ,Betfair,219129373,44144379,Lay,Lay 1. Body Bob,1. Body Bob,1,5.30,-1.00,4.30,-1.00,
4/10/2023,Randwick ,Jack Franklyn,219129373,44144379,Lay,Lay 1. Body Bob,1. Body Bob,1,5.30,-1.00,4.30,-1.00,
5/10/2023,Albion Park ,Jaycin Campbell,219235290,59147468,Back,Back 1. Darryl Keeping,1. Darryl Keeping,0,2.11,-1.00,-1.00,0.90,
5/10/2023,Albion Park ,Jaycin Campbell,219235295,28499098,Lay,Lay 8. Special Cyndie,8. Special Cyndie,0,4.35,0.30,-1.00,0.30,
5/10/2023,Albion Park ,Jaycin Campbell,219235320,52503985,Back,Back 8. All Natural,8. All Natural,1,2.81,1.81,1.81,-1.00,
5/10/2023,Albion Park ,Jaycin Campbell,219235335,38753313,Back,Back 2. Zipping Ramona,2. Zipping Ramona,1,2.80,1.80,1.80,-1.00,
5/10/2023,Geelong ,Jackson Oldham,219190470,60490405,Back,Back 2. Jessup,2. Jessup,0,1.93,-1.00,-1.00,1.08,
5/10/2023,Geelong ,Jackson Oldham,219190484,61287798,Lay,Lay 10. Bon Mistress,10. Bon Mistress,1,5.10,-1.00,4.10,-1.00,
5/10/2023,Kilmore ,Darren And Brett Carroll,219196276,61250478,Back,Back 5. Diamondsnblue,5. Diamondsnblue,1,1.53,0.53,0.53,-1.00,
5/10/2023,Kilmore ,Darren And Brett Carroll,219196280,61250484,Lay,Lay 2. Heza Gunslinger,2. Heza Gunslinger,0,16.65,0.06,-1.00,0.06,
5/10/2023,Kilmore ,Darren And Brett Carroll,219196282,61250492,Back,Back 2. Emmwallen,2. Emmwallen,1,1.62,0.62,0.62,-1.00,
5/10/2023,Kilmore ,Darren And Brett Carroll,219196286,39326109,Lay,Lay 8. Lifeinthebalanc,8. Lifeinthebalance,0,15.79,0.07,-1.00,0.07,
6/10/2023,Bendigo ,Michael Tye,219277763,61372211,Back,Back 5. Mister Easy,5. Mister Easy,0,1.87,-1.00,-1.00,1.15,
6/10/2023,Bendigo ,Michael Tye,219277778,57810289,Back,Back 4. New Wave Whine,4. New Wave Whine,0,1.76,-1.00,-1.00,1.32,
6/10/2023,Bendigo ,Michael Tye,219277783,58138819,Back,Back 8. Mighty Quinn,8. Mighty Quinn,0,5.32,-1.00,-1.00,0.23,
6/10/2023,Bendigo ,Michael Tye,219277793,57378151,Back,Back 4. Mission Apollo,4. Mission Apollo,0,2.60,-1.00,-1.00,0.62,
6/10/2023,Bendigo ,Michael Tye,219277798,58845023,Back,Back 2. Savic,2. Savic,1,4.40,3.40,3.40,-1.00,
6/10/2023,Bendigo ,Michael Tye,219277803,59355810,Lay,Lay 8. Crush Your Rush,8. Crush Your Rush,0,4.60,0.28,-1.00,0.28,
6/10/2023,Gloucester Park ,Scott Hill,219232368,22288858,Back,Back 10. Classic Choice,10. Classic Choice,0,6.76,-1.00,-1.00,0.17,
6/10/2023,Gloucester Park ,Scott Hill,219232371,38553666,Back,Back 3. Whos The Dad,3. Whos The Dad,0,1.75,-1.00,-1.00,1.33,
6/10/2023,Gloucester Park ,Scott Hill,219232374,24465306,Back,Back 4. Valentines Brook,4. Valentines Brook,0,3.76,-1.00,-1.00,0.36,
6/10/2023,Gloucester Park ,Scott Hill,219232377,25765955,Back,Back 1. Minstrel,1. Minstrel,1,1.52,0.52,0.52,-1.00,
6/10/2023,Gloucester Park ,Scott Hill,219232380,51241912,Back,Back 11. Soho Seraphine,11. Soho Seraphine,0,2.10,-1.00,-1.00,0.91,
6/10/2023,Gloucester Park ,Scott Hill,219232383,8542048,Back,Back 4. Lusaka,4. Lusaka,1,1.86,0.86,0.86,-1.00,
6/10/2023,Gloucester Park ,Scott Hill,219232383,61304477,Lay,Lay 3. Rockmyster,3. Rockmyster,0,8.43,0.13,-1.00,0.13,
6/10/2023,Gloucester Park ,Scott Hill,219232389,41690514,Back,Back 7. Codename Marcus,7. Codename Marcus,0,2.14,-1.00,-1.00,0.88,
6/10/2023,Gloucester Park ,Scott Hill,219232395,61304482,Back,Back 1. Thenu Came Along,1. Thenu Came Along,0,3.15,-1.00,-1.00,0.47,
6/10/2023,Moonee Valley ,Jackson Oldham,219227909,53407580,Back,Back 1. Alsonso,1. Alsonso,0,2.54,-1.00,-1.00,0.65,
6/10/2023,Moonee Valley ,Jackson Oldham,219227972,61336769,Lay,Lay 13. Corner Off,13. Corner Off,0,6.55,0.18,-1.00,0.18,
6/10/2023,Morphettville ,Lachlan Mosley,219227993,61336719,Back,Back 12. Angelic Appeal,12. Angelic Appeal,1,9.69,8.69,8.69,-1.00,
6/10/2023,Morphettville ,Lachlan Mosley,219227993,61336716,Back,Back 7. On The Scent,7. On The Scent,0,2.28,-1.00,-1.00,0.78,
6/10/2023,Morphettville ,Lachlan Mosley,219228011,61336730,Back,Back 1. Lake Agawam,1. Lake Agawam,1,4.10,3.10,3.10,-1.00,
6/10/2023,Morphettville ,Lachlan Mosley,219228017,57377747,Lay,Lay 4. Delightful Shec,4. Delightful Shecky,0,7.25,0.16,-1.00,0.16,
6/10/2023,Morphettville ,Lachlan Mosley,219228017,40346645,Back,Back 9. Eminencia,9. Eminencia,0,8.06,-1.00,-1.00,0.14,
6/10/2023,Sunshine Coast,Chris Camilleri,219228310,61337236,Lay,Lay 1. Shot Of Whiskey,1. Shot Of Whiskey,0,4.56,0.28,-1.00,0.28,
6/10/2023,Taree,Jack Franklyn,219231445,61336549,Back,Back 7. Nyali Sands,7. Nyali Sands,0,3.22,-1.00,-1.00,0.45,
6/10/2023,Taree,Jack Franklyn,219231450,61336552,Back,Back 6. Asgoodasyougett,6. Asgoodasyougett,1,2.35,1.35,1.35,-1.00,
6/10/2023,Taree,Jack Franklyn,219231455,58453467,Lay,Lay 4. Golden Breeze,4. Golden Breeze,1,3.80,-1.00,2.80,-1.00,
6/10/2023,Taree,Jack Franklyn,219231460,51759564,Back,Back 1. Imatruestar,1. Imatruestar,0,3.60,-1.00,-1.00,0.38,
6/10/2023,Taree,Jack Franklyn,219231470,61336573,Back,Back 3. Alicia Roma,3. Alicia Roma,1,1.92,0.92,0.92,-1.00,
6/10/2023,Warrnambool ,Glenn Ingram,219230736,877442,Back,Back 2. Laudatory,2. Laudatory,0,2.94,-1.00,-1.00,0.52,
7/10/2023,Cannington,Jaycin Campbell,219325691,44062750,Back,Back 8. Elite Machine,Elite Machine,0,1.67,-1.00,-1.00,1.49,
7/10/2023,Cannington,Jaycin Campbell,219325696,61408829,Lay,Lay 1. Starlight Ariel,Starlight Ariel,0,4.50,0.29,-1.00,0.29,
7/10/2023,Cannington,Jaycin Campbell,219325701,50115492,Back,Back 4. Solidified,Solidified,0,2.70,-1.00,-1.00,0.59,
7/10/2023,Cannington,Jaycin Campbell,219325711,60735535,Lay,Lay 3. Inside Scoop,Inside Scoop,0,4.56,0.28,-1.00,0.28,
7/10/2023,Cannington,Jaycin Campbell,219325716,57689319,Back,Back 2. Vander Harley,Vander Harley,0,2.69,-1.00,-1.00,0.59,
7/10/2023,Eagle Farm,Shane Ciurleo,219232929,44508605,Back,Back 2. Hold On Honey,Hold On Honey,1,2.34,1.34,1.34,-1.00,
7/10/2023,Eagle Farm,Shane Ciurleo,219232929,56089860,Lay,Lay 3. Lost in Transit,Lost In Transit,0,3.75,0.36,-1.00,0.36,
7/10/2023,Eagle Farm,Shane Ciurleo,219232943,61337973,Back,Back 5. Standing Order,Standing Order,1,4.00,3.00,3.00,-1.00,
7/10/2023,Eagle Farm,Shane Ciurleo,219232964,343526,Back,Back 8. Daytona,Daytona,0,2.76,-1.00,-1.00,0.57,
7/10/2023,Eagle Farm ,Pros Vs Bookies,219232950,55533297,Lay,Lay 6. Red Defcon,6. Red Defcon,0,3.40,0.42,-1.00,0.42,
7/10/2023,Flemington,Bella Anderson,219228180,61337156,Back,Back 15. Bews,Bews,0,4.43,-1.00,-1.00,0.29,
7/10/2023,Flemington,Bella Anderson,219228189,36500208,Back,Back 3. Bodyguard,Bodyguard,1,3.64,2.64,2.64,-1.00,
7/10/2023,Flemington,Bella Anderson,219228189,61337161,Lay,Lay 2. Blue Illusion,Blue Illusion,0,3.39,0.42,-1.00,0.42,
7/10/2023,Flemington,Bella Anderson,219228198,61337169,Lay,Lay 8. Riproar,Riproar,0,6.91,0.17,-1.00,0.17,
7/10/2023,Flemington,Bella Anderson,219228198,58069445,Back,Back 3. Ambassadorial,Ambassadorial,0,7.54,-1.00,-1.00,0.15,
7/10/2023,Flemington,Lay Back with Betfair,219228198,61337172,Back,Back 11. Esskay,11. Esskay,0,45.74,-1.00,-1.00,0.02,
7/10/2023,Flemington,Bella Anderson,219228207,61337182,Lay,Lay 2. Legacies,Legacies,0,2.88,0.53,-1.00,0.53,
7/10/2023,Flemington,Lay Back with Betfair,219228207,61337182,Back,Back 2. Legacies,2. Legacies,0,2.88,-1.00,-1.00,0.53,
7/10/2023,Flemington,Bella Anderson,219228207,61337181,Back,Back 1. De Sonic Boom,De Sonic Boom,0,8.17,-1.00,-1.00,0.14,
7/10/2023,Flemington,Lay Back with Betfair,219228207,53975250,Back,Back 8. Nodachi,8. Nodachi,0,9.97,-1.00,-1.00,0.11,
7/10/2023,Flemington,Lay Back with Betfair,219228216,61337192,Lay,Lay 3. I Am Unstoppabl,3. I Am Unstoppable,0,3.84,0.35,-1.00,0.35,
7/10/2023,Flemington,Bella Anderson,219228216,61337192,Back,Back 3. I Am Unstoppable,I Am Unstoppable,0,3.84,-1.00,-1.00,0.35,
7/10/2023,Flemington,Lay Back with Betfair,219228216,61337194,Lay,Lay 9. Stretan Angel,9. Stretan Angel,1,8.35,-1.00,7.35,-1.00,
7/10/2023,Flemington,Lay Back with Betfair,219228216,61337193,Back,Back 7. Kandinsky Abstra,7. Kandinsky Abstract,0,15.90,-1.00,-1.00,0.07,
7/10/2023,Flemington,Lay Back with Betfair,219228225,61337197,Back,Back 3. Princess Grace,3. Princess Grace,0,1.58,-1.00,-1.00,1.72,
7/10/2023,Flemington,Bella Anderson,219228225,36833799,Back,Back 8. Starlight Scope,Starlight Scope,0,59.89,-1.00,-1.00,0.02,
7/10/2023,Flemington,Bella Anderson,219228234,11899740,Back,Back 7. Athabascan,Athabascan,0,8.10,-1.00,-1.00,0.14,
7/10/2023,Flemington,Lay Back with Betfair,219228234,47841970,Back,Back 3. Sheraz,3. Sheraz,0,17.53,-1.00,-1.00,0.06,
7/10/2023,Flemington,Bella Anderson,219228243,41819997,Lay,Lay 1. Romantic Warrio,Romantic Warrior,0,2.62,0.62,-1.00,0.62,
7/10/2023,Flemington,Jackson Oldham,219228243,41819997,Back,Back 1. Romantic Warrior,Romantic Warrior,0,2.62,-1.00,-1.00,0.62,
7/10/2023,Flemington,Bella Anderson,219228243,48261073,Back,Back 7. Osipenko,Osipenko,0,8.82,-1.00,-1.00,0.13,
7/10/2023,Flemington,Pros Vs Bookies,219228244,48261073,Lay,Lay 7. Osipenko,7. Osipenko,0,2.56,0.64,-1.00,0.64,
7/10/2023,Flemington,Bella Anderson,219228252,61337220,Back,Back 2. Star Patrol,Star Patrol,1,2.64,1.64,1.64,-1.00,
7/10/2023,Flemington,Jackson Oldham,219228252,8826744,Lay,Lay 1. Jigsaw,Jigsaw,0,11.44,0.10,-1.00,0.10,
7/10/2023,Flemington,Lay Back with Betfair,219228252,61337224,Back,Back 14. Cest Magique,14. Cest Magique,0,4.29,-1.00,-1.00,0.30,
7/10/2023,Flemington,Lay Back with Betfair,219228261,36960055,Back,Back 5. Tamerlane,5. Tamerlane,1,2.16,1.16,1.16,-1.00,
7/10/2023,Flemington ,Jackson Oldham,219228198,61337167,Lay,Lay 6. Riff Rocket,6. Riff Rocket,1,4.78,-1.00,3.78,-1.00,
7/10/2023,Flemington ,Pros Vs Bookies,219228198,61337167,Lay,Lay 6. Riff Rocket,6. Riff Rocket,1,4.78,-1.00,3.78,-1.00,
7/10/2023,Flemington ,Lay Back with Betfair,219228198,61337172,Back,Back 11. Esskay,11. Esskay,0,45.74,-1.00,-1.00,0.02,
7/10/2023,Flemington ,Jackson Oldham,219228207,61337182,Back,Back 2. Legacies,2. Legacies,0,2.88,-1.00,-1.00,0.53,
7/10/2023,Flemington ,Lay Back with Betfair,219228207,61337182,Back,Back 2. Legacies,2. Legacies,0,2.88,-1.00,-1.00,0.53,
7/10/2023,Flemington ,Lay Back with Betfair,219228207,53975250,Back,Back 8. Nodachi,8. Nodachi,0,9.97,-1.00,-1.00,0.11,
7/10/2023,Flemington ,Lay Back with Betfair,219228216,61337192,Lay,Lay 3. I Am Unstoppabl,3. I Am Unstoppable,0,3.84,0.35,-1.00,0.35,
7/10/2023,Flemington ,Lay Back with Betfair,219228216,61337194,Lay,Lay 9. Stretan Angel,9. Stretan Angel,1,8.35,-1.00,7.35,-1.00,
7/10/2023,Flemington ,Jackson Oldham,219228216,61337193,Back,Back 7. Kandinsky Abstra,7. Kandinsky Abstract,0,15.90,-1.00,-1.00,0.07,
7/10/2023,Flemington ,Lay Back with Betfair,219228216,61337193,Back,Back 7. Kandinsky Abstra,7. Kandinsky Abstract,0,15.90,-1.00,-1.00,0.07,
7/10/2023,Flemington ,Lay Back with Betfair,219228225,61337197,Back,Back 3. Princess Grace,3. Princess Grace,0,1.58,-1.00,-1.00,1.73,
7/10/2023,Flemington ,Lay Back with Betfair,219228234,47841970,Back,Back 3. Sheraz,3. Sheraz,0,17.53,-1.00,-1.00,0.06,
7/10/2023,Flemington ,Pros Vs Bookies,219228243,41819997,Lay,Lay 1. Romantic Warrio,1. Romantic Warrior,0,2.62,0.62,-1.00,0.62,
7/10/2023,Flemington ,Dean Evans,219228243,49949293,Back,Back 11. Soulcombe,11. Soulcombe,0,6.87,-1.00,-1.00,0.17,
7/10/2023,Flemington ,Dean Evans,219228243,61337212,Back,Back 5. West Wind Blows,5. West Wind Blows,0,7.81,-1.00,-1.00,0.15,
7/10/2023,Flemington ,Dean Evans,219228243,48261073,Back,Back 7. Osipenko,7. Osipenko,0,8.82,-1.00,-1.00,0.13,
7/10/2023,Flemington ,Dean Evans,219228243,41728825,Back,Back 4. Francesco Guardi,4. Francesco Guardi,0,23.17,-1.00,-1.00,0.05,
7/10/2023,Flemington ,Dean Evans,219228243,44758255,Back,Back 8. Uncle Bryn,8. Uncle Bryn,0,32.00,-1.00,-1.00,0.03,
7/10/2023,Flemington ,Dean Evans,219228243,61337214,Back,Back 12. Duke De Sessa,12. Duke De Sessa,0,48.00,-1.00,-1.00,0.02,
7/10/2023,Flemington ,Pros Vs Bookies,219228252,61337220,Lay,Lay 2. Star Patrol,2. Star Patrol,1,2.64,-1.00,1.64,-1.00,
7/10/2023,Flemington ,Lay Back with Betfair,219228252,61337224,Back,Back 14. Cest Magique,14. Cest Magique,0,4.29,-1.00,-1.00,0.30,
7/10/2023,Flemington ,Lay Back with Betfair,219228261,36960055,Back,Back 5. Tamerlane,5. Tamerlane,1,2.16,1.16,1.16,-1.00,
7/10/2023,Murray Bridge,Lachlan Mosley,219235137,35696333,Back,Back 2. Lord Vladivostok,Lord Vladivostok,0,3.21,-1.00,-1.00,0.45,
7/10/2023,Murray Bridge ,Lachlan Mosley,219235101,61337578,Back,Back 4. Foxy Femme,4. Foxy Femme,0,6.29,-1.00,-1.00,0.19,
7/10/2023,Murray Bridge ,Lachlan Mosley,219235101,47637170,Back,Back 9. Fields Of Athenr,9. Fields Of Athenry,0,12.00,-1.00,-1.00,0.09,
7/10/2023,Murray Bridge ,Lachlan Mosley,219235107,39499097,Back,Back 11. Applied,11. Applied,0,14.50,-1.00,-1.00,0.07,
7/10/2023,Murray Bridge ,Lachlan Mosley,219235113,51615876,Back,Back 7. Dublin Journal,7. Dublin Journal,0,6.20,-1.00,-1.00,0.19,
7/10/2023,Murray Bridge ,Lachlan Mosley,219235113,58882647,Back,Back 4. Oath Of Omerta,4. Oath Of Omerta,0,10.63,-1.00,-1.00,0.10,
7/10/2023,Murray Bridge ,Lachlan Mosley,219235125,3363369,Back,Back 7. Platinum Wolf,7. Platinum Wolf,0,3.12,-1.00,-1.00,0.47,
7/10/2023,Murray Bridge ,Pros Vs Bookies,219235126,61337592,Lay,Lay 4. Bravemansgame,4. Bravemansgame,0,3.83,0.35,-1.00,0.35,
7/10/2023,Murray Bridge ,Lachlan Mosley,219235131,38187651,Back,Back 3. Bellinger,3. Bellinger,0,3.80,-1.00,-1.00,0.36,
7/10/2023,Murray Bridge ,Lachlan Mosley,219235131,938316,Back,Back 6. Shove Over,6. Shove Over,0,4.50,-1.00,-1.00,0.29,
7/10/2023,Murray Bridge ,Lachlan Mosley,219235143,8738739,Back,Back 10. Wine Barron,10. Wine Barron,0,3.09,-1.00,-1.00,0.48,
7/10/2023,Murray Bridge ,Lachlan Mosley,219235143,2326931,Back,Back 4. Annihilate,4. Annihilate,0,40.00,-1.00,-1.00,0.03,
7/10/2023,Rosehill,Jack Franklyn,219228117,53148643,Back,Back 7. Felix Majestic,7. Felix Majestic,1,4.20,3.20,3.20,-1.00,
7/10/2023,Rosehill,Jack Franklyn,219228124,739389,Back,Back 3. Pesto,3. Pesto,0,6.06,-1.00,-1.00,0.20,
7/10/2023,Rosehill,Jack Franklyn,219228138,56872949,Back,Back 3. Ozzmosis,3. Ozzmosis,0,2.40,-1.00,-1.00,0.71,
7/10/2023,Rosehill,Lay Back with Betfair,219228138,56872949,Back,Back 3. Ozzmosis,3. Ozzmosis,0,2.40,-1.00,-1.00,0.71,
7/10/2023,Rosehill,Lay Back with Betfair,219228138,2369398,Back,Back 2. Barber,2. Barber,0,9.49,-1.00,-1.00,0.12,
7/10/2023,Rosehill,Jack Franklyn,219228138,3268452,Back,Back 4. Namesake,4. Namesake,0,34.00,-1.00,-1.00,0.03,
7/10/2023,Rosehill,Jack Franklyn,219228145,61337043,Back,Back 13. Makarena,13. Makarena,1,5.11,4.11,4.11,-1.00,
7/10/2023,Rosehill,Lay Back with Betfair,219228145,59082899,Back,Back 1. Encap,1. Encap,0,2.24,-1.00,-1.00,0.81,
7/10/2023,Rosehill,Lay Back with Betfair,219228159,44735703,Back,Back 13. Argentia,13. Argentia,0,6.97,-1.00,-1.00,0.17,
7/10/2023,Rosehill,Jack Franklyn,219228166,54139739,Back,Back 5. Magic Time,5. Magic Time,1,2.46,1.46,1.46,-1.00,
7/10/2023,Rosehill,Lay Back with Betfair,219228166,54139739,Back,Back 5. Magic Time,5. Magic Time,1,2.46,1.46,1.46,-1.00,
7/10/2023,Rosehill,Jack Franklyn,219228173,55206258,Lay,Lay 2. Kayobi,2. Kayobi,0,3.21,0.45,-1.00,0.45,
7/10/2023,Rosehill ,Linton Chataway,219228117,53148643,Back,Back 7. Felix Majestic,7. Felix Majestic,1,4.20,3.20,3.20,-1.00,
7/10/2023,Rosehill ,Pros Vs Bookies,219228117,59957049,Lay,Lay 2. Peace Officer,2. Peace Officer,0,5.50,0.22,-1.00,0.22,
7/10/2023,Rosehill ,Linton Chataway,219228124,739389,Back,Back 3. Pesto,3. Pesto,0,6.06,-1.00,-1.00,0.20,
7/10/2023,Rosehill ,Lay Back with Betfair,219228138,56872949,Back,Back 3. Ozzmosis,3. Ozzmosis,0,2.40,-1.00,-1.00,0.71,
7/10/2023,Rosehill ,Linton Chataway,219228138,56872949,Back,Back 3. Ozzmosis,3. Ozzmosis,0,2.40,-1.00,-1.00,0.71,
7/10/2023,Rosehill ,Lay Back with Betfair,219228138,2369398,Back,Back 2. Barber,2. Barber,0,9.49,-1.00,-1.00,0.12,
7/10/2023,Rosehill ,Linton Chataway,219228138,3268452,Back,Back 4. Namesake,4. Namesake,0,34.00,-1.00,-1.00,0.03,
7/10/2023,Rosehill ,Linton Chataway,219228145,61337043,Back,Back 13. Makarena,13. Makarena,1,5.11,4.11,4.11,-1.00,
7/10/2023,Rosehill ,Lay Back with Betfair,219228145,59082899,Back,Back 1. Encap,1. Encap,0,2.24,-1.00,-1.00,0.81,
7/10/2023,Rosehill ,Pros Vs Bookies,219228152,28252603,Lay,Lay 11. Montefilia,11. Montefilia,1,3.57,-1.00,2.57,-1.00,
7/10/2023,Rosehill ,Lay Back with Betfair,219228159,44735703,Back,Back 13. Argentia,13. Argentia,0,6.97,-1.00,-1.00,0.17,
7/10/2023,Rosehill ,Lay Back with Betfair,219228166,54139739,Back,Back 5. Magic Time,5. Magic Time,1,2.46,1.46,1.46,-1.00,
7/10/2023,Rosehill ,Linton Chataway,219228166,54139739,Back,Back 5. Magic Time,5. Magic Time,1,2.46,1.46,1.46,-1.00,
7/10/2023,Rosehill ,Linton Chataway,219228173,55206258,Lay,Lay 2. Kayobi,2. Kayobi,0,3.21,0.45,-1.00,0.45,
8/10/2023,Bendigo,Chris Camilleri,219321228,61371789,Lay,Lay 6. Magnupur,Magnupur,1,3.50,-1.00,2.50,-1.00,
8/10/2023,Bendigo,Chris Camilleri,219321235,59620350,Back,Back 1. Delivering,Delivering,0,1.96,-1.00,-1.00,1.04,
8/10/2023,Bendigo,Chris Camilleri,219321249,53751245,Back,Back 1. Arizona Activist,Arizona Activist,0,3.55,-1.00,-1.00,0.39,
8/10/2023,Bendigo,Chris Camilleri,219321270,50379746,Back,Back 2. Is It Me,Is It Me,0,3.16,-1.00,-1.00,0.46,
9/10/2023,Ballarat,Michael Tye,219424130,61489897,Back,Back 1. Twenty Deep,1. Twenty Deep,1,2.19,1.19,1.19,-1.00,
9/10/2023,Ballarat,Michael Tye,219424135,57148672,Back,Back 6. Tilly Tornado,6. Tilly Tornado,0,2.11,-1.00,-1.00,0.90,
9/10/2023,Ballarat,Michael Tye,219424165,61489903,Back,Back 3. Tenacious Tommy,3. Tenacious Tommy,1,2.67,1.67,1.67,-1.00,
9/10/2023,Ballarat,Michael Tye,219424170,43636184,Lay,Lay 8. Hosey Sidekick,8. Hosey Sidekick,0,3.26,0.44,-1.00,0.44,
9/10/2023,Ballarat,Michael Tye,219424180,42385580,Back,Back 1. Aston Delight,1. Aston Delight,1,5.37,4.37,4.37,-1.00,
9/10/2023,Charlton,Darren And Brett Carroll,219364895,28101673,Back,Back 8. Mister Jimaringl,8. Mister Jimaringle,0,3.25,-1.00,-1.00,0.44,
9/10/2023,Charlton,Darren And Brett Carroll,219364897,22290738,Back,Back 11. Tophut Johny,11. Tophut Johny,1,3.10,2.10,2.10,-1.00,
9/10/2023,Charlton,Darren And Brett Carroll,219364899,3583615,Back,Back 6. Kapai,6. Kapai,0,1.78,-1.00,-1.00,1.28,
9/10/2023,Charlton,Darren And Brett Carroll,219364907,45368161,Lay,Lay 4. You Beauty,4. You Beauty,0,12.58,0.09,-1.00,0.09,
9/10/2023,Charlton,Darren And Brett Carroll,219364909,61371846,Back,Back 4. Feelingoodfreddi,4. Feelingoodfreddie,0,4.97,-1.00,-1.00,0.25,
9/10/2023,Globe Derby,Mark Lawrence,219365193,37081824,Lay,Lay 1. Giftedfromthehe,Giftedfromtheheart,0,15.65,0.07,-1.00,0.07,
9/10/2023,Globe Derby,Mark Lawrence,219365197,61391435,Back,Back 4. Lil Miss Crocker,Lil Miss Crocker,0,1.95,-1.00,-1.00,1.05,
9/10/2023,Globe Derby,Mark Lawrence,219365199,38979718,Back,Back 3. Come On Sloopy,Come On Sloopy,0,5.90,-1.00,-1.00,0.20,
10/10/2023,Mornington,Jackson Oldham,219424299,54139263,Lay,Lay 1. Beaunified,Beaunified,0,9.80,0.11,-1.00,0.11,
10/10/2023,Mornington,Jackson Oldham,219424306,61248985,Back,Back 1. Almairac,Almairac,0,2.14,-1.00,-1.00,0.88,
10/10/2023,Redcliffe,Ryan Spice,219421462,40611656,Back,Back 5. Tommy Bligh,Tommy Bligh,1,2.90,1.90,1.90,-1.00,
10/10/2023,Redcliffe,Ryan Spice,219421464,10988837,Back,Back 9. Our Major Day,Our Major Day,1,3.85,2.85,2.85,-1.00,
11/10/2023,Ipswich,Shane Ciurleo,219466808,60694928,Lay,Lay 5. Helikedempretty,Helikedempretty,0,11.00,0.10,-1.00,0.10,
11/10/2023,Ipswich,Shane Ciurleo,219466836,39057069,Back,Back 1. Motomiss,Motomiss,0,9.85,-1.00,-1.00,0.11,
11/10/2023,Mount Gambier,Lachlan Mosley,219466409,8981605,Lay,Lay 1. Big Town,Big Town,0,5.65,0.22,-1.00,0.22,
11/10/2023,Mount Gambier,Lachlan Mosley,219466421,1359002,Back,Back 2. Handshake,Handshake,0,2.83,-1.00,-1.00,0.55,
11/10/2023,Mount Gambier,Lachlan Mosley,219466427,37796294,Back,Back 3. Melissa Kate,Melissa Kate,0,6.40,-1.00,-1.00,0.19,
11/10/2023,Sale,Jackson Oldham,219466899,61522412,Back,Back 10. Dulcet,10. Dulcet,1,1.39,0.39,0.39,-1.00,
11/10/2023,Sale,Jackson Oldham,219466913,51636069,Lay,Lay 4. Takara,Takara,0,6.40,0.19,-1.00,0.19,
11/10/2023,Warwick Farm,Jack Franklyn,219467965,61522475,Back,Back 1. Counteroffensive,Counteroffensive,0,4.99,-1.00,-1.00,0.25,
11/10/2023,Warwick Farm,Jack Franklyn,219467972,60987448,Back,Back 2. Kaizad,Kaizad,1,1.67,0.67,0.67,-1.00,
11/10/2023,Warwick Farm,Jack Franklyn,219467979,61522491,Back,Back 6. Stand Aside,Stand Aside,0,11.68,-1.00,-1.00,0.09,
11/10/2023,Warwick Farm,Jack Franklyn,219467993,61522497,Back,Back 10. Yasuke,Yasuke,0,3.67,-1.00,-1.00,0.37,
11/10/2023,Warwick Farm,Jack Franklyn,219468000,61522498,Back,Back 1. Fall For Cindy,Fall For Cindy,1,1.78,0.78,0.78,-1.00,
11/10/2023,Warwick Farm,Linton Chataway,219468000,61522498,Back,Back 1. Fall For Cindy,Fall For Cindy,1,1.78,0.78,0.78,-1.00,
11/10/2023,Warwick Farm,Jack Franklyn,219468007,61522499,Lay,Lay 1. Lavish Empire,Lavish Empire,0,4.77,0.26,-1.00,0.26,
12/10/2023,Albion Park,Jaycin Campbell,219583918,61593774,Back,Back 1. Pringle Tiger,Pringle Tiger,1,1.35,0.35,0.35,-1.00,
12/10/2023,Albion Park,Jaycin Campbell,219583928,58100201,Back,Back 5. Double Up Bill,Double Up Bill,1,1.57,0.57,0.57,-1.00,
12/10/2023,Albion Park,Jaycin Campbell,219583943,40291067,Back,Back 2. Amendola,Amendola,0,4.80,-1.00,-1.00,0.26,
12/10/2023,Albion Park,Jaycin Campbell,219583948,46836693,Lay,Lay 4. Dayseas Rowdy,Dayseas Rowdy,0,6.54,0.18,-1.00,0.18,
12/10/2023,Kembla Grange,Jack Franklyn,219527912,61557547,Back,Back 1. Zondee,Zondee,1,1.35,0.35,0.35,-1.00,
12/10/2023,Kembla Grange,Jack Franklyn,219527937,56321672,Back,Back 7. Ritzytwenties,Ritzytwenties,0,2.28,-1.00,-1.00,0.78,
12/10/2023,Kyneton,Jackson Oldham,219528972,61557443,Back,Back 5. Lambay,Lambay,0,1.68,-1.00,-1.00,1.47,
12/10/2023,Kyneton,Jackson Oldham,219529021,61557487,Lay,Lay 4. Morpheus Bragi,Morpheus Bragi,1,4.16,-1.00,3.16,-1.00,
13/10/2023,Bendigo,Michael Tye,219620108,61249314,Back,Back 8. Caribou Bale,Caribou Bale,0,5.45,-1.00,-1.00,0.22,
13/10/2023,Bendigo,Michael Tye,219620118,42195265,Back,Back 8. Pot Luck Chuck,Pot Luck Chuck,0,17.48,-1.00,-1.00,0.06,
13/10/2023,Bendigo,Michael Tye,219620143,42483589,Back,Back 1. Zella Bale,Zella Bale,0,19.93,-1.00,-1.00,0.05,
13/10/2023,Bendigo,Michael Tye,219620148,57993788,Lay,Lay 1. Journey Beyond,Journey Beyond,1,1.81,-1.00,0.81,-1.00,
13/10/2023,Bendigo,Michael Tye,219620158,6008140,Back,Back 2. Hot Hand,Hot Hand,0,7.10,-1.00,-1.00,0.16,
13/10/2023,Cranbourne,Jackson Oldham,219580797,61592982,Lay,Lay 10. Choquant,Choquant,0,8.52,0.13,-1.00,0.13,
13/10/2023,Cranbourne,Jackson Oldham,219580804,61592985,Back,Back 2. Supagirl,Supagirl,0,6.02,-1.00,-1.00,0.20,
13/10/2023,Gloucester Park,Scott Hill,219583524,2366936,Back,Back 4. Classic Choice,Classic Choice,0,2.51,-1.00,-1.00,0.66,
13/10/2023,Gloucester Park,Scott Hill,219583527,27223763,Back,Back 2. Jaspervellabeach,Jaspervellabeach,0,19.16,-1.00,-1.00,0.06,
13/10/2023,Gloucester Park,Scott Hill,219583530,40878739,Back,Back 2. Faster Than Dad,Faster Than Dad,0,3.61,-1.00,-1.00,0.38,
13/10/2023,Gloucester Park,Scott Hill,219583530,36255473,Back,Back 6. The Code Breaker,The Code Breaker,0,16.40,-1.00,-1.00,0.06,
13/10/2023,Gloucester Park,Scott Hill,219583533,46091944,Back,Back 1. Jumpingjackmac,Jumpingjackmac,1,2.80,1.80,1.80,-1.00,
13/10/2023,Gloucester Park,Scott Hill,219583536,49956965,Back,Back 10. Cyclone Charlot,Cyclone Charlotte,1,2.54,1.54,1.54,-1.00,
13/10/2023,Sunshine Coast,Chris Camilleri,219616828,61593091,Lay,Lay 11. Sobute,Sobute,0,2.84,0.54,-1.00,0.54,
14/10/2023,Cannington,Jaycin Campbell,219662701,55458299,Back,Back 5. Sand Patch,Sand Patch,0,2.54,-1.00,-1.00,0.65,
14/10/2023,Cannington,Jaycin Campbell,219662706,41146167,Back,Back 3. Poppa Monno,Poppa Monno,0,3.68,-1.00,-1.00,0.37,
14/10/2023,Cannington,Jaycin Campbell,219662731,46520557,Lay,Lay 5. No Limit Needed,No Limit Needed,0,4.47,0.29,-1.00,0.29,
14/10/2023,Caulfield,Dean Evans,219530315,60230072,Back,Back 1. Militarize,Militarize,0,2.72,-1.00,-1.00,0.58,
14/10/2023,Caulfield,Bella Anderson,219530315,56606226,Back,Back 4. Steparty,Steparty,0,4.40,-1.00,-1.00,0.29,
14/10/2023,Caulfield,Lay Back with Betfair,219530315,56606226,Back,Back 4. Steparty,Steparty,0,4.40,-1.00,-1.00,0.29,
14/10/2023,Caulfield,Dean Evans,219530315,61556210,Back,Back 3. King Colorado,King Colorado,0,14.70,-1.00,-1.00,0.07,
14/10/2023,Caulfield,Lay Back with Betfair,219530315,61556210,Back,Back 3. King Colorado,King Colorado,0,14.70,-1.00,-1.00,0.07,
14/10/2023,Caulfield,Dean Evans,219530315,61556213,Back,Back 8. Scentify,Scentify,0,16.63,-1.00,-1.00,0.06,
14/10/2023,Caulfield,Bella Anderson,219581255,50529412,Back,Back 14. Our Empress Zoe,Our Empress Zoe,0,7.77,-1.00,-1.00,0.15,
14/10/2023,Caulfield,Bella Anderson,219581264,61593431,Back,Back 1. Shesallshenaniga,Shesallshenanigans,0,3.70,-1.00,-1.00,0.37,
14/10/2023,Caulfield,Lay Back with Betfair,219581273,41223118,Back,Back 4. Military Mission,Military Mission,1,9.05,8.05,8.05,-1.00,
14/10/2023,Caulfield,Bella Anderson,219581273,59415663,Back,Back 8. Carini,Carini,0,2.93,-1.00,-1.00,0.52,
14/10/2023,Caulfield,Jackson Oldham,219581273,59415663,Back,Back 8. Carini,Carini,0,2.93,-1.00,-1.00,0.52,
14/10/2023,Caulfield,Lay Back with Betfair,219581273,59415663,Back,Back 8. Carini,Carini,0,2.93,-1.00,-1.00,0.52,
14/10/2023,Caulfield,Pros Vs Bookies,219581274,58138380,Lay,Lay 9. United Nations,United Nations,1,2.21,-1.00,1.21,-1.00,
14/10/2023,Caulfield,Bella Anderson,219581282,28454098,Lay,Lay 2. Red Card,Red Card,0,4.36,0.30,-1.00,0.30,
14/10/2023,Caulfield,Jackson Oldham,219581282,28454098,Lay,Lay 2. Red Card,Red Card,0,4.36,0.30,-1.00,0.30,
14/10/2023,Caulfield,Lay Back with Betfair,219581282,28454098,Lay,Lay 2. Red Card,Red Card,0,4.36,0.30,-1.00,0.30,
14/10/2023,Caulfield,Lay Back with Betfair,219581282,49296982,Back,Back 5. Grey River,Grey River,0,6.89,-1.00,-1.00,0.17,
14/10/2023,Caulfield,Bella Anderson,219581282,49460240,Back,Back 9. Cardigan Queen,Cardigan Queen,0,21.70,-1.00,-1.00,0.05,
14/10/2023,Caulfield,Bella Anderson,219581291,39810982,Back,Back 7. Asfoora,Asfoora,1,2.29,1.29,1.29,-1.00,
14/10/2023,Caulfield,Lay Back with Betfair,219581291,53680432,Back,Back 2. Uncommon James,Uncommon James,0,2.83,-1.00,-1.00,0.55,
14/10/2023,Caulfield,Bella Anderson,219581300,61593439,Lay,Lay 9. Rubamos,Rubamos,0,5.76,0.21,-1.00,0.21,
14/10/2023,Caulfield,Bella Anderson,219581300,522407,Back,Back 2. Buffalo River,Buffalo River,0,7.64,-1.00,-1.00,0.15,
14/10/2023,Caulfield,Jackson Oldham,219581300,522407,Back,Back 2. Buffalo River,Buffalo River,0,7.64,-1.00,-1.00,0.15,
14/10/2023,Caulfield,Bella Anderson,219581309,1038754,Lay,Lay 6. Just Fine,Just Fine,0,3.55,0.39,-1.00,0.39,
14/10/2023,Caulfield,Lay Back with Betfair,219581309,1038754,Back,Back 6. Just Fine,Just Fine,0,3.55,-1.00,-1.00,0.39,
14/10/2023,Caulfield,Pros Vs Bookies,219581309,22202638,Lay,Lay 1. Alligator Blood,Alligator Blood,1,3.75,-1.00,2.75,-1.00,
14/10/2023,Caulfield,Dean Evans,219581309,61593444,Back,Back 9. Duais,Duais,0,4.64,-1.00,-1.00,0.27,
14/10/2023,Caulfield,Lay Back with Betfair,219581309,61593444,Back,Back 9. Duais,Duais,0,4.64,-1.00,-1.00,0.27,
14/10/2023,Caulfield,Bella Anderson,219581309,41222525,Back,Back 3. Nonconformist,Nonconformist,0,11.71,-1.00,-1.00,0.09,
14/10/2023,Caulfield,Dean Evans,219581309,41222525,Back,Back 3. Nonconformist,Nonconformist,0,11.71,-1.00,-1.00,0.09,
14/10/2023,Caulfield,Lay Back with Betfair,219581309,41222525,Back,Back 3. Nonconformist,Nonconformist,0,11.71,-1.00,-1.00,0.09,
14/10/2023,Caulfield,Dean Evans,219581309,61593443,Back,Back 8. Lindermann,Lindermann,0,21.36,-1.00,-1.00,0.05,
14/10/2023,Caulfield,Bella Anderson,219581318,61593448,Back,Back 10. Wishlor Lass,Wishlor Lass,1,2.35,1.35,1.35,-1.00,
14/10/2023,Caulfield,Lay Back with Betfair,219581318,61593448,Back,Back 10. Wishlor Lass,Wishlor Lass,1,2.35,1.35,1.35,-1.00,
14/10/2023,Caulfield,Jackson Oldham,219581318,61593448,Lay,Lay 10. Wishlor Lass,Wishlor Lass,1,2.35,-1.00,1.35,-1.00,
14/10/2023,Caulfield,Jackson Oldham,219581318,52670606,Back,Back 3. Papillon Club,Papillon Club,0,8.33,-1.00,-1.00,0.14,
14/10/2023,Caulfield,Pros Vs Bookies,219581319,47016708,Lay,Lay 4. Barbies Fox,Barbies Fox,1,2.02,-1.00,1.02,-1.00,
14/10/2023,Caulfield,Dean Evans,219581336,61593450,Back,Back 3. Amelias Jewel,Amelias Jewel,0,2.54,-1.00,-1.00,0.65,
14/10/2023,Caulfield,Dean Evans,219581336,55205973,Back,Back 6. Antino,Antino,0,5.60,-1.00,-1.00,0.22,
14/10/2023,Caulfield,Lay Back with Betfair,219581336,36306152,Back,Back 10. Pride Of Jenni,Pride Of Jenni,0,14.91,-1.00,-1.00,0.07,
14/10/2023,Caulfield,Lay Back with Betfair,219581336,20757867,Back,Back 2. The Inevitable,The Inevitable,0,15.00,-1.00,-1.00,0.07,
14/10/2023,Caulfield,Dean Evans,219581336,61593452,Back,Back 15. Amenable,Amenable,0,18.92,-1.00,-1.00,0.06,
14/10/2023,Caulfield,Lay Back with Betfair,219581336,42483340,Back,Back 4. Pinstriped,Pinstriped,0,21.00,-1.00,-1.00,0.05,
14/10/2023,Eagle Farm,Shane Ciurleo,219581462,43817189,Back,Back 6. Little Mix,Little Mix,1,2.40,1.40,1.40,-1.00,
14/10/2023,Eagle Farm,Shane Ciurleo,219581462,40865515,Back,Back 5. Ostermeier,Ostermeier,0,7.48,-1.00,-1.00,0.15,
14/10/2023,Eagle Farm,Shane Ciurleo,219581469,61593209,Back,Back 5. Szabo,Szabo,0,8.60,-1.00,-1.00,0.13,
14/10/2023,Eagle Farm,Shane Ciurleo,219581483,50140969,Lay,Lay 5. Menazzi,Menazzi,0,5.04,0.25,-1.00,0.25,
14/10/2023,Eagle Farm,Shane Ciurleo,219581497,61593233,Back,Back 17. Mission Of Love,Mission Of Love,0,1.80,-1.00,-1.00,1.25,
14/10/2023,Eagle Farm,Shane Ciurleo,219581504,205974,Back,Back 2. Devastating,Devastating,0,4.24,-1.00,-1.00,0.31,
14/10/2023,Eagle Farm,Shane Ciurleo,219581504,34142287,Back,Back 7. The Face,The Face,0,4.97,-1.00,-1.00,0.25,
14/10/2023,Melton,Darren And Brett Carroll,219613437,36499957,Lay,Lay 11. Tough Tilly,Tough Tilly,0,8.40,0.14,-1.00,0.14,
14/10/2023,Melton,Darren And Brett Carroll,219613437,36331497,Back,Back 10. Ladies In Red,Ladies In Red,0,1.77,-1.00,-1.00,1.29,
14/10/2023,Melton,Darren And Brett Carroll,219613437,623093,Back,Back 8. Treachery,Treachery,0,9.20,-1.00,-1.00,0.12,
14/10/2023,Melton,Darren And Brett Carroll,219613443,54635775,Back,Back 8. Shes Ruby Roo,Shes Ruby Roo,1,4.36,3.36,3.36,-1.00,
14/10/2023,Melton,Darren And Brett Carroll,219613446,35803297,Back,Back 8. Queen Elida,Queen Elida,1,1.75,0.75,0.75,-1.00,
14/10/2023,Melton,Darren And Brett Carroll,219613449,61288377,Back,Back 7. The Real Sherloc,The Real Sherlock,0,2.96,-1.00,-1.00,0.51,
14/10/2023,Melton,Darren And Brett Carroll,219613452,43016022,Back,Back 5. Leap to Fame,Leap To Fame,0,1.76,-1.00,-1.00,1.32,
14/10/2023,Melton,Darren And Brett Carroll,219613452,36342248,Back,Back 4. Rock N Roll Doo,Rock N Roll Doo,0,6.00,-1.00,-1.00,0.20,
14/10/2023,Melton,Darren And Brett Carroll,219613455,54705539,Lay,Lay 2. First Dance,First Dance,0,13.94,0.08,-1.00,0.08,
14/10/2023,Melton,Darren And Brett Carroll,219613455,49686264,Back,Back 10. Major Delight,Major Delight,0,2.15,-1.00,-1.00,0.87,
14/10/2023,Melton,Darren And Brett Carroll,219613455,4826356,Back,Back 8. Joyful,Joyful,0,4.54,-1.00,-1.00,0.28,
14/10/2023,Melton,Darren And Brett Carroll,219613461,26505606,Back,Back 2. Keayang Ignite,Keayang Ignite,0,1.59,-1.00,-1.00,1.69,
14/10/2023,Morphettville,Lachlan Mosley,219583799,61592867,Back,Back 2. Losesomewinmore,Losesomewinmore,1,1.42,0.42,0.42,-1.00,
14/10/2023,Morphettville,Lachlan Mosley,219583805,60779393,Back,Back 2. Huggle Time,Huggle Time,0,2.93,-1.00,-1.00,0.52,
14/10/2023,Morphettville,Lachlan Mosley,219583817,59956812,Back,Back 3. Arugamama,Arugamama,0,2.03,-1.00,-1.00,0.97,
14/10/2023,Morphettville,Lachlan Mosley,219583823,44186708,Back,Back 8. Street Delight,Street Delight,1,2.14,1.14,1.14,-1.00,
14/10/2023,Morphettville,Pros Vs Bookies,219583829,61592892,Lay,Lay 6. Sentimental Fla,Sentimental Flame,0,2.65,0.61,-1.00,0.61,
14/10/2023,Morphettville,Lachlan Mosley,219583829,53447180,Lay,Lay 7. Diamonds Choice,Diamonds Choice,0,5.29,0.23,-1.00,0.23,
14/10/2023,Morphettville,Lachlan Mosley,219583829,61592892,Back,Back 6. Sentimental Flam,Sentimental Flame,0,2.65,-1.00,-1.00,0.61,
14/10/2023,Morphettville,Lachlan Mosley,219583847,60228879,Back,Back 5. Alpine Flyer,Alpine Flyer,0,5.10,-1.00,-1.00,0.24,
14/10/2023,Morphettville,Lachlan Mosley,219583853,50353567,Back,Back 12. Wakanjeja,Wakanjeja,1,1.98,0.98,0.98,-1.00,
14/10/2023,Newmarket,Rory Flanagan,219625967,56881078,Back,Back Ancient Wisdom,Ancient Wisdom,1,3.05,2.05,2.05,-1.00,
14/10/2023,Newmarket,Rory Flanagan,219625967,58001528,Back,Back Per Contra,Per Contra,0,9.22,-1.00,-1.00,0.12,
14/10/2023,Newmarket,Rory Flanagan,219625974,43098037,Back,Back Alyanaabi,Alyanaabi,0,8.20,-1.00,-1.00,0.14,
14/10/2023,Newmarket,Rory Flanagan,219625974,57856741,Back,Back Array,Array,0,29.00,-1.00,-1.00,0.04,
14/10/2023,Newmarket,Rory Flanagan,219625980,57891677,Back,Back Arabian Crown,Arabian Crown,1,2.00,1.00,1.00,-1.00,
14/10/2023,Newmarket,Rory Flanagan,219625986,16058372,Back,Back The Shunter,The Shunter,1,18.50,17.50,17.50,-1.00,
14/10/2023,Newmarket,Rory Flanagan,219625986,46461474,Back,Back Lot of Joy,Lot of Joy,0,8.17,-1.00,-1.00,0.14,
14/10/2023,Newmarket,Rory Flanagan,219625986,14618511,Back,Back Goshen,Goshen,0,11.65,-1.00,-1.00,0.09,
14/10/2023,Newmarket,Rory Flanagan,219625986,2159791,Back,Back The Very Man,The Very Man,0,41.10,-1.00,-1.00,0.02,
14/10/2023,Newmarket,Rory Flanagan,219625986,14871090,Back,Back Jackfinbar,Jackfinbar,0,58.72,-1.00,-1.00,0.02,
14/10/2023,Newmarket,Rory Flanagan,219626002,58423453,Back,Back Jamess Delight,Jamess Delight,0,5.10,-1.00,-1.00,0.24,
14/10/2023,Newmarket,Rory Flanagan,219626009,56912594,Back,Back Unequal Love,Unequal Love,0,7.44,-1.00,-1.00,0.16,
14/10/2023,Newmarket,Rory Flanagan,219626009,10534894,Back,Back Minnetonka,Minnetonka,0,32.00,-1.00,-1.00,0.03,
14/10/2023,Randwick,Lay Back with Betfair,219535798,2109454,Back,Back 3. Think About It,Think About It,1,4.63,3.63,3.63,-1.00,
14/10/2023,Randwick,Lay Back with Betfair,219535798,2109454,Lay,Lay 3. Think About It,Think About It,1,4.63,-1.00,3.63,-1.00,
14/10/2023,Randwick,Dean Evans,219535798,40689723,Back,Back 1. I Wish I Win,I Wish I Win,0,5.77,-1.00,-1.00,0.21,
14/10/2023,Randwick,Lay Back with Betfair,219535798,40689723,Back,Back 1. I Wish I Win,I Wish I Win,0,5.77,-1.00,-1.00,0.21,
14/10/2023,Randwick,Dean Evans,219535798,31550681,Back,Back 2. Private Eye,Private Eye,0,7.62,-1.00,-1.00,0.15,
14/10/2023,Randwick,Dean Evans,219535798,54936036,Back,Back 7. Hawaii Five Oh,Hawaii Five Oh,0,10.34,-1.00,-1.00,0.11,
14/10/2023,Randwick,Lay Back with Betfair,219535798,341887,Back,Back 5. Overpass,Overpass,0,10.34,-1.00,-1.00,0.11,
14/10/2023,Randwick,Lay Back with Betfair,219535798,2064371,Back,Back 9. In Secret,In Secret,0,10.38,-1.00,-1.00,0.11,
14/10/2023,Randwick,Lay Back with Betfair,219535798,2064371,Back,Back 9. In Secret,In Secret,0,10.38,-1.00,-1.00,0.11,
14/10/2023,Randwick,Dean Evans,219535798,61557995,Back,Back 12. Cylinder,Cylinder,0,14.18,-1.00,-1.00,0.08,
14/10/2023,Randwick,Dean Evans,219535798,49740180,Back,Back 6. Buenos Noches,Buenos Noches,0,20.13,-1.00,-1.00,0.05,
14/10/2023,Randwick,Pros Vs Bookies,219581185,7175760,Lay,Lay 3. Cleveland,Cleveland,0,3.64,0.38,-1.00,0.38,
14/10/2023,Randwick,Lay Back with Betfair,219581185,19648238,Lay,Lay 4. Benaud,Benaud,0,8.90,0.13,-1.00,0.13,
14/10/2023,Randwick,Lay Back with Betfair,219581185,7175760,Back,Back 3. Cleveland,Cleveland,0,3.64,-1.00,-1.00,0.38,
14/10/2023,Randwick,Lay Back with Betfair,219581185,7175760,Back,Back 3. Cleveland,Cleveland,0,3.64,-1.00,-1.00,0.38,
14/10/2023,Randwick,Lay Back with Betfair,219581192,61593370,Back,Back 5. Garza Blanca,Garza Blanca,0,3.45,-1.00,-1.00,0.41,
14/10/2023,Randwick,Lay Back with Betfair,219581199,56904763,Back,Back 3. Joliestar,Joliestar,0,5.69,-1.00,-1.00,0.21,
14/10/2023,Randwick,Pros Vs Bookies,219581206,1259449,Lay,Lay 3. Tom Kitten,Tom Kitten,0,2.67,0.60,-1.00,0.60,
14/10/2023,Randwick,Lay Back with Betfair,219581206,5104167,Back,Back 1. Tannhauser,Tannhauser,0,7.19,-1.00,-1.00,0.16,
14/10/2023,Randwick,Lay Back with Betfair,219581220,9423949,Lay,Lay 11. Airman,Airman,0,8.20,0.14,-1.00,0.14,
14/10/2023,Randwick,Lay Back with Betfair,219581220,36120836,Back,Back 13. Bella Nipotina,Bella Nipotina,0,5.70,-1.00,-1.00,0.21,
14/10/2023,Randwick,Lay Back with Betfair,219581220,50880734,Back,Back 7. Jojo Was A Man,Jojo Was A Man,0,113.08,-1.00,-1.00,0.01,
14/10/2023,Randwick,Lay Back with Betfair,219581234,61593407,Back,Back 3. Ruthless Dame,Ruthless Dame,0,6.94,-1.00,-1.00,0.17,
14/10/2023,Randwick,Dean Evans,219581241,61593420,Back,Back 14. Fangirl,Fangirl,1,5.73,4.73,4.73,-1.00,
14/10/2023,Randwick,Lay Back with Betfair,219581241,47441528,Back,Back 2. Mr Brightside,Mr Brightside,0,2.26,-1.00,-1.00,0.79,
14/10/2023,Randwick,Dean Evans,219581241,61593415,Back,Back 5. Light Infantry M,Light Infantry Man,0,8.83,-1.00,-1.00,0.13,
14/10/2023,Randwick,Lay Back with Betfair,219581241,61593415,Back,Back 5. Light Infantry M,Light Infantry Man,0,8.83,-1.00,-1.00,0.13,
14/10/2023,Randwick,Lay Back with Betfair,219581241,36593899,Back,Back 1. Think It Over,Think It Over,0,14.27,-1.00,-1.00,0.08,
14/10/2023,Randwick,Dean Evans,219581241,61593418,Back,Back 12. Kovalica,Kovalica,0,20.53,-1.00,-1.00,0.05,
14/10/2023,Randwick,Dean Evans,219581241,61593416,Back,Back 7. Buckaroo,Buckaroo,0,43.72,-1.00,-1.00,0.02,
15/10/2023,Ballarat,Chris Camilleri,219658308,54109354,Back,Back 3. Haaracaine,Haaracaine,1,3.30,2.30,2.30,-1.00,
15/10/2023,Ballarat,Chris Camilleri,219658315,52311183,Back,Back 2. Tommy,Tommy,1,1.93,0.93,0.93,-1.00,
15/10/2023,Ballarat,Chris Camilleri,219658322,60779683,Lay,Lay 8. Give Giggles,Give Giggles,1,2.37,-1.00,1.37,-1.00,
15/10/2023,Hobart,Jamie Cockshutt,219663015,53860678,Back,Back 4. Indi Air Tonight,Indi Air Tonight,0,6.43,-1.00,-1.00,0.18,
15/10/2023,Hobart,Jamie Cockshutt,219663017,61559218,Back,Back 5. Hy On A Hill,Hy On A Hill,0,1.97,-1.00,-1.00,1.03,
15/10/2023,Hobart,Jamie Cockshutt,219663019,61559221,Back,Back 11. Nyack,Nyack,1,1.74,0.74,0.74,-1.00,
15/10/2023,Hobart,Jamie Cockshutt,219663021,48075502,Back,Back 9. Kellys Delight,Kellys Delight,0,13.00,-1.00,-1.00,0.08,
15/10/2023,Hobart,Jamie Cockshutt,219663023,42139956,Back,Back 2. Sharkattack,Sharkattack,1,5.87,4.87,4.87,-1.00,
15/10/2023,Hobart,Jamie Cockshutt,219663023,35372494,Back,Back 13. Laid Back Kenny,Laid Back Kenny,0,8.43,-1.00,-1.00,0.13,
15/10/2023,Hobart,Jamie Cockshutt,219663027,49064633,Back,Back 4. Letsgobro,Letsgobro,0,5.88,-1.00,-1.00,0.20,
15/10/2023,Hobart,Jamie Cockshutt,219663027,39387759,Back,Back 3. Whey Better,Whey Better,0,21.72,-1.00,-1.00,0.05,
15/10/2023,Hobart,Jamie Cockshutt,219663029,19282745,Back,Back 7. Villacci,Villacci,1,3.28,2.28,2.28,-1.00,
15/10/2023,Hobart,Jamie Cockshutt,219663031,38112944,Back,Back 11. Denwen Dancer,Denwen Dancer,0,4.18,-1.00,-1.00,0.31,
15/10/2023,Hobart,Jamie Cockshutt,219663033,7783469,Back,Back 11. Hurricane Rock,Hurricane Rock,0,10.44,-1.00,-1.00,0.11,
16/10/2023,Globe Derby,Mark Lawrence,219713734,56838803,Back,Back 1. Ceeubetty,Ceeubetty,1,1.32,0.32,0.32,-1.00,
16/10/2023,Globe Derby,Mark Lawrence,219713736,39890484,Lay,Lay 3. Graywoods Diamo,Graywoods Diamond,0,9.96,0.11,-1.00,0.11,
16/10/2023,Globe Derby,Mark Lawrence,219713746,39428069,Back,Back 8. Come On Sloopy,Come On Sloopy,0,3.51,-1.00,-1.00,0.40,
17/10/2023,Albion Park,Ryan Spice,219765139,58691322,Back,Back 4. Gait With Grace,Gait With Grace,1,1.40,0.40,0.40,-1.00,
17/10/2023,Albion Park,Ryan Spice,219765151,1385464,Lay,Lay 3. Archilles,Archilles,0,18.94,0.06,-1.00,0.06,
17/10/2023,Albion Park,Ryan Spice,219765153,58079716,Back,Back 2. The Beauden Blue,The Beauden Blues,0,1.41,-1.00,-1.00,2.44,
17/10/2023,Kilmore,Jackson Oldham,219762349,61670760,Back,Back 4. Run Harry Run,Run Harry Run,1,2.42,1.42,1.42,-1.00,
17/10/2023,Kilmore,Jackson Oldham,219762363,54109411,Lay,Lay 4. Extreme Ally,Extreme Ally,0,3.56,0.39,-1.00,0.39,
17/10/2023,Newcastle,Chris Camilleri,219764382,61670492,Lay,Lay 15. Panic,Panic,0,2.10,0.91,-1.00,0.91,
17/10/2023,Northam,Scott Hill,219765984,45951548,Lay,Lay 1. Luhrsy,Luhrsy,0,2.30,0.77,-1.00,0.77,
17/10/2023,Northam,Scott Hill,219765984,54712729,Back,Back 4. Art Revival,Art Revival,0,5.38,-1.00,-1.00,0.23,
17/10/2023,Northam,Scott Hill,219765984,28364534,Back,Back 8. Rockin The Trend,Rockin The Trend,0,12.50,-1.00,-1.00,0.09,
17/10/2023,Northam,Scott Hill,219765988,60541919,Back,Back 3. Insta Gator,Insta Gator,1,6.60,5.60,5.60,-1.00,
17/10/2023,Northam,Scott Hill,219765990,46159162,Back,Back 2. Dardy Boy,Dardy Boy,0,2.83,-1.00,-1.00,0.55,
17/10/2023,Swan Hill,Darren And Brett Carroll,219765844,41729293,Back,Back 4. Lindy Grace,Lindy Grace,0,2.50,-1.00,-1.00,0.67,
17/10/2023,Swan Hill,Darren And Brett Carroll,219765848,3347233,Lay,Lay 6. Star Ruler,Star Ruler,0,7.99,0.14,-1.00,0.14,
17/10/2023,Swan Hill,Darren And Brett Carroll,219765852,39647865,Lay,Lay 2. Desmond,Desmond,0,3.81,0.36,-1.00,0.36,
17/10/2023,Swan Hill,Darren And Brett Carroll,219765858,39989755,Back,Back 5. Tallaras Shadow,Tallaras Shadow,1,3.22,2.22,2.22,-1.00,
18/10/2023,Ascot,Pros Vs Bookies,219798531,61792055,Lay,Lay 10. Janny,Janny,0,7.98,0.14,-1.00,0.14,
18/10/2023,Ascot,Pros Vs Bookies,219798559,61792107,Lay,Lay 3. Dance Boss,Dance Boss,0,2.42,0.70,-1.00,0.70,
18/10/2023,Balaklava,Lachlan Mosley,219799101,61791120,Lay,Lay 11. In Her Sights,In Her Sights,1,14.98,-1.00,13.98,-1.00,
18/10/2023,Balaklava,Lachlan Mosley,219799125,41308162,Back,Back 1. Prince Tikea,Prince Tikea,0,10.65,-1.00,-1.00,0.10,
18/10/2023,Balaklava,Lachlan Mosley,219799137,61791165,Back,Back 8. Delightful Sheck,Delightful Shecky,1,2.77,1.77,1.77,-1.00,
18/10/2023,Balaklava,Lachlan Mosley,219799137,60490286,Back,Back 3. Bolted In,Bolted In,0,7.04,-1.00,-1.00,0.17,
18/10/2023,Ballarat,Michael Tye,219834438,61827047,Back,Back 1. Secret Reef,Secret Reef,0,2.02,-1.00,-1.00,0.98,
18/10/2023,Ballarat,Michael Tye,219834443,53090013,Lay,Lay 6. Lifes A Riot,Lifes A Riot,1,4.00,-1.00,3.00,-1.00,
18/10/2023,Ballarat,Michael Tye,219834458,53785182,Back,Back 7. Gunai Bold,Gunai Bold,0,2.40,-1.00,-1.00,0.71,
18/10/2023,Ballarat,Michael Tye,219834463,61827048,Back,Back 2. Shima Lite,Shima Lite,1,2.42,1.42,1.42,-1.00,
18/10/2023,Ballarat,Michael Tye,219834468,53975832,Back,Back 5. Longissimus,Longissimus,0,11.25,-1.00,-1.00,0.10,
18/10/2023,Caulfield,Pros Vs Bookies,219796773,61791191,Lay,Lay 12. Gregolimo,Gregolimo,0,3.95,0.34,-1.00,0.34,
18/10/2023,Caulfield,Glenn Ingram,219796773,61791191,Back,Back 12. Gregolimo,Gregolimo,0,3.95,-1.00,-1.00,0.34,
18/10/2023,Caulfield,Jackson Oldham,219796773,61791191,Back,Back 12. Gregolimo,Gregolimo,0,3.95,-1.00,-1.00,0.34,
18/10/2023,Caulfield,Jackson Oldham,219796773,49244170,Back,Back 4. Steinem,Steinem,0,7.12,-1.00,-1.00,0.16,
18/10/2023,Caulfield,Pros Vs Bookies,219796793,61631150,Lay,Lay 7. Insulation,Insulation,0,1.96,1.04,-1.00,1.04,
18/10/2023,Caulfield,Pros Vs Bookies,219796803,61791202,Lay,Lay 7. Shock Em Ova,Shock Em Ova,1,2.79,-1.00,1.79,-1.00,
18/10/2023,Caulfield,Pros Vs Bookies,219796813,60816374,Lay,Lay 2. Dancing Alone,Dancing Alone,1,3.65,-1.00,2.65,-1.00,
18/10/2023,Caulfield,Jackson Oldham,219796832,61791216,Lay,Lay 14. Watadeel,Watadeel,0,7.25,0.16,-1.00,0.16,
18/10/2023,Ipswich,Shane Ciurleo,219797724,61791641,Back,Back 2. Bonded Affair,Bonded Affair,1,2.82,1.82,1.82,-1.00,
18/10/2023,Ipswich,Shane Ciurleo,219797724,61791640,Back,Back 1. Better Be Slick,Better Be Slick,0,4.59,-1.00,-1.00,0.28,
18/10/2023,Ipswich,Shane Ciurleo,219797752,44508592,Lay,Lay 3. Security Adviso,Security Advisor,0,3.73,0.37,-1.00,0.37,
18/10/2023,Ipswich,Shane Ciurleo,219797759,55205870,Back,Back 1. Crazy Brave,Crazy Brave,0,2.55,-1.00,-1.00,0.64,
18/10/2023,Ipswich,Shane Ciurleo,219797766,61791683,Back,Back 3. Magnus Bellagio,Magnus Bellagio,0,7.76,-1.00,-1.00,0.15,
18/10/2023,Launceston,Steve Christie,219796604,54935479,Back,Back 4. Geegees City Boy,Geegees City Boy,0,4.30,-1.00,-1.00,0.30,
18/10/2023,Launceston,Steve Christie,219796604,60779110,Back,Back 14. Spieth Magic,Spieth Magic,0,10.94,-1.00,-1.00,0.10,
18/10/2023,Launceston,Steve Christie,219796610,54174074,Back,Back 12. Stone Cold Stun,Stone Cold Stunner,1,2.14,1.14,1.14,-1.00,
18/10/2023,Launceston,Steve Christie,219796610,50663453,Back,Back 3. No Surprises,No Surprises,0,17.59,-1.00,-1.00,0.06,
18/10/2023,Launceston,Steve Christie,219796616,53088571,Back,Back 5. Aruma,Aruma,1,1.34,0.34,0.34,-1.00,
18/10/2023,Launceston,Steve Christie,219796622,39359943,Back,Back 2. Mr Freeze,Mr Freeze,0,2.39,-1.00,-1.00,0.72,
18/10/2023,Launceston,Steve Christie,219796622,61670437,Back,Back 1. Geegees Misty,Geegees Misty,0,9.90,-1.00,-1.00,0.11,
18/10/2023,Launceston,Steve Christie,219796628,42188498,Back,Back 2. Bello Beau,Bello Beau,1,1.51,0.51,0.51,-1.00,
18/10/2023,Launceston,Steve Christie,219796634,57883615,Back,Back 11. Knot Dancing,Knot Dancing,1,5.47,4.47,4.47,-1.00,
18/10/2023,Launceston,Steve Christie,219796640,5356084,Back,Back 4. Blushed,Blushed,0,3.82,-1.00,-1.00,0.36,
18/10/2023,Launceston,Steve Christie,219796640,47637130,Back,Back 8. A Wee Nip,A Wee Nip,0,6.60,-1.00,-1.00,0.18,
18/10/2023,Launceston,Steve Christie,219796646,57377499,Back,Back 2. Sugoi Legend,Sugoi Legend,0,4.10,-1.00,-1.00,0.32,
18/10/2023,Launceston,Steve Christie,219796646,55493824,Back,Back 7. Reward For Rosie,Reward For Rosie,0,12.00,-1.00,-1.00,0.09,
18/10/2023,Randwick,Pros Vs Bookies,219798312,61791061,Lay,Lay 1. Harlow Mist,Harlow Mist,1,3.00,-1.00,2.00,-1.00,
18/10/2023,Randwick,Jack Franklyn,219798325,60228964,Back,Back 1. Rhythm Of Love,Rhythm Of Love,0,1.61,-1.00,-1.00,1.63,
18/10/2023,Randwick,Jack Franklyn,219798332,52696598,Lay,Lay 1. Iknowastar,Iknowastar,1,2.24,-1.00,1.24,-1.00,
18/10/2023,Randwick,Pros Vs Bookies,219798332,52696598,Lay,Lay 1. Iknowastar,Iknowastar,1,2.24,-1.00,1.24,-1.00,
18/10/2023,Randwick,Jack Franklyn,219798339,164552,Back,Back 9. Port Lockroy,Port Lockroy,1,2.63,1.63,1.63,-1.00,
18/10/2023,Randwick,Pros Vs Bookies,219798346,61791074,Lay,Lay 3. Whinchat,Whinchat,0,5.10,0.24,-1.00,0.24,
18/10/2023,Randwick,Jack Franklyn,219798346,61791075,Back,Back 7. Vinnies Spirit,Vinnies Spirit,0,3.27,-1.00,-1.00,0.44,
18/10/2023,Rockhampton,Jaycin Campbell,219837488,61826873,Lay,Lay 8. Showtime Prissy,Showtime Prissy,0,3.02,0.50,-1.00,0.50,
18/10/2023,Rockhampton,Jaycin Campbell,219837498,53255072,Back,Back 4. Whos Billy,Whos Billy,1,1.88,0.88,0.88,-1.00,
18/10/2023,Rockhampton,Jaycin Campbell,219837518,47179462,Lay,Lay 2. Pretty Cindy,Pretty Cindy,0,9.46,0.12,-1.00,0.12,
18/10/2023,Rockhampton,Jaycin Campbell,219837518,48844160,Back,Back 6. Sir Banjo,Sir Banjo,0,3.31,-1.00,-1.00,0.43,
18/10/2023,Rockhampton,Jaycin Campbell,219837528,59650299,Back,Back 6. Cyndies Hope,Cyndies Hope,0,2.72,-1.00,-1.00,0.58,
19/10/2023,Albion Park,Jaycin Campbell,219891078,59812503,Lay,Lay 7. Very Handy,Very Handy,0,3.45,0.41,-1.00,0.41,
19/10/2023,Albion Park,Jaycin Campbell,219891083,45712380,Back,Back 3. Hello Cyndie,Hello Cyndie,0,2.33,-1.00,-1.00,0.75,
19/10/2023,Albion Park,Jaycin Campbell,219891088,61862064,Back,Back 6. Inconspicuous,Inconspicuous,1,4.50,3.50,3.50,-1.00,
19/10/2023,Albion Park,Jaycin Campbell,219891123,40032157,Back,Back 8. Champagne Jazzy,Champagne Jazzy,0,6.40,-1.00,-1.00,0.19,
19/10/2023,Hawkesbury,Chris Camilleri,219833036,58600671,Lay,Lay 1. Avonview,Avonview,0,2.46,0.68,-1.00,0.68,
20/10/2023,Gloucester Park,Scott Hill,219892174,53914833,Back,Back 8. Im The Black Fla,Im The Black Flash,1,1.54,0.54,0.54,-1.00,
20/10/2023,Gloucester Park,Scott Hill,219892177,28672124,Back,Back 1. Rocknroll Elliot,Rocknroll Elliot,1,2.53,1.53,1.53,-1.00,
20/10/2023,Gloucester Park,Scott Hill,219892180,42153492,Back,Back 1. Thomson Bay,Thomson Bay,1,2.84,1.84,1.84,-1.00,
20/10/2023,Gloucester Park,Scott Hill,219892183,39519582,Back,Back 1. Blitzembye,Blitzembye,0,4.30,-1.00,-1.00,0.30,
20/10/2023,Gloucester Park,Scott Hill,219892195,41745603,Back,Back 9. Youre So Fine,Youre So Fine,0,3.59,-1.00,-1.00,0.39,
20/10/2023,Gloucester Park,Scott Hill,219892198,47817343,Back,Back 4. Soho Firestone,Soho Firestone,0,5.60,-1.00,-1.00,0.22,
20/10/2023,Gloucester Park,Scott Hill,219892201,40119296,Back,Back 7. My Ultimate Baxt,My Ultimate Baxter,1,3.30,2.30,2.30,-1.00,
20/10/2023,Pakenham,Jackson Oldham,219888295,56685299,Back,Back 3. London Point,London Point,0,4.04,-1.00,-1.00,0.33,
20/10/2023,Pakenham,Jackson Oldham,219888309,61861413,Lay,Lay 2. Romas Wish,Romas Wish,0,4.78,0.26,-1.00,0.26,
20/10/2023,Taree,Jack Franklyn,219889882,43350653,Back,Back 6. Hunter Bred,Hunter Bred,0,3.89,-1.00,-1.00,0.35,
20/10/2023,Taree,Jack Franklyn,219889887,61860943,Lay,Lay 2. Oakfield Badger,Oakfield Badger,0,3.95,0.34,-1.00,0.34,
20/10/2023,Taree,Jack Franklyn,219889897,61371368,Back,Back 10. Midori Glory,Midori Glory,1,3.34,2.34,2.34,-1.00,
21/10/2023,Albion Park,Ryan Spice,219935202,22290575,Lay,Lay 6. Sugarinspice,6. Sugarinspice,0,10.48,0.11,-1.00,0.11,
21/10/2023,Albion Park,Ryan Spice,219935205,39287665,Back,Back 10. Winona Writer,10. Winona Writer,0,5.84,-1.00,-1.00,0.21,
21/10/2023,Albion Park,Ryan Spice,219935211,58856034,Back,Back 2. Always Smokin,Always Smokin,1,1.78,0.78,0.78,-1.00,
21/10/2023,Ascot,Rory Flanagan,219940674,21155037,Back,Back Trueshan,Trueshan,0,4.10,-1.00,-1.00,0.32,
21/10/2023,Ascot,Rory Flanagan,219940681,26340381,Back,Back Kinross,Kinross,0,2.42,-1.00,-1.00,0.70,
21/10/2023,Ascot,Rory Flanagan,219940688,49957056,Back,Back Jackie Oh,Jackie Oh,0,4.20,-1.00,-1.00,0.31,
21/10/2023,Ascot,Rory Flanagan,219940695,46949627,Back,Back Tahiyra,Tahiyra,0,5.11,-1.00,-1.00,0.24,
21/10/2023,Ascot,Rory Flanagan,219940708,34193267,Back,Back Raadobarg,Raadobarg,0,19.00,-1.00,-1.00,0.06,
21/10/2023,Cannington,Jaycin Campbell,219970940,46810141,Back,Back 3. Solidified,Solidified,1,1.87,0.87,0.87,-1.00,
21/10/2023,Cannington,Jaycin Campbell,219970945,47208548,Back,Back 4. Haras Skipper,Haras Skipper,1,1.95,0.95,0.95,-1.00,
21/10/2023,Cannington,Jaycin Campbell,219970960,43986089,Back,Back 8. Hinto,Hinto,0,2.95,-1.00,-1.00,0.51,
21/10/2023,Cannington,Jaycin Campbell,219970965,61933208,Lay,Lay 8. Ghost Emoji,Ghost Emoji,0,4.50,0.29,-1.00,0.29,
21/10/2023,Caulfield,Bella Anderson,219890418,61861517,Back,Back 2. Brave Mead,2. Brave Mead,1,2.39,1.39,1.39,-1.00,
21/10/2023,Caulfield,Lay Back with Betfair,219890418,61861517,Back,Back 2. Brave Mead,Brave Mead,1,2.39,1.39,1.39,-1.00,
21/10/2023,Caulfield,Bella Anderson,219890427,526804,Back,Back 4. Gold Bullion,4. Gold Bullion,0,8.45,-1.00,-1.00,0.13,
21/10/2023,Caulfield,Lay Back with Betfair,219890428,56053618,Back,Back 6. Gates,Gates,1,3.47,2.47,2.47,-1.00,
21/10/2023,Caulfield,Pros Vs Bookies,219890428,61861522,Lay,Lay 7. To Be Frank,To Be Frank,0,3.69,0.37,-1.00,0.37,
21/10/2023,Caulfield,Pros Vs Bookies,219890436,61861524,Lay,Lay 1. Tropical Squall,Tropical Squall,0,2.21,0.82,-1.00,0.82,
21/10/2023,Caulfield,Jackson Oldham,219890436,61861524,Back,Back 1. Tropical Squall,Tropical Squall,0,2.21,-1.00,-1.00,0.82,
21/10/2023,Caulfield,Bella Anderson,219890436,61861524,Back,Back 1. Tropical Squall,1. Tropical Squall,0,2.21,-1.00,-1.00,0.82,
21/10/2023,Caulfield,Lay Back with Betfair,219890445,52435949,Lay,Lay 2. Don Corleone,Don Corleone,0,5.71,0.21,-1.00,0.21,
21/10/2023,Caulfield,Lay Back with Betfair,219890445,61861534,Back,Back 7. Dark Halo,Dark Halo,0,4.19,-1.00,-1.00,0.31,
21/10/2023,Caulfield,Bella Anderson,219890445,52435949,Back,Back 2. Don Corleone,2. Don Corleone,0,5.71,-1.00,-1.00,0.21,
21/10/2023,Caulfield,Jackson Oldham,219890454,60490293,Lay,Lay 12. Lovely Lookin,Lovely Lookin,0,6.84,0.17,-1.00,0.17,
21/10/2023,Caulfield,Bella Anderson,219890454,61861540,Back,Back 8. Inhibitions,8. Inhibitions,0,3.92,-1.00,-1.00,0.34,
21/10/2023,Caulfield,Lay Back with Betfair,219890454,61861539,Back,Back 7. Azula,Azula,0,11.93,-1.00,-1.00,0.09,
21/10/2023,Caulfield,Lay Back with Betfair,219890454,61861544,Back,Back 14. Moesha,Moesha,0,15.43,-1.00,-1.00,0.07,
21/10/2023,Caulfield,Lay Back with Betfair,219890454,61861546,Back,Back 16. Matawai,Matawai,0,41.69,-1.00,-1.00,0.02,
21/10/2023,Caulfield,Pros Vs Bookies,219890463,42879444,Lay,Lay 6. Spacewalk,Spacewalk,0,3.32,0.43,-1.00,0.43,
21/10/2023,Caulfield,Jackson Oldham,219890463,61861548,Lay,Lay 1. Lofty Strike,Lofty Strike,0,5.60,0.22,-1.00,0.22,
21/10/2023,Caulfield,Lay Back with Betfair,219890463,61861548,Lay,Lay 1. Lofty Strike,Lofty Strike,0,5.60,0.22,-1.00,0.22,
21/10/2023,Caulfield,Pros Vs Bookies,219890463,61861548,Lay,Lay 1. Lofty Strike,Lofty Strike,0,5.60,0.22,-1.00,0.22,
21/10/2023,Caulfield,Lay Back with Betfair,219890463,42879444,Back,Back 6. Spacewalk,Spacewalk,0,3.32,-1.00,-1.00,0.43,
21/10/2023,Caulfield,Bella Anderson,219890463,43988510,Back,Back 4. General Beau,4. General Beau,0,3.65,-1.00,-1.00,0.38,
21/10/2023,Caulfield,Pros Vs Bookies,219890464,43988510,Lay,Lay 4. General Beau,General Beau,0,1.95,1.05,-1.00,1.05,
21/10/2023,Caulfield,Pros Vs Bookies,219890472,61861553,Lay,Lay 8. Cest Magique,Cest Magique,0,5.80,0.21,-1.00,0.21,
21/10/2023,Caulfield,Lay Back with Betfair,219890472,52900179,Back,Back 2. Skew Wiff,Skew Wiff,0,4.50,-1.00,-1.00,0.29,
21/10/2023,Caulfield,Jackson Oldham,219890472,61861553,Back,Back 8. Cest Magique,Cest Magique,0,5.80,-1.00,-1.00,0.21,
21/10/2023,Caulfield,Lay Back with Betfair,219890472,48198714,Back,Back 7. Waltz On By,Waltz On By,0,7.40,-1.00,-1.00,0.16,
21/10/2023,Caulfield,Lay Back with Betfair,219890472,61861554,Back,Back 9. Call Di,Call Di,0,9.77,-1.00,-1.00,0.11,
21/10/2023,Caulfield,Bella Anderson,219890472,61861550,Back,Back 1. Madame Pommery,1. Madame Pommery,0,13.20,-1.00,-1.00,0.08,
21/10/2023,Caulfield,Bella Anderson,219890481,24619717,Back,Back 3. Buffalo River,3. Buffalo River,1,4.59,3.59,3.59,-1.00,
21/10/2023,Caulfield,Pros Vs Bookies,219890481,24619717,Lay,Lay 3. Buffalo River,Buffalo River,1,4.59,-1.00,3.59,-1.00,
21/10/2023,Caulfield,Lay Back with Betfair,219890490,46472203,Back,Back 10. Lempicka,Lempicka,1,22.03,21.03,21.03,-1.00,
21/10/2023,Caulfield,Jackson Oldham,219890490,57047348,Back,Back 5. Viviane,Viviane,0,2.42,-1.00,-1.00,0.70,
21/10/2023,Caulfield,Bella Anderson,219890490,61861555,Back,Back 2. Bound For Home,2. Bound For Home,0,29.00,-1.00,-1.00,0.04,
21/10/2023,Caulfield,Lay Back with Betfair,219892805,61862678,Back,Back 2. Without A Fight,Without A Fight,1,9.60,8.60,8.60,-1.00,
21/10/2023,Caulfield,Dean Evans,219892805,61862679,Back,Back 6. West Wind Blows,West Wind Blows,0,6.12,-1.00,-1.00,0.20,
21/10/2023,Caulfield,Lay Back with Betfair,219892805,61862679,Back,Back 6. West Wind Blows,West Wind Blows,0,6.12,-1.00,-1.00,0.20,
21/10/2023,Caulfield,Dean Evans,219892805,40482297,Back,Back 3. Breakup,Breakup,0,11.19,-1.00,-1.00,0.10,
21/10/2023,Caulfield,Bella Anderson,219892805,40482297,Back,Back 3. Breakup,3. Breakup,0,11.19,-1.00,-1.00,0.10,
21/10/2023,Caulfield,Dean Evans,219892805,61862686,Back,Back 18. Valiant King,Valiant King,0,11.91,-1.00,-1.00,0.09,
21/10/2023,Caulfield,Lay Back with Betfair,219892805,61862686,Back,Back 18. Valiant King,Valiant King,0,11.91,-1.00,-1.00,0.09,
21/10/2023,Caulfield,Dean Evans,219892805,61862683,Back,Back 14. Okita Soushi,Okita Soushi,0,43.25,-1.00,-1.00,0.02,
21/10/2023,Eagle Farm,Shane Ciurleo,219890181,60528943,Lay,Lay 2. Encubierto,Encubierto,0,3.79,0.36,-1.00,0.36,
21/10/2023,Eagle Farm,Shane Ciurleo,219890188,52670179,Back,Back 10. Andalus,Andalus,0,2.66,-1.00,-1.00,0.60,
21/10/2023,Eagle Farm,Shane Ciurleo,219890209,52842059,Lay,Lay 5. Cranky Harry,Cranky Harry,0,4.55,0.28,-1.00,0.28,
21/10/2023,Eagle Farm,Pros Vs Bookies,219890210,52842059,Lay,Lay 5. Cranky Harry,Cranky Harry,1,1.95,-1.00,0.95,-1.00,
21/10/2023,Eagle Farm,Shane Ciurleo,219890223,61861685,Back,Back 6. Sweet Margot May,Sweet Margot May,0,3.07,-1.00,-1.00,0.48,
21/10/2023,Morphettville,Lachlan Mosley,219890084,5740220,Back,Back 5. Lights of Broadw,Lights Of Broadway,1,2.48,1.48,1.48,-1.00,
21/10/2023,Morphettville,Lachlan Mosley,219890096,25357099,Back,Back 3. Adelaide Ace,Adelaide Ace,0,5.18,-1.00,-1.00,0.24,
21/10/2023,Morphettville,Lachlan Mosley,219890114,61861142,Back,Back 5. Bit Of A Rebel,Bit Of A Rebel,0,2.87,-1.00,-1.00,0.53,
21/10/2023,Morphettville,Lachlan Mosley,219890120,45347956,Back,Back 3. Anjopin,Anjopin,1,6.64,5.64,5.64,-1.00,
21/10/2023,Morphettville,Pros Vs Bookies,219890121,237633,Lay,Lay 6. Bulls On Parade,Bulls On Parade,0,3.81,0.36,-1.00,0.36,
21/10/2023,Morphettville,Lachlan Mosley,219890126,61861147,Back,Back 10. Superior Sam,Superior Sam,1,18.27,17.27,17.27,-1.00,
21/10/2023,Morphettville,Lachlan Mosley,219890132,61861153,Back,Back 1. Miss Mucinni,Miss Mucinni,0,10.00,-1.00,-1.00,0.11,
21/10/2023,Randwick,Lay Back with Betfair,219888528,61861605,Lay,Lay 8. The Three Hundr,The Three Hundred,0,3.97,0.34,-1.00,0.34,
21/10/2023,Randwick,Lay Back with Betfair,219888535,58069274,Back,Back 5. Fays Angels,Fays Angels,0,9.02,-1.00,-1.00,0.12,
21/10/2023,Randwick,Lay Back with Betfair,219888542,49513014,Back,Back 2. Oakfield Waratah,Oakfield Waratah,0,6.45,-1.00,-1.00,0.18,
21/10/2023,Randwick,Lay Back with Betfair,219888549,49807440,Back,Back 9. Caboche,Caboche,0,32.40,-1.00,-1.00,0.03,
21/10/2023,Randwick,Lay Back with Betfair,219888563,61861630,Back,Back 13. Another Cognac,Another Cognac,0,9.20,-1.00,-1.00,0.12,
21/10/2023,Randwick,Lay Back with Betfair,219888570,6922469,Back,Back 11. Unspoken,Unspoken,1,2.16,1.16,1.16,-1.00,
21/10/2023,Randwick,Pros Vs Bookies,219888570,6922469,Lay,Lay 11. Unspoken,Unspoken,1,2.16,-1.00,1.16,-1.00,
21/10/2023,Randwick,Lay Back with Betfair,219888577,61861637,Back,Back 10. St Lawrence,St Lawrence,0,12.51,-1.00,-1.00,0.09,
21/10/2023,Randwick,Lay Back with Betfair,219888584,28393258,Back,Back 5. Hail Manhattan,Hail Manhattan,0,26.98,-1.00,-1.00,0.04,
21/10/2023,Randwick,Lay Back with Betfair,219888591,61861650,Back,Back 15. Sanstoc,Sanstoc,0,8.20,-1.00,-1.00,0.14,
22/10/2023,Hobart,Jamie Cockshutt,219968747,52900454,Back,Back 4. Nyack,4. Nyack,1,1.38,0.38,0.38,-1.00,
22/10/2023,Hobart,Jamie Cockshutt,219968751,61869561,Back,Back 2. Smooth Machete,2. Smooth Machete,1,1.36,0.36,0.36,-1.00,
22/10/2023,Hobart,Jamie Cockshutt,219968753,48031094,Back,Back 6. Reely Nauti,6. Reely Nauti,1,1.70,0.70,0.70,-1.00,
22/10/2023,Hobart,Jamie Cockshutt,219968755,61869568,Back,Back 6. Swiatek Leis,6. Swiatek Leis,0,2.60,-1.00,-1.00,0.63,
22/10/2023,Hobart,Jamie Cockshutt,219968757,50560254,Back,Back 2. Vincenzo,2. Vincenzo,0,2.19,-1.00,-1.00,0.84,
22/10/2023,Hobart,Jamie Cockshutt,219968759,22970753,Back,Back 8. Huli Nien,8. Huli Nien,0,2.97,-1.00,-1.00,0.51,
22/10/2023,Hobart,Jamie Cockshutt,219968761,37049152,Back,Back 5. Looby Lombo,5. Looby Lombo,0,2.50,-1.00,-1.00,0.67,
22/10/2023,Hobart,Jamie Cockshutt,219968763,28223722,Back,Back 12. Laid Back Kenny,12. Laid Back Kenny,0,2.98,-1.00,-1.00,0.51,
22/10/2023,Hobart,Jamie Cockshutt,219968765,20742317,Back,Back 5. Im Quite America,5. Im Quite American,0,3.27,-1.00,-1.00,0.44,
22/10/2023,Naracoorte,Lachlan Mosley,219964450,1162793,Back,Back 4. Aesculus,4. Aesculus,0,12.53,-1.00,-1.00,0.09,
22/10/2023,Naracoorte,Lachlan Mosley,219964456,61861122,Back,Back 7. Chipson,7. Chipson,0,3.91,-1.00,-1.00,0.34,
22/10/2023,Naracoorte,Lachlan Mosley,219964462,58069368,Back,Back 11. Disco Tilmorn,11. Disco Tilmorn,0,3.58,-1.00,-1.00,0.39,
22/10/2023,Naracoorte,Lachlan Mosley,220014969,41843752,Back,Back 6. Aunty Doll,6. Aunty Doll,0,8.20,-1.00,-1.00,0.14,
22/10/2023,Seymour,Chris Camilleri,219965282,61896504,Lay,Lay 2. Capre Omnia,2. Capre Omnia,1,1.62,-1.00,0.62,-1.00,
22/10/2023,Seymour,Chris Camilleri,219965289,59958376,Back,Back 8. Steal The Sun,8. Steal The Sun,0,3.26,-1.00,-1.00,0.44,
22/10/2023,Seymour,Chris Camilleri,219965296,51203415,Back,Back 5. Oubitsa,5. Oubitsa,1,3.05,2.05,2.05,-1.00,
22/10/2023,Seymour,Chris Camilleri,219965303,55013365,Back,Back 5. Roaring Engine,5. Roaring Engine,0,7.20,-1.00,-1.00,0.16,
22/10/2023,Seymour,Chris Camilleri,219965317,1405585,Back,Back 7. Sans Doute,7. Sans Doute,0,2.86,-1.00,-1.00,0.54,
23/10/2023,Ballarat,Michael Tye,220067126,60906597,Back,Back 8. Sippy Cup Emu,Sippy Cup Emu,0,5.23,-1.00,-1.00,0.24,
23/10/2023,Ballarat,Michael Tye,220067131,46862795,Lay,Lay 1. Tinker Charles,Tinker Charles,0,5.50,0.22,-1.00,0.22,
23/10/2023,Ballarat,Michael Tye,220067146,55206564,Back,Back 4. Hatenna Bale,Hatenna Bale,0,4.31,-1.00,-1.00,0.30,
23/10/2023,Ballarat,Michael Tye,220067151,50758624,Back,Back 8. Savannah Riot,Savannah Riot,1,1.79,0.79,0.79,-1.00,
23/10/2023,Ballarat,Michael Tye,220067156,47760403,Back,Back 3. Stars Hope,Stars Hope,0,5.48,-1.00,-1.00,0.22,
23/10/2023,Gawler,Mark Lawrence,220007984,16396648,Back,Back 4. Sir Ed,Sir Ed,1,1.69,0.69,0.69,-1.00,
23/10/2023,Gawler,Mark Lawrence,220007990,61903392,Back,Back 9. Sunset Jay Jay,Sunset Jay Jay,1,1.22,0.22,0.22,-1.00,
23/10/2023,Gawler,Mark Lawrence,220007992,22057344,Lay,Lay 5. White Star Vill,White Star Village,0,28.00,0.04,-1.00,0.04,
23/10/2023,Warrnambool,Glenn Ingram,219969291,61932244,Back,Back 5. Bellakai,Bellakai,0,2.66,-1.00,-1.00,0.60,
23/10/2023,Yarra Valley,Darren And Brett Carroll,220007226,61897265,Back,Back 2. Thunda Struck,Thunda Struck,1,2.93,1.93,1.93,-1.00,
23/10/2023,Yarra Valley,Darren And Brett Carroll,220007228,61897269,Back,Back 10. Chappy Streetno,Chappy Streetnorth,0,2.40,-1.00,-1.00,0.71,
23/10/2023,Yarra Valley,Darren And Brett Carroll,220007230,61897273,Lay,Lay 10. Raised On Leat,Raised On Leather,0,3.10,0.48,-1.00,0.48,
23/10/2023,Yarra Valley,Darren And Brett Carroll,220007232,45396702,Lay,Lay 1. Sweet Annie May,Sweet Annie May,1,3.67,-1.00,2.67,-1.00,
24/10/2023,Bendigo,Darren And Brett Carroll,220066798,45120390,Back,Back 3. Guaranteed Secre,Guaranteed Secret,0,4.60,-1.00,-1.00,0.28,
24/10/2023,Bendigo,Darren And Brett Carroll,220066804,40129460,Back,Back 8. Salsboy,Salsboy,0,12.41,-1.00,-1.00,0.09,
24/10/2023,Bendigo,Darren And Brett Carroll,220066806,23741733,Lay,Lay 4. Belittled,Belittled,1,15.88,-1.00,14.88,-1.00,
24/10/2023,Bendigo,Darren And Brett Carroll,220066814,39519150,Lay,Lay 6. Final Bow,Final Bow,0,8.00,0.14,-1.00,0.14,
24/10/2023,Gloucester Park,Scott Hill,220064840,190851,Back,Back 3. Peligroso,Peligroso,1,2.35,1.35,1.35,-1.00,
24/10/2023,Gloucester Park,Scott Hill,220064843,19282770,Back,Back 10. Walsh,Walsh,0,11.69,-1.00,-1.00,0.09,
24/10/2023,Gloucester Park,Scott Hill,220064852,17344776,Back,Back 9. Torpedo Rock,Torpedo Rock,1,3.45,2.45,2.45,-1.00,
24/10/2023,Gloucester Park,Scott Hill,220064858,38553671,Back,Back 9. Miss Laurel Lea,Miss Laurel Lea,0,5.00,-1.00,-1.00,0.25,
24/10/2023,Gloucester Park,Scott Hill,220064861,57688732,Back,Back 5. Artful Major,Artful Major,1,1.71,0.71,0.71,-1.00,
24/10/2023,Kyneton,Jackson Oldham,220065811,55746562,Back,Back 9. Miraval Rose,Miraval Rose,1,1.92,0.92,0.92,-1.00,
24/10/2023,Kyneton,Jackson Oldham,220065818,61932161,Lay,Lay 3. Staroshka,Staroshka,1,6.20,-1.00,5.20,-1.00,
25/10/2023,Ascot,Pros Vs Bookies,220114958,62033198,Lay,Lay 2. Protege,Protege,0,3.86,0.35,-1.00,0.35,
25/10/2023,Eagle Farm,Shane Ciurleo,220115056,62033010,Back,Back 11. Margots Bullsey,Margots Bullseye,0,2.59,-1.00,-1.00,0.63,
25/10/2023,Eagle Farm,Shane Ciurleo,220115063,51032640,Lay,Lay 1. Booming Lad,Booming Lad,0,6.27,0.19,-1.00,0.19,
25/10/2023,Eagle Farm,Shane Ciurleo,220115077,51476801,Lay,Lay 1. A Lot Of Booty,A Lot Of Booty,0,6.50,0.18,-1.00,0.18,
25/10/2023,Eagle Farm,Shane Ciurleo,220115091,42201363,Back,Back 5. Mighty Willie,Mighty Willie,0,2.77,-1.00,-1.00,0.57,
25/10/2023,Geelong,Jackson Oldham,220114864,623655,Lay,Lay 6. Kings Crossing,Kings Crossing,1,4.75,-1.00,3.75,-1.00,
25/10/2023,Geelong,Glenn Ingram,220114873,62032840,Back,Back 14. Grinzinger Ange,Grinzinger Angel,0,3.54,-1.00,-1.00,0.39,
25/10/2023,Geelong,Pros Vs Bookies,220114909,52696747,Lay,Lay 3. Falcon Of Malta,Falcon Of Malta,0,6.48,0.18,-1.00,0.18,
25/10/2023,Geelong,Jackson Oldham,220114909,62032858,Lay,Lay 2. Romantic Charm,Romantic Charm,0,9.83,0.11,-1.00,0.11,
25/10/2023,Geelong,Jackson Oldham,220114918,62032866,Lay,Lay 13. First Immortal,First Immortal,0,3.30,0.43,-1.00,0.43,
25/10/2023,Geelong,Pros Vs Bookies,220114918,62032866,Lay,Lay 13. First Immortal,First Immortal,0,3.30,0.43,-1.00,0.43,
25/10/2023,Geelong,Jackson Oldham,220114927,45541874,Back,Back 4. Sandpaper,Sandpaper,0,5.20,-1.00,-1.00,0.24,
25/10/2023,Port Lincoln,Lachlan Mosley,220115304,28276364,Back,Back 2. Trygve,Trygve,0,2.50,-1.00,-1.00,0.67,
25/10/2023,Port Lincoln,Lachlan Mosley,220115314,61104962,Back,Back 6. Doorbel,Doorbel,0,30.80,-1.00,-1.00,0.03,
25/10/2023,Port Lincoln,Lachlan Mosley,220115324,62032528,Back,Back 6. Highland Angel,Highland Angel,1,2.76,1.76,1.76,-1.00,
25/10/2023,Port Lincoln,Lachlan Mosley,220115334,43837589,Lay,Lay 9. Oriedos,Oriedos,0,4.04,0.33,-1.00,0.33,
25/10/2023,Port Lincoln,Lachlan Mosley,220115343,39905527,Back,Back 6. House Spouse,House Spouse,0,6.90,-1.00,-1.00,0.17,
25/10/2023,Port Lincoln,Lachlan Mosley,220115352,36010522,Back,Back 2. Jonquest,Jonquest,0,9.45,-1.00,-1.00,0.12,
25/10/2023,Port Lincoln,Lachlan Mosley,220115371,39456962,Back,Back 1. Jaazeb,Jaazeb,0,4.52,-1.00,-1.00,0.28,
25/10/2023,Randwick,Pros Vs Bookies,220114994,62032741,Lay,Lay 3. Gais Artist,Gais Artist,1,2.22,-1.00,1.22,-1.00,
25/10/2023,Randwick,Linton Chataway,220115001,10856228,Back,Back 6. Vanquished,Vanquished,0,2.46,-1.00,-1.00,0.68,
25/10/2023,Randwick,Pros Vs Bookies,220115008,61371357,Lay,Lay 3. Speycaster,Speycaster,0,2.86,0.54,-1.00,0.54,
25/10/2023,Randwick,Pros Vs Bookies,220115008,28364624,Lay,Lay 2. Chateaux Park,Chateaux Park,0,6.25,0.19,-1.00,0.19,
25/10/2023,Randwick,Linton Chataway,220115015,62032752,Lay,Lay 1. Sweet Baby Boom,Sweet Baby Boom,0,4.00,0.33,-1.00,0.33,
25/10/2023,Randwick,Pros Vs Bookies,220115015,62032752,Lay,Lay 1. Sweet Baby Boom,Sweet Baby Boom,0,4.00,0.33,-1.00,0.33,
25/10/2023,Randwick,Linton Chataway,220115029,6795145,Lay,Lay 4. Waikiki,Waikiki,0,7.43,0.16,-1.00,0.16,
25/10/2023,Randwick,Linton Chataway,220115036,48234672,Back,Back 10. Shadows Of Love,Shadows Of Love,0,3.10,-1.00,-1.00,0.48,
25/10/2023,Rockhampton,Jaycin Campbell,220170690,62064735,Back,Back 1. Sweet Valentine,Sweet Valentine,0,3.67,-1.00,-1.00,0.37,
25/10/2023,Rockhampton,Jaycin Campbell,220170695,61631956,Lay,Lay 1. Federal Duke,Federal Duke,0,3.55,0.39,-1.00,0.39,
25/10/2023,Rockhampton,Jaycin Campbell,220170710,62064743,Back,Back 8. Grand Riku,Grand Riku,1,3.35,2.35,2.35,-1.00,
25/10/2023,Rockhampton,Jaycin Campbell,220170730,59650299,Back,Back 6. Cyndies Hope,Cyndies Hope,0,4.87,-1.00,-1.00,0.26,
25/10/2023,The Meadows,Michael Tye,220170935,58534377,Back,Back 5. Little Peg,Little Peg,0,5.00,-1.00,-1.00,0.25,
25/10/2023,The Meadows,Michael Tye,220170940,61288763,Back,Back 4. Aston Luciano,Aston Luciano,1,1.24,0.24,0.24,-1.00,
25/10/2023,The Meadows,Michael Tye,220170945,62064765,Back,Back 5. Here Comes Blue,Here Comes Blue,1,2.31,1.31,1.31,-1.00,
25/10/2023,The Meadows,Michael Tye,220170955,60452161,Back,Back 1. Bernardo Beast,Bernardo Beast,0,1.53,-1.00,-1.00,1.89,
25/10/2023,The Meadows,Michael Tye,220170960,41832522,Lay,Lay 1. Cashton Bale,Cashton Bale,0,4.16,0.32,-1.00,0.32,
26/10/2023,Ballarat,Jackson Oldham,220171048,62063989,Back,Back 2. Glowlight,Glowlight,0,2.68,-1.00,-1.00,0.60,
26/10/2023,Ballarat,Jackson Oldham,220171090,62064031,Back,Back 12. Sunset Dreaming,Sunset Dreaming,1,2.43,1.43,1.43,-1.00,
26/10/2023,Ballarat,Darren And Brett Carroll,220171449,9590728,Back,Back 5. Sounds Like Fun,Sounds Like Fun,1,2.33,1.33,1.33,-1.00,
26/10/2023,Ballarat,Darren And Brett Carroll,220171451,62033140,Lay,Lay 11. Orphan Andy,Orphan Andy,0,26.60,0.04,-1.00,0.04,
26/10/2023,Ballarat,Darren And Brett Carroll,220171465,54705530,Lay,Lay 1. Kwick Sand,Kwick Sand,0,2.08,0.93,-1.00,0.93,
26/10/2023,Gosford,Linton Chataway,220169396,62064465,Back,Back 11. Kirikan,Kirikan,0,2.74,-1.00,-1.00,0.58,
26/10/2023,Gosford,Linton Chataway,220169406,59383378,Lay,Lay 3. There There,There There,1,20.49,-1.00,19.49,-1.00,
26/10/2023,Gosford,Linton Chataway,220169411,374655,Back,Back 2. Brokerage,Brokerage,0,3.05,-1.00,-1.00,0.49,
26/10/2023,Gosford,Linton Chataway,220169416,62064494,Back,Back 13. Waterski,Waterski,0,3.78,-1.00,-1.00,0.36,
26/10/2023,Ipswich,Chris Camilleri,220170763,8749774,Lay,Lay 7. Pianist,Pianist,0,9.00,0.13,-1.00,0.13,
26/10/2023,Ipswich,Jaycin Campbell,220220066,50931988,Lay,Lay 1. Gin Shelf,Gin Shelf,0,17.00,0.06,-1.00,0.06,
26/10/2023,Ipswich,Jaycin Campbell,220220076,48552942,Back,Back 2. Oh Minnie,Oh Minnie,0,3.35,-1.00,-1.00,0.43,
26/10/2023,Ipswich,Jaycin Campbell,220220091,56272346,Back,Back 3. Bears Bullet,Bears Bullet,1,1.54,0.54,0.54,-1.00,
26/10/2023,Ipswich,Jaycin Campbell,220220096,52503985,Back,Back 8. All Natural,All Natural,1,1.88,0.88,0.88,-1.00,
26/10/2023,Sandown Park,Michael Tye,220221546,62098759,Back,Back 1. Amron Tiger,Amron Tiger,1,1.47,0.47,0.47,-1.00,
26/10/2023,Sandown Park,Michael Tye,220221556,59496040,Back,Back 3. Cawbourne Domino,Cawbourne Domino,1,2.68,1.68,1.68,-1.00,
26/10/2023,Sandown Park,Michael Tye,220221566,55746348,Back,Back 4. Manila Coghlan,Manila Coghlan,0,2.76,-1.00,-1.00,0.57,
26/10/2023,Sandown Park,Michael Tye,220221571,52937415,Lay,Lay 1. Raven Parrot,Raven Parrot,0,2.68,0.60,-1.00,0.60,
26/10/2023,Sandown Park,Michael Tye,220221576,54404199,Lay,Lay 2. Transponder,Transponder,0,4.30,0.30,-1.00,0.30,
26/10/2023,Sandown Park,Michael Tye,220221586,60607723,Back,Back 2. Pearly Tears,Pearly Tears,1,1.41,0.41,0.41,-1.00,
27/10/2023,Launceston,Steve Christie,220213596,62097586,Back,Back 1. Johnnie Pinch,Johnnie Pinch,0,8.00,-1.00,-1.00,0.14,
27/10/2023,Launceston,Steve Christie,220213602,62097600,Back,Back 4. Stone Cold Stunn,Stone Cold Stunner,1,4.10,3.10,3.10,-1.00,
27/10/2023,Launceston,Steve Christie,220213608,61336434,Back,Back 4. Geegees Down Sou,Geegees Down South,0,6.49,-1.00,-1.00,0.18,
27/10/2023,Launceston,Steve Christie,220213614,55493823,Back,Back 3. Geegees City Boy,Geegees City Boy,1,1.80,0.80,0.80,-1.00,
27/10/2023,Launceston,Steve Christie,220213620,56872916,Back,Back 1. Lordosis,Lordosis,0,6.65,-1.00,-1.00,0.18,
27/10/2023,Launceston,Steve Christie,220213626,61336436,Back,Back 10. Popilita,Popilita,0,3.05,-1.00,-1.00,0.49,
27/10/2023,Launceston,Steve Christie,220213638,51177807,Back,Back 1. Coup De Spry,Coup De Spry,0,3.85,-1.00,-1.00,0.35,
27/10/2023,Launceston,Steve Christie,220213644,23706282,Back,Back 1. Chicane,Chicane,0,1.57,-1.00,-1.00,1.76,
27/10/2023,Moonee Valley,Daniel O'Sullivan,220221382,49513178,Back,Back 5. Rubicon Crossing,Rubicon Crossing,0,5.06,-1.00,-1.00,0.25,
27/10/2023,Moonee Valley,Lay Back with Betfair,220221436,60230033,Back,Back 14. Lunar Flare,Lunar Flare,0,4.13,-1.00,-1.00,0.32,
27/10/2023,Moonee Valley,Lay Back with Betfair,220221436,62064927,Back,Back 7. Future History,Future History,0,7.40,-1.00,-1.00,0.16,
28/10/2023,Cannington,Jaycin Campbell,220303884,53487392,Back,Back 2. Chloe Ant,Chloe Ant,0,18.36,-1.00,-1.00,0.06,
28/10/2023,Cannington,Jaycin Campbell,220303894,57593706,Lay,Lay 4. West On Nugget,West On Nugget,0,3.50,0.40,-1.00,0.40,
28/10/2023,Cannington,Jaycin Campbell,220303899,50195480,Back,Back 6. Couch Surfer,Couch Surfer,1,1.63,0.63,0.63,-1.00,
28/10/2023,Cannington,Jaycin Campbell,220303909,62177987,Back,Back 8. Rare Speed,Rare Speed,0,7.09,-1.00,-1.00,0.16,
28/10/2023,Doomben,Shane Ciurleo,220219818,41308102,Back,Back 3. Blackcomb,Blackcomb,0,2.99,-1.00,-1.00,0.50,
28/10/2023,Doomben,Shane Ciurleo,220219839,813938,Lay,Lay 1. Devastating,Devastating,0,6.31,0.19,-1.00,0.19,
28/10/2023,Doomben,Shane Ciurleo,220219846,33957064,Lay,Lay 8. The Face,The Face,1,8.68,-1.00,7.68,-1.00,
28/10/2023,Doomben,Shane Ciurleo,220219853,62098306,Back,Back 7. Addriel,Addriel,0,3.45,-1.00,-1.00,0.41,
28/10/2023,Doomben,Pros Vs Bookies,220219853,6007033,Lay,Lay 3. Abounding,Abounding,1,4.35,-1.00,3.35,-1.00,
28/10/2023,Doomben,Shane Ciurleo,220219860,44620001,Lay,Lay 5. Our Magnus,Our Magnus,0,9.09,0.12,-1.00,0.12,
28/10/2023,Doomben,Shane Ciurleo,220219867,3013186,Back,Back 11. Eagles Crag,Eagles Crag,1,1.67,0.67,0.67,-1.00,
28/10/2023,Doomben,Pros Vs Bookies,220219867,3013186,Lay,Lay 11. Eagles Crag,Eagles Crag,1,1.67,-1.00,0.67,-1.00,
28/10/2023,Moonee Valley,Bella Anderson,220171903,4121051,Back,Back 6. Imperatriz,Imperatriz,1,1.40,0.40,0.40,-1.00,
28/10/2023,Moonee Valley,Jackson Oldham,220171903,4121051,Back,Back 6. Imperatriz,Imperatriz,1,1.40,0.40,0.40,-1.00,
28/10/2023,Moonee Valley,Dean Evans,220171903,61069722,Back,Back 3. Uncommon James,Uncommon James,0,11.82,-1.00,-1.00,0.09,
28/10/2023,Moonee Valley,Jackson Oldham,220171919,41819997,Back,Back 1. Romantic Warrior,Romantic Warrior,1,4.30,3.30,3.30,-1.00,
28/10/2023,Moonee Valley,Lay Back with Betfair,220171919,41819997,Back,Back 1. Romantic Warrior,Romantic Warrior,1,4.30,3.30,3.30,-1.00,
28/10/2023,Moonee Valley,Pros Vs Bookies,220171919,41819997,Lay,Lay 1. Romantic Warrio,Romantic Warrior,1,4.30,-1.00,3.30,-1.00,
28/10/2023,Moonee Valley,Lay Back with Betfair,220171919,48261055,Back,Back 4. Alligator Blood,Alligator Blood,0,7.01,-1.00,-1.00,0.17,
28/10/2023,Moonee Valley,Lay Back with Betfair,220171919,12971597,Back,Back 5. Gold Trip,Gold Trip,0,7.52,-1.00,-1.00,0.15,
28/10/2023,Moonee Valley,Bella Anderson,220171919,62065042,Back,Back 11. Militarize,Militarize,0,9.13,-1.00,-1.00,0.12,
28/10/2023,Moonee Valley,Dean Evans,220171919,62065041,Back,Back 10. Victoria Road,Victoria Road,0,19.51,-1.00,-1.00,0.05,
28/10/2023,Moonee Valley,Bella Anderson,220214072,6612802,Back,Back 2. Unflinching,Unflinching,0,3.71,-1.00,-1.00,0.37,
28/10/2023,Moonee Valley,Bella Anderson,220214081,62098108,Back,Back 13. Immortal Star,Immortal Star,0,12.19,-1.00,-1.00,0.09,
28/10/2023,Moonee Valley,Bella Anderson,220214090,61070021,Back,Back 2. Wishlor Lass,Wishlor Lass,1,2.50,1.50,1.50,-1.00,
28/10/2023,Moonee Valley,Lay Back with Betfair,220214090,61070021,Back,Back 2. Wishlor Lass,Wishlor Lass,1,2.50,1.50,1.50,-1.00,
28/10/2023,Moonee Valley,Lay Back with Betfair,220214099,62098118,Back,Back 14. Gumdrops,Gumdrops,1,6.26,5.26,5.26,-1.00,
28/10/2023,Moonee Valley,Lay Back with Betfair,220214099,62098114,Back,Back 5. Sheva,Sheva,0,5.22,-1.00,-1.00,0.24,
28/10/2023,Moonee Valley,Bella Anderson,220214099,62098117,Back,Back 12. Floozie,Floozie,0,6.82,-1.00,-1.00,0.17,
28/10/2023,Moonee Valley,Jackson Oldham,220214099,51407578,Back,Back 1. Saltaire,Saltaire,0,6.95,-1.00,-1.00,0.17,
28/10/2023,Moonee Valley,Bella Anderson,220214108,50478466,Back,Back 4. Antino,Antino,0,2.75,-1.00,-1.00,0.57,
28/10/2023,Moonee Valley,Lay Back with Betfair,220214108,50478466,Back,Back 4. Antino,Antino,0,2.75,-1.00,-1.00,0.57,
28/10/2023,Moonee Valley,Jackson Oldham,220214108,62098119,Lay,Lay 6. Prowess,Prowess,1,5.95,-1.00,4.95,-1.00,
28/10/2023,Moonee Valley,Pros Vs Bookies,220214109,62098119,Lay,Lay 6. Prowess,Prowess,1,3.00,-1.00,2.00,-1.00,
28/10/2023,Moonee Valley,Lay Back with Betfair,220214117,8801637,Back,Back 8. Skybird,Skybird,1,3.55,2.55,2.55,-1.00,
28/10/2023,Moonee Valley,Bella Anderson,220214117,62098121,Back,Back 3. Carina Queen,Carina Queen,0,8.69,-1.00,-1.00,0.13,
28/10/2023,Moonee Valley,Lay Back with Betfair,220214117,1444028,Back,Back 2. Aprilia,Aprilia,0,9.21,-1.00,-1.00,0.12,
28/10/2023,Moonee Valley,Pros Vs Bookies,220214126,19038648,Lay,Lay 3. Verdad,Verdad,0,2.66,0.60,-1.00,0.60,
28/10/2023,Moonee Valley,Jackson Oldham,220214126,54138969,Lay,Lay 2. Air Assault,Air Assault,0,5.59,0.22,-1.00,0.22,
28/10/2023,Moonee Valley,Bella Anderson,220214126,19038648,Back,Back 3. Verdad,Verdad,0,2.66,-1.00,-1.00,0.60,
28/10/2023,Moonee Valley,Bella Anderson,220214153,58635633,Back,Back 3. Archo Nacho,Archo Nacho,1,2.82,1.82,1.82,-1.00,
28/10/2023,Moonee Valley,Lay Back with Betfair,220214153,58635633,Back,Back 3. Archo Nacho,Archo Nacho,1,2.82,1.82,1.82,-1.00,
28/10/2023,Morphettville,Lachlan Mosley,220213500,62097620,Back,Back 6. Give Some Lip,Give Some Lip,1,2.50,1.50,1.50,-1.00,
28/10/2023,Morphettville,Lachlan Mosley,220213506,60415314,Lay,Lay 2. Katims Club,Katims Club,0,4.14,0.32,-1.00,0.32,
28/10/2023,Morphettville,Pros Vs Bookies,220213506,62097623,Lay,Lay 5. Free Vino,Free Vino,1,3.05,-1.00,2.05,-1.00,
28/10/2023,Morphettville,Lachlan Mosley,220213524,56905275,Back,Back 9. Second To Nun,Second To Nun,0,2.40,-1.00,-1.00,0.72,
28/10/2023,Morphettville,Lachlan Mosley,220213536,3863747,Back,Back 7. Wheels,Wheels,0,3.25,-1.00,-1.00,0.44,
28/10/2023,Morphettville,Lachlan Mosley,220213542,42751968,Back,Back 6. Daring Move,Daring Move,0,5.84,-1.00,-1.00,0.21,
28/10/2023,Randwick,Linton Chataway,220216352,42561030,Back,Back 5. Sebonack,Sebonack,0,9.00,-1.00,-1.00,0.12,
28/10/2023,Randwick,Linton Chataway,220216366,9179168,Back,Back 8. Sequestered,Sequestered,0,2.78,-1.00,-1.00,0.56,
28/10/2023,Randwick,Lay Back with Betfair,220216380,36604583,Back,Back 1. Huetor,Huetor,0,6.00,-1.00,-1.00,0.20,
28/10/2023,Randwick,Linton Chataway,220216387,4670263,Back,Back 2. Tom Kitten,Tom Kitten,1,2.74,1.74,1.74,-1.00,
28/10/2023,Randwick,Pros Vs Bookies,220216387,4670263,Lay,Lay 2. Tom Kitten,Tom Kitten,1,2.74,-1.00,1.74,-1.00,
28/10/2023,Randwick,Dean Evans,220216387,62098702,Back,Back 12. Tutta La Vita,Tutta La Vita,0,8.00,-1.00,-1.00,0.14,
28/10/2023,Randwick,Dean Evans,220216387,62098700,Back,Back 10. Medatsu,Medatsu,0,17.61,-1.00,-1.00,0.06,
28/10/2023,Randwick,Lay Back with Betfair,220216394,44185954,Back,Back 2. Espiona,Espiona,1,4.58,3.58,3.58,-1.00,
28/10/2023,Randwick,Pros Vs Bookies,220216394,49063390,Lay,Lay 7. Magic Time,Magic Time,0,2.64,0.61,-1.00,0.61,
28/10/2023,Randwick,Linton Chataway,220216394,62098716,Lay,Lay 8. Parisal,Parisal,0,14.17,0.08,-1.00,0.08,
28/10/2023,Randwick,Lay Back with Betfair,220216394,41243440,Back,Back 6. Roots,Roots,0,13.73,-1.00,-1.00,0.08,
28/10/2023,Randwick,Lay Back with Betfair,220216401,62098734,Back,Back 11. Arctic Glamour,Arctic Glamour,0,1.87,-1.00,-1.00,1.15,
28/10/2023,Randwick,Linton Chataway,220216401,62098734,Back,Back 11. Arctic Glamour,Arctic Glamour,0,1.87,-1.00,-1.00,1.15,
29/10/2023,Hobart,Jamie Cockshutt,220304937,62065544,Back,Back 1. Hy On A Hill,Hy On A Hill,1,1.41,0.41,0.41,-1.00,
29/10/2023,Hobart,Jamie Cockshutt,220304939,41409031,Back,Back 4. Petrea Bromac,Petrea Bromac,1,1.64,0.64,0.64,-1.00,
29/10/2023,Hobart,Jamie Cockshutt,220304941,62065548,Back,Back 3. Camelot Jedimast,Camelot Jedimaster,1,3.10,2.10,2.10,-1.00,
29/10/2023,Hobart,Jamie Cockshutt,220304943,30287540,Back,Back 7. Lancelot,Lancelot,0,4.79,-1.00,-1.00,0.26,
29/10/2023,Hobart,Jamie Cockshutt,220304945,36748901,Back,Back 5. Villacci,Villacci,0,4.22,-1.00,-1.00,0.31,
29/10/2023,Hobart,Jamie Cockshutt,220304949,49766907,Back,Back 2. Modern Jive,Modern Jive,0,5.41,-1.00,-1.00,0.23,
29/10/2023,Hobart,Jamie Cockshutt,220304951,12033926,Back,Back 1. Royal Appointmen,Royal Appointment,0,1.30,-1.00,-1.00,3.32,
29/10/2023,Hobart,Jamie Cockshutt,220304953,49488124,Back,Back 6. Last Of The Mohi,Last Of The Mohicans,0,3.95,-1.00,-1.00,0.34,
29/10/2023,Sale,Chris Camilleri,220272163,8165393,Back,Back 4. Modown,Modown,1,1.99,0.99,0.99,-1.00,
29/10/2023,Sale,Chris Camilleri,220272170,43858364,Lay,Lay 4. Mr Trafficanti,Mr Trafficanti,0,1.76,1.32,-1.00,1.32,
29/10/2023,Sale,Chris Camilleri,220272184,49364434,Back,Back 6. Morpheus Bragi,Morpheus Bragi,0,4.93,-1.00,-1.00,0.25,
29/10/2023,Sale,Chris Camilleri,220272205,62136097,Back,Back 5. Maktoob,Maktoob,1,1.99,0.99,0.99,-1.00,
30/10/2023,Globe Derby,Mark Lawrence,220368371,54084816,Lay,Lay 1. Hereforagoodtim,Hereforagoodtime,0,3.47,0.40,-1.00,0.40,
30/10/2023,Globe Derby,Mark Lawrence,220368379,28389199,Back,Back 2. Keilah,Keilah,1,2.80,1.80,1.80,-1.00,
30/10/2023,Globe Derby,Mark Lawrence,220368381,62099496,Back,Back 4. Hezrockinroyalty,Hezrockinroyalty,1,2.10,1.10,1.10,-1.00,
31/10/2023,Albion Park,Ryan Spice,220425453,3017893,Lay,Lay 6. Call To Order,Call To Order,0,7.08,0.16,-1.00,0.16,
31/10/2023,Albion Park,Ryan Spice,220425463,62145123,Back,Back 6. Darcys Fireball,Darcys Fireball,0,1.69,-1.00,-1.00,1.44,
31/10/2023,Bendigo,Darren And Brett Carroll,220425419,50295132,Back,Back 9. Major Fire,Major Fire,0,7.40,-1.00,-1.00,0.16,
31/10/2023,Bendigo,Darren And Brett Carroll,220425423,4722951,Back,Back 8. Bandit Eyes,Bandit Eyes,1,3.54,2.54,2.54,-1.00,
31/10/2023,Bendigo,Darren And Brett Carroll,220425427,38706982,Back,Back 1. Ce Pe Three,Ce Pe Three,1,2.09,1.09,1.09,-1.00,
31/10/2023,Gloucester Park,Scott Hill,220426344,62145152,Back,Back 6. My Captain My Ca,My Captain My Captain,1,2.92,1.92,1.92,-1.00,
31/10/2023,Gloucester Park,Scott Hill,220426347,41774634,Back,Back 3. Alta Queen,Alta Queen,1,2.23,1.23,1.23,-1.00,
31/10/2023,Gloucester Park,Scott Hill,220426353,41243735,Back,Back 1. Tux And Tails,Tux And Tails,0,3.94,-1.00,-1.00,0.34,
31/10/2023,Gloucester Park,Scott Hill,220426359,20981491,Back,Back 6. Robshaw,Robshaw,0,2.90,-1.00,-1.00,0.53,
31/10/2023,Gloucester Park,Scott Hill,220426362,1269370,Back,Back 5. Barbados,Barbados,1,1.33,0.33,0.33,-1.00,
31/10/2023,Grafton,Linton Chataway,220421773,62176982,Back,Back 5. Prophets Devine,Prophets Devine,0,1.59,-1.00,-1.00,1.70,
31/10/2023,Grafton,Linton Chataway,220421788,38607928,Back,Back 3. Gobbled,Gobbled,0,4.60,-1.00,-1.00,0.28,
31/10/2023,Grafton,Linton Chataway,220421798,4057816,Lay,Lay 3. Kings Gold,Kings Gold,0,5.69,0.21,-1.00,0.21,
31/10/2023,Swan Hill,Jackson Oldham,220422038,62177490,Lay,Lay 11. Deciduous,Deciduous,1,7.60,-1.00,6.60,-1.00,
31/10/2023,Swan Hill,Jackson Oldham,220422059,62177509,Back,Back 1. Campaspe Run,Campaspe Run,0,1.95,-1.00,-1.00,1.05,
31/10/2023,Swan Hill,Linton Chataway,220422066,44185137,Lay,Lay 4. Makbeel,Makbeel,0,6.20,0.19,-1.00,0.19,
,,,,,,,,,,,,,
,,,,,,,,,,,,,
,,,,,,,,,,,,,
,,,,,,,,,,,,,
,,,,,,,,,,,,,
,,,,,,,,,,,,,
,,,,,,,,,,,,,
,,,,,,,,,,,,,
,,,,,,,,,,,,,
,,,,,,,,,,,,,
,,,,,,,,,,,,,
,,,,,,,,,,,,,
,,,,,,,,,,,,,
,,,,,,,,,,,,,
,,,,,,,,,,,,,
,,,,,,,,,,,,,
,,,,,,,,,,,,,
,,,,,,,,,,,,,
,,,,,,,,,,,,,
,,,,,,,,,,,,,
,,,,,,,,,,,,,
,,,,,,,,,,,,,
,,,,,,,,,,,,,
,,,,,,,,,,,,,
,,,,,,,,,,,,,
,,,,,,,,,,,,,
,,,,,,,,,,,,,
,,,,,,,,,,,,,
,,,,,,,,,,,,,
,,,,,,,,,,,,,
,,,,,,,,,,,,,
,,,,,,,,,,,,,
,,,,,,,,,,,,,
,,,,,,,,,,,,,
,,,,,,,,,,,,,
,,,,,,,,,,,,,
,,,,,,,,,,,,,
,,,,,,,,,,,,,
,,,,,,,,,,,,,
,,,,,,,,,,,,,
,,,,,,,,,,,,,
,,,,,,,,,,,,,
,,,,,,,,,,,,,
,,,,,,,,,,,,,
,,,,,,,,,,,,,
,,,,,,,,,,,,,
,,,,,,,,,,,,,
,,,,,,,,,,,,,
,,,,,,,,,,,,,
,,,,,,,,,,,,,
,,,,,,,,,,,,,
,,,,,,,,,,,,,
,,,,,,,,,,,,,
,,,,,,,,,,,,,
,,,,,,,,,,,,,
,,,,,,,,,,,,,
,,,,,,,,,,,,,
,,,,,,,,,,,,,
,,,,,,,,,,,,,
,,,,,,,,,,,,,
,,,,,,,,,,,,,
,,,,,,,,,,,,,
,,,,,,,,,,,,,
,,,,,,,,,,,,,
,,,,,,,,,,,,,
,,,,,,,,,,,,,
,,,,,,,,,,,,,
,,,,,,,,,,,,,
,,,,,,,,,,,,,
,,,,,,,,,,,,,
,,,,,,,,,,,,,
,,,,,,,,,,,,,
,,,,,,,,,,,,,
,,,,,,,,,,,,,
,,,,,,,,,,,,,
,,,,,,,,,,,,,
,,,,,,,,,,,,,
,,,,,,,,,,,,,
,,,,,,,,,,,,,
,,,,,,,,,,,,,
,,,,,,,,,,,,,
,,,,,,,,,,,,,
,,,,,,,,,,,,,
,,,,,,,,,,,,,
,,,,,,,,,,,,,
,,,,,,,,,,,,,
,,,,,,,,,,,,,
,,,,,,,,,,,,,
,,,,,,,,,,,,,
,,,,,,,,,,,,,
,,,,,,,,,,,,,
,,,,,,,,,,,,,
,,,,,,,,,,,,,
,,,,,,,,,,,,,
,,,,,,,,,,,,,
,,,,,,,,,,,,,
,,,,,,,,,,,,,
,,,,,,,,,,,,,
,,,,,,,,,,,,,
,,,,,,,,,,,,,
,,,,,,,,,,,,,
,,,,,,,,,,,,,
,,,,,,,,,,,,,
,,,,,,,,,,,,,
,,,,,,,,,,,,,
,,,,,,,,,,,,,
,,,,,,,,,,,,,
,,,,,,,,,,,,,
,,,,,,,,,,,,,
,,,,,,,,,,,,,
,,,,,,,,,,,,,
,,,,,,,,,,,,,
,,,,,,,,,,,,,
,,,,,,,,,,,,,
,,,,,,,,,,,,,
,,,,,,,,,,,,,
,,,,,,,,,,,,,
,,,,,,,,,,,,,
,,,,,,,,,,,,,
,,,,,,,,,,,,,
,,,,,,,,,,,,,
,,,,,,,,,,,,,
,,,,,,,,,,,,,
,,,,,,,,,,,,,
,,,,,,,,,,,,,
,,,,,,,,,,,,,
,,,,,,,,,,,,,
,,,,,,,,,,,,,
,,,,,,,,,,,,,
,,,,,,,,,,,,,
,,,,,,,,,,,,,
,,,,,,,,,,,,,
,,,,,,,,,,,,,
,,,,,,,,,,,,,
,,,,,,,,,,,,,
,,,,,,,,,,,,,
,,,,,,,,,,,,,
,,,,,,,,,,,,,
,,,,,,,,,,,,,
,,,,,,,,,,,,,
,,,,,,,,,,,,,
,,,,,,,,,,,,,
,,,,,,,,,,,,,
,,,,,,,,,,,,,
,,,,,,,,,,,,,
,,,,,,,,,,,,,
,,,,,,,,,,,,,
,,,,,,,,,,,,,
,,,,,,,,,,,,,
,,,,,,,,,,,,,
,,,,,,,,,,,,,
,,,,,,,,,,,,,
,,,,,,,,,,,,,
,,,,,,,,,,,,,
,,,,,,,,,,,,,
,,,,,,,,,,,,,
,,,,,,,,,,,,,
,,,,,,,,,,,,,
,,,,,,,,,,,,,
,,,,,,,,,,,,,
,,,,,,,,,,,,,
,,,,,,,,,,,,,
,,,,,,,,,,,,,
,,,,,,,,,,,,,
,,,,,,,,,,,,,
,,,,,,,,,,,,,
,,,,,,,,,,,,,
,,,,,,,,,,,,,
,,,,,,,,,,,,,
,,,,,,,,,,,,,
,,,,,,,,,,,,,
,,,,,,,,,,,,,
,,,,,,,,,,,,,
,,,,,,,,,,,,,
,,,,,,,,,,,,,
,,,,,,,,,,,,,
,,,,,,,,,,,,,
,,,,,,,,,,,,,
,,,,,,,,,,,,,
,,,,,,,,,,,,,
,,,,,,,,,,,,,
,,,,,,,,,,,,,
,,,,,,,,,,,,,
,,,,,,,,,,,,,
,,,,,,,,,,,,,
,,,,,,,,,,,,,
,,,,,,,,,,,,,
,,,,,,,,,,,,,
,,,,,,,,,,,,,
,,,,,,,,,,,,,
,,,,,,,,,,,,,
,,,,,,,,,,,,,
,,,,,,,,,,,,,
,,,,,,,,,,,,,
,,,,,,,,,,,,,
,,,,,,,,,,,,,
,,,,,,,,,,,,,
,,,,,,,,,,,,,
,,,,,,,,,,,,,
,,,,,,,,,,,,,
,,,,,,,,,,,,,
,,,,,,,,,,,,,
,,,,,,,,,,,,,
,,,,,,,,,,,,,
,,,,,,,,,,,,,
,,,,,,,,,,,,,
,,,,,,,,,,,,,
,,,,,,,,,,,,,
,,,,,,,,,,,,,
,,,,,,,,,,,,,
,,,,,,,,,,,,,
,,,,,,,,,,,,,
,,,,,,,,,,,,,
,,,,,,,,,,,,,
,,,,,,,,,,,,,
,,,,,,,,,,,,,
,,,,,,,,,,,,,
,,,,,,,,,,,,,
,,,,,,,,,,,,,
,,,,,,,,,,,,,
,,,,,,,,,,,,,
,,,,,,,,,,,,,
,,,,,,,,,,,,,
,,,,,,,,,,,,,
,,,,,,,,,,,,,
,,,,,,,,,,,,,
,,,,,,,,,,,,,
,,,,,,,,,,,,,
,,,,,,,,,,,,,
,,,,,,,,,,,,,
,,,,,,,,,,,,,
,,,,,,,,,,,,,
,,,,,,,,,,,,,
,,,,,,,,,,,,,
,,,,,,,,,,,,,
,,,,,,,,,,,,,
,,,,,,,,,,,,,
,,,,,,,,,,,,,
,,,,,,,,,,,,,
,,,,,,,,,,,,,
,,,,,,,,,,,,,
,,,,,,,,,,,,,
,,,,,,,,,,,,,
,,,,,,,,,,,,,
,,,,,,,,,,,,,
,,,,,,,,,,,,,
,,,,,,,,,,,,,
,,,,,,,,,,,,,
,,,,,,,,,,,,,
,,,,,,,,,,,,,
,,,,,,,,,,,,,
,,,,,,,,,,,,,
,,,,,,,,,,,,,
,,,,,,,,,,,,,
,,,,,,,,,,,,,
,,,,,,,,,,,,,
,,,,,,,,,,,,,
,,,,,,,,,,,,,
,,,,,,,,,,,,,
,,,,,,,,,,,,,
,,,,,,,,,,,,,
,,,,,,,,,,,,,
,,,,,,,,,,,,,
,,,,,,,,,,,,,
,,,,,,,,,,,,,
,,,,,,,,,,,,,
,,,,,,,,,,,,,
,,,,,,,,,,,,,
,,,,,,,,,,,,,
,,,,,,,,,,,,,
,,,,,,,,,,,,,
,,,,,,,,,,,,,
,,,,,,,,,,,,,
,,,,,,,,,,,,,
,,,,,,,,,,,,,
,,,,,,,,,,,,,
,,,,,,,,,,,,,
,,,,,,,,,,,,,
,,,,,,,,,,,,,
,,,,,,,,,,,,,
,,,,,,,,,,,,,
