EVENT_DATE,PATH,EVENT_ID,MARKET_TYPE,MARKET_ID,MARKET_NAME,SELECTION_ID,RUNNER_NAME,RUNNER_STATUS,IS_WINNER,TOTAL_POINTS,HOME_TEAM,AWAY_TEAM,HOME_MARGIN,HOME_SCORE,AWAY_SCORE,BEST_BACK_FIRST_BOUNCE,BEST_LAY_FIRST_BOUNCE,MATCHED_VOLUME_FIRST_BOUNCE,BEST_BACK_PRICE_HALF_TIME,BEST_LAY_PRICE_HALF_TIME,MATCHED_VOLUME_HALF_TIME,TOTAL_MATCHED_VOLUME
2025-03-02 00:00:00.000 Z,  NRL/Canberra Raiders v New Zealand Warriors,33773526,MATCH_ODDS,238791356,Head To Head,24298,Canberra,WINNER,1,38,Canberra Raiders,v New Zealand Warriors,22,30,8,2.28,2.3,76657.42,1.23,1.3,89909.59,111155.77
2025-03-02 00:00:00.000 Z,  NRL/Canberra Raiders v New Zealand Warriors,33773526,MATCH_ODDS,238791356,Head To Head,120186,NZ Warriors,LOSER,0,38,Canberra Raiders,v New Zealand Warriors,22,30,8,1.76,1.77,47492.5,4.3,6.6,56243.45,60529.87
2025-03-02 00:00:00.000 Z,  NRL/Penrith Panthers v Cronulla Sharks,33773527,MATCH_ODDS,238791543,Head To Head,769776,Cronulla,LOSER,0,50,Penrith Panthers,v Cronulla Sharks,6,28,22,2.32,2.36,49939.63,2.9,,58580.54,62002.57
2025-03-02 00:00:00.000 Z,  NRL/Penrith Panthers v Cronulla Sharks,33773527,MATCH_ODDS,238791543,Head To Head,24289,Penrith,WINNER,1,50,Penrith Panthers,v Cronulla Sharks,6,28,22,1.73,1.74,73131.7,1.3,1.55,87708.1,124456.26
2025-03-06 00:00:00.000 Z,  NRL/Sydney Roosters v Brisbane Broncos,33788949,MATCH_ODDS,238791730,Head To Head,22832,Brisbane,WINNER,1,64,Sydney Roosters,v Brisbane Broncos,-36,14,50,1.42,1.44,95959.31,1.03,1.06,117750.04,122878.88
2025-03-06 00:00:00.000 Z,  NRL/Sydney Roosters v Brisbane Broncos,33788949,MATCH_ODDS,238791730,Head To Head,9287159,Sydney,LOSER,0,64,Sydney Roosters,v Brisbane Broncos,-36,14,50,3.35,3.4,19989.4,18,34,22677.75,22847.86
2025-03-07 00:00:00.000 Z,  NRL/Wests Tigers v Newcastle Knights,33788951,MATCH_ODDS,238791917,Head To Head,24299,Newcastle,WINNER,1,25,Wests Tigers,v Newcastle Knights,-2,11.5,13.5,1.61,1.62,37359.52,2.68,5,47525.21,66292.07
2025-03-07 00:00:00.000 Z,  NRL/Wests Tigers v Newcastle Knights,33788951,MATCH_ODDS,238791917,Head To Head,140771,Wests Tigers,LOSER,0,25,Wests Tigers,v Newcastle Knights,-2,11.5,13.5,2.62,2.64,14554.37,1.57,1.6,20145.14,27485.42
2025-03-07 00:00:00.000 Z,  NRL/Dolphins v South Sydney Rabbitohs,33788954,MATCH_ODDS,238792104,Head To Head,50142049,Dolphins,LOSER,0,30,Dolphins,v South Sydney Rabbitohs,-2,14,16,2.08,2.1,19903.34,3.6,3.6,36605.59,41538.98
2025-03-07 00:00:00.000 Z,  NRL/Dolphins v South Sydney Rabbitohs,33788954,MATCH_ODDS,238792104,Head To Head,106243,South Sydney,WINNER,1,30,Dolphins,v South Sydney Rabbitohs,-2,14,16,1.9,1.92,22775.61,1.28,1.42,36915.17,46315.79
2025-03-08 00:00:00.000 Z,  NRL/St George/Illa Dragons v Canterbury Bulldogs,33788956,MATCH_ODDS,238792291,Head To Head,5757972,Canterbury,WINNER,1,48,St George/Illa Dragons,v Canterbury Bulldogs,-8,20,28,1.8,1.82,44533.67,1.2,1.23,66348.74,72950.42
2025-03-08 00:00:00.000 Z,  NRL/St George/Illa Dragons v Canterbury Bulldogs,33788956,MATCH_ODDS,238792291,Head To Head,9199929,St George,LOSER,0,48,St George/Illa Dragons,v Canterbury Bulldogs,-8,20,28,2.24,2.26,13820.78,5.4,6.2,21466.58,21770.61
2025-03-08 00:00:00.000 Z,  NRL/Manly Sea Eagles v North Queensland Cowboys,33788959,MATCH_ODDS,238792478,Head To Head,769777,Manly,WINNER,1,54,Manly Sea Eagles,v North Queensland Cowboys,30,42,12,1.4,1.41,78352.44,1.01,1.04,90393.41,91218.6
2025-03-08 00:00:00.000 Z,  NRL/Manly Sea Eagles v North Queensland Cowboys,33788959,MATCH_ODDS,238792478,Head To Head,9279689,North Qld,LOSER,0,54,Manly Sea Eagles,v North Queensland Cowboys,30,42,12,3.3,3.5,20340.33,24,,22860.67,22915.25
2025-03-09 00:00:00.000 Z,  NRL/Melbourne Storm v Parramatta Eels,33788962,MATCH_ODDS,238792665,Head To Head,24293,Melbourne,WINNER,1,74,Melbourne Storm,v Parramatta Eels,38,56,18,1.09,1.11,97949.34,,1.01,108147.73,108147.73
2025-03-09 00:00:00.000 Z,  NRL/Melbourne Storm v Parramatta Eels,33788962,MATCH_ODDS,238792665,Head To Head,769771,Parramatta,LOSER,0,74,Melbourne Storm,v Parramatta Eels,38,56,18,9.2,10.5,5465.08,1000,,5758.92,5759.12
2025-03-13 00:00:00.000 Z,  NRL/Newcastle Knights v Dolphins,34086639,MATCH_ODDS,240649424,Head To Head,50142049,Dolphins,LOSER,0,38,Newcastle Knights,v Dolphins,14,26,12,2.66,2.7,19411.14,5,9.4,21527.51,21973.65
2025-03-13 00:00:00.000 Z,  NRL/Newcastle Knights v Dolphins,34086639,MATCH_ODDS,240649424,Head To Head,24299,Newcastle,WINNER,1,38,Newcastle Knights,v Dolphins,14,26,12,1.59,1.61,27151.41,1.08,1.13,36105.27,53926.64
2025-03-14 00:00:00.000 Z,  NRL/New Zealand Warriors v Manly Sea Eagles,34086640,MATCH_ODDS,240649654,Head To Head,769777,Manly,LOSER,0,52,New Zealand Warriors,v Manly Sea Eagles,20,36,16,1.39,1.41,38414.47,2.4,3.1,47469.53,50033.14
2025-03-14 00:00:00.000 Z,  NRL/New Zealand Warriors v Manly Sea Eagles,34086640,MATCH_ODDS,240649654,Head To Head,120186,NZ Warriors,WINNER,1,52,New Zealand Warriors,v Manly Sea Eagles,20,36,16,3.55,3.6,8603.95,1.47,1.53,11163.79,19815.68
2025-03-14 00:00:00.000 Z,  NRL/Penrith Panthers v Sydney Roosters,34086642,MATCH_ODDS,240649903,Head To Head,24289,Penrith,LOSER,0,70,Penrith Panthers,v Sydney Roosters,-6,32,38,1.02,1.06,124495.87,1.12,1.19,143717.36,158654.88
2025-03-14 00:00:00.000 Z,  NRL/Penrith Panthers v Sydney Roosters,34086642,MATCH_ODDS,240649903,Head To Head,9287159,Sydney,WINNER,1,70,Penrith Panthers,v Sydney Roosters,-6,32,38,12.5,,6971.28,6.4,7.6,9217.09,34074.42
2025-03-15 00:00:00.000 Z,  NRL/St George/Illa Dragons v South Sydney Rabbitohs,34086648,MATCH_ODDS,240650150,Head To Head,106243,South Sydney,WINNER,1,49,St George/Illa Dragons,v South Sydney Rabbitohs,-1,24,25,3.25,3.3,6117.6,1.99,6,7670.9,10204.93
2025-03-15 00:00:00.000 Z,  NRL/St George/Illa Dragons v South Sydney Rabbitohs,34086648,MATCH_ODDS,240650150,Head To Head,9199929,St George,LOSER,0,49,St George/Illa Dragons,v South Sydney Rabbitohs,-1,24,25,1.43,1.44,13729.12,1.3,1.52,30942.33,37093.09
2025-03-15 00:00:00.000 Z,  NRL/Canberra Raiders v Brisbane Broncos,34086651,MATCH_ODDS,240650808,Head To Head,22832,Brisbane,LOSER,0,54,Canberra Raiders,v Brisbane Broncos,10,32,22,1.32,1.33,28935.76,1.93,2.04,41095.54,45270.62
2025-03-15 00:00:00.000 Z,  NRL/Canberra Raiders v Brisbane Broncos,34086651,MATCH_ODDS,240650808,Head To Head,24298,Canberra,WINNER,1,54,Canberra Raiders,v Brisbane Broncos,10,32,22,4,4.1,8650.21,1.99,2.04,14058.56,35881.13
2025-03-15 00:00:00.000 Z,  NRL/North Queensland Cowboys v Cronulla Sharks,34086669,MATCH_ODDS,240650401,Head To Head,769776,Cronulla,WINNER,1,48,North Queensland Cowboys,v Cronulla Sharks,-24,12,36,1.4,1.41,18963,1.15,1.4,28849.57,35785.5
2025-03-15 00:00:00.000 Z,  NRL/North Queensland Cowboys v Cronulla Sharks,34086669,MATCH_ODDS,240650401,Head To Head,9279689,North Qld,LOSER,0,48,North Queensland Cowboys,v Cronulla Sharks,-24,12,36,3.4,3.45,2995.36,7,,3892.7,4048.88
2025-03-16 00:00:00.000 Z,  NRL/Parramatta Eels v Wests Tigers,34086657,MATCH_ODDS,240651067,Head To Head,769771,Parramatta,LOSER,0,38,Parramatta Eels,v Wests Tigers,-26,6,32,2.5,2.52,11891.25,1.67,12,14785.09,15493.21
2025-03-16 00:00:00.000 Z,  NRL/Parramatta Eels v Wests Tigers,34086657,MATCH_ODDS,240651067,Head To Head,140771,Wests Tigers,WINNER,1,38,Parramatta Eels,v Wests Tigers,-26,6,32,1.64,1.67,34675.38,1.08,1.1,40740.36,59460.55
2025-03-16 00:00:00.000 Z,  NRL/Canterbury Bulldogs v Gold Coast Titans,34086660,MATCH_ODDS,240651254,Head To Head,5757972,Canterbury,WINNER,1,64,Canterbury Bulldogs,v Gold Coast Titans,16,40,24,1.46,1.47,34062.69,1.2,1.21,47124.89,63143.59
2025-03-16 00:00:00.000 Z,  NRL/Canterbury Bulldogs v Gold Coast Titans,34086660,MATCH_ODDS,240651254,Head To Head,9096103,Gold Coast,LOSER,0,64,Canterbury Bulldogs,v Gold Coast Titans,16,40,24,3.1,3.15,5521.13,3,,7112.49,7720.46
2025-03-20 00:00:00.000 Z,  NRL/Melbourne Storm v Penrith Panthers,34116992,MATCH_ODDS,240946159,Head To Head,24293,Melbourne,WINNER,1,54,Melbourne Storm,v Penrith Panthers,6,30,24,1.35,1.36,41542.06,1.16,1.3,70563.61,85882.5
2025-03-20 00:00:00.000 Z,  NRL/Melbourne Storm v Penrith Panthers,34116992,MATCH_ODDS,240946159,Head To Head,24289,Penrith,LOSER,0,54,Melbourne Storm,v Penrith Panthers,6,30,24,3.65,3.8,10492.52,4.6,7.6,13533.59,16194.51
2025-03-21 00:00:00.000 Z,  NRL/New Zealand Warriors v Sydney Roosters,34116999,MATCH_ODDS,240946346,Head To Head,120186,NZ Warriors,WINNER,1,25,New Zealand Warriors,v Sydney Roosters,8,16.5,8.5,1.88,1.89,40490.77,2.1,3.5,51266.71,59601.93
2025-03-21 00:00:00.000 Z,  NRL/New Zealand Warriors v Sydney Roosters,34116999,MATCH_ODDS,240946346,Head To Head,9287159,Sydney,LOSER,0,25,New Zealand Warriors,v Sydney Roosters,8,16.5,8.5,2.12,2.14,18098.32,1.71,2.28,23587.5,24864.2
2025-03-21 00:00:00.000 Z,  NRL/Brisbane Broncos v North Queensland Cowboys,34117006,MATCH_ODDS,240946554,Head To Head,22832,Brisbane,WINNER,1,42,Brisbane Broncos,v North Queensland Cowboys,10,26,16,1.19,1.21,67594.27,1.02,1.05,80058.69,85552.66
2025-03-21 00:00:00.000 Z,  NRL/Brisbane Broncos v North Queensland Cowboys,34117006,MATCH_ODDS,240946554,Head To Head,9279689,North Qld,LOSER,0,42,Brisbane Broncos,v North Queensland Cowboys,10,26,16,5.9,6,13726.18,2.54,,14788.73,15068.81
2025-03-22 00:00:00.000 Z,  NRL/Cronulla Sharks v South Sydney Rabbitohs,34117011,MATCH_ODDS,240946762,Head To Head,769776,Cronulla,WINNER,1,39,Cronulla Sharks,v South Sydney Rabbitohs,15,27,12,1.19,1.2,25595.66,1.01,1.02,29545.65,32325.52
2025-03-22 00:00:00.000 Z,  NRL/Cronulla Sharks v South Sydney Rabbitohs,34117011,MATCH_ODDS,240946762,Head To Head,106243,South Sydney,LOSER,0,39,Cronulla Sharks,v South Sydney Rabbitohs,15,27,12,5.8,6.2,3963.38,3,,4183.64,4235.39
2025-03-22 00:00:00.000 Z,  NRL/Dolphins v Wests Tigers,34117015,MATCH_ODDS,240946949,Head To Head,50142049,Dolphins,LOSER,0,48,Dolphins,v Wests Tigers,-12,18,30,1.75,1.76,25134.07,1.01,1.57,35280.45,37754.59
2025-03-22 00:00:00.000 Z,  NRL/Dolphins v Wests Tigers,34117015,MATCH_ODDS,240946949,Head To Head,140771,Wests Tigers,WINNER,1,48,Dolphins,v Wests Tigers,-12,18,30,2.3,2.32,20223.41,2.2,3.5,24838.76,31447.45
2025-03-22 00:00:00.000 Z,  NRL/Gold Coast Titans v Newcastle Knights,34117020,MATCH_ODDS,240947136,Head To Head,9096103,Gold Coast,WINNER,1,32,Gold Coast Titans,v Newcastle Knights,20,26,6,1.98,1.99,37472.87,1.34,1.33,47398.66,50717.96
2025-03-22 00:00:00.000 Z,  NRL/Gold Coast Titans v Newcastle Knights,34117020,MATCH_ODDS,240947136,Head To Head,24299,Newcastle,LOSER,0,32,Gold Coast Titans,v Newcastle Knights,20,26,6,2,2.02,30842.29,4,5,39432.64,40369.72
2025-03-23 00:00:00.000 Z,  NRL/Parramatta Eels v Canterbury Bulldogs,34117024,MATCH_ODDS,240947323,Head To Head,5757972,Canterbury,WINNER,1,25,Parramatta Eels,v Canterbury Bulldogs,-8,8.5,16.5,1.46,1.47,52316.92,1.11,1.25,59505.05,64418.5
2025-03-23 00:00:00.000 Z,  NRL/Parramatta Eels v Canterbury Bulldogs,34117024,MATCH_ODDS,240947323,Head To Head,769771,Parramatta,LOSER,0,25,Parramatta Eels,v Canterbury Bulldogs,-8,8.5,16.5,2.3,5,7393.42,2.3,10,9353.13,9964.31
2025-03-23 00:00:00.000 Z,  NRL/Manly Sea Eagles v Canberra Raiders,34117033,MATCH_ODDS,240947510,Head To Head,24298,Canberra,LOSER,0,52,Manly Sea Eagles,v Canberra Raiders,28,40,12,2.34,2.36,24028.76,3,,25175.12,25224.01
2025-03-23 00:00:00.000 Z,  NRL/Manly Sea Eagles v Canberra Raiders,34117033,MATCH_ODDS,240947510,Head To Head,769777,Manly,WINNER,1,52,Manly Sea Eagles,v Canberra Raiders,28,40,12,1.73,1.76,17468.52,1.01,1.15,23220.69,26939.32
2025-03-27 00:00:00.000 Z,  NRL/South Sydney Rabbitohs v Penrith Panthers,34138357,MATCH_ODDS,241251383,Head To Head,24289,Penrith,LOSER,0,46,South Sydney Rabbitohs,v Penrith Panthers,10,28,18,1.38,1.4,42228.12,1.96,,58412.18,58714.43
2025-03-27 00:00:00.000 Z,  NRL/South Sydney Rabbitohs v Penrith Panthers,34138357,MATCH_ODDS,241251383,Head To Head,106243,South Sydney,WINNER,1,46,South Sydney Rabbitohs,v Penrith Panthers,10,28,18,3.5,3.6,13476.88,1.02,1.05,30008.01,42619.47
2025-03-28 00:00:00.000 Z,  NRL/Sydney Roosters v Gold Coast Titans,34138364,MATCH_ODDS,241251570,Head To Head,9096103,Gold Coast,WINNER,1,42,Sydney Roosters,v Gold Coast Titans,-18,12,30,2.74,2.8,8805.17,1.97,11,10863.42,16791.53
2025-03-28 00:00:00.000 Z,  NRL/Sydney Roosters v Gold Coast Titans,34138364,MATCH_ODDS,241251570,Head To Head,9287159,Sydney,LOSER,0,42,Sydney Roosters,v Gold Coast Titans,-18,12,30,1.55,1.57,19554.2,1.22,1.75,24985.16,29523.48
2025-03-28 00:00:00.000 Z,  NRL/Dolphins v Brisbane Broncos,34138370,MATCH_ODDS,241251757,Head To Head,22832,Brisbane,WINNER,1,32,Dolphins,v Brisbane Broncos,-8,12,20,1.31,1.33,75197.25,1.05,1.1,88811.95,92808.18
2025-03-28 00:00:00.000 Z,  NRL/Dolphins v Brisbane Broncos,34138370,MATCH_ODDS,241251757,Head To Head,50142049,Dolphins,LOSER,0,32,Dolphins,v Brisbane Broncos,-8,12,20,4,4.1,10341.44,3.05,,11864.32,12040.25
2025-03-29 00:00:00.000 Z,  NRL/St George/Illa Dragons v Melbourne Storm,34138397,MATCH_ODDS,241251944,Head To Head,24293,Melbourne,LOSER,0,25,St George/Illa Dragons,v Melbourne Storm,6,15.5,9.5,1.39,1.43,46052.33,1.17,1.5,55376.07,56868.07
2025-03-29 00:00:00.000 Z,  NRL/St George/Illa Dragons v Melbourne Storm,34138397,MATCH_ODDS,241251944,Head To Head,9199929,St George,WINNER,1,25,St George/Illa Dragons,v Melbourne Storm,6,15.5,9.5,3.3,3.35,8810.37,3.05,3.5,11722.97,14869.07
2025-03-29 00:00:00.000 Z,  NRL/North Queensland Cowboys v Canberra Raiders,34138400,MATCH_ODDS,241265455,Head To Head,24298,Canberra,LOSER,0,50,North Queensland Cowboys,v Canberra Raiders,10,30,20,2.12,2.14,32621.77,3,4.3,58704.51,59941.8
2025-03-29 00:00:00.000 Z,  NRL/North Queensland Cowboys v Canberra Raiders,34138400,MATCH_ODDS,241265455,Head To Head,9279689,North Qld,WINNER,1,50,North Queensland Cowboys,v Canberra Raiders,10,30,20,1.87,1.88,35679.22,1.31,1.34,61081.9,68123.34
2025-03-29 00:00:00.000 Z,  NRL/Cronulla Sharks v Canterbury Bulldogs,34138403,MATCH_ODDS,241265268,Head To Head,5757972,Canterbury,WINNER,1,26,Cronulla Sharks,v Canterbury Bulldogs,-14,6,20,4,4.2,3455.92,2.5,4,7268.51,18156.01
2025-03-29 00:00:00.000 Z,  NRL/Cronulla Sharks v Canterbury Bulldogs,34138403,MATCH_ODDS,241265268,Head To Head,769776,Cronulla,LOSER,0,26,Cronulla Sharks,v Canterbury Bulldogs,-14,6,20,1.32,1.33,30064.86,1.5,1.6,50749.91,59789.06
2025-03-30 00:00:00.000 Z,  NRL/Manly Sea Eagles v Parramatta Eels,34138405,MATCH_ODDS,241265081,Head To Head,769777,Manly,WINNER,1,38,Manly Sea Eagles,v Parramatta Eels,14,26,12,1.17,1.2,78171.15,1.05,1.22,85007.42,89186.97
2025-03-30 00:00:00.000 Z,  NRL/Manly Sea Eagles v Parramatta Eels,34138405,MATCH_ODDS,241265081,Head To Head,769771,Parramatta,LOSER,0,38,Manly Sea Eagles,v Parramatta Eels,14,26,12,6.2,6.4,10708.75,4,,11638.65,12023.99
2025-03-30 00:00:00.000 Z,  NRL/Wests Tigers v New Zealand Warriors,34138409,MATCH_ODDS,241264894,Head To Head,120186,NZ Warriors,WINNER,1,50,Wests Tigers,v New Zealand Warriors,-2,24,26,2.34,2.4,23173.02,1.87,1.88,34421.25,50463.87
2025-03-30 00:00:00.000 Z,  NRL/Wests Tigers v New Zealand Warriors,34138409,MATCH_ODDS,241264894,Head To Head,140771,Wests Tigers,LOSER,0,50,Wests Tigers,v New Zealand Warriors,-2,24,26,1.71,1.73,60893.89,2.02,3.85,68418.95,84712.8
2025-04-03 00:00:00.000 Z,  NRL/Canberra Raiders v Cronulla Sharks,34159814,MATCH_ODDS,241615634,Head To Head,24298,Canberra,WINNER,1,44,Canberra Raiders,v Cronulla Sharks,4,24,20,2.48,2.5,16226.87,1.61,2.18,27644.93,31247.06
2025-04-03 00:00:00.000 Z,  NRL/Canberra Raiders v Cronulla Sharks,34159814,MATCH_ODDS,241615634,Head To Head,769776,Cronulla,LOSER,0,44,Canberra Raiders,v Cronulla Sharks,4,24,20,1.66,1.69,29367.65,1.62,2.4,41681.77,46390.29
2025-04-04 00:00:00.000 Z,  NRL/Penrith Panthers v North Queensland Cowboys,34159816,MATCH_ODDS,241616039,Head To Head,120823,North Qld,WINNER,1,40,Penrith Panthers,v North Queensland Cowboys,-4,18,22,4.9,5.1,6483.26,7.2,,7082.02,18149.9
2025-04-04 00:00:00.000 Z,  NRL/Penrith Panthers v North Queensland Cowboys,34159816,MATCH_ODDS,241616039,Head To Head,24289,Penrith,LOSER,0,40,Penrith Panthers,v North Queensland Cowboys,-4,18,22,1.24,1.26,61682.16,1.07,1.16,68048.72,77315.84
2025-04-04 00:00:00.000 Z,  NRL/South Sydney Rabbitohs v Sydney Roosters,34159818,MATCH_ODDS,241616227,Head To Head,106243,South Sydney,WINNER,1,34,South Sydney Rabbitohs,v Sydney Roosters,6,20,14,1.69,1.7,56734.15,1.31,1.9,73331.04,89792.88
2025-04-04 00:00:00.000 Z,  NRL/South Sydney Rabbitohs v Sydney Roosters,34159818,MATCH_ODDS,241616227,Head To Head,9287159,Sydney,LOSER,0,34,South Sydney Rabbitohs,v Sydney Roosters,6,20,14,2.42,2.46,14689.84,2.7,3,19644.29,38969.72
2025-04-05 00:00:00.000 Z,  NRL/Parramatta Eels v St George/Illa Dragons,34159820,MATCH_ODDS,241616415,Head To Head,769771,Parramatta,WINNER,1,45,Parramatta Eels,v St George/Illa Dragons,1,23,22,2.68,2.78,3109.61,3.2,,5166.7,6435.89
2025-04-05 00:00:00.000 Z,  NRL/Parramatta Eels v St George/Illa Dragons,34159820,MATCH_ODDS,241616415,Head To Head,9199929,St George,LOSER,0,45,Parramatta Eels,v St George/Illa Dragons,1,23,22,1.56,1.57,6499.88,1.37,1.45,19226.2,20257.61
2025-04-05 00:00:00.000 Z,  NRL/Gold Coast Titans v Dolphins,34159824,MATCH_ODDS,241616602,Head To Head,50142049,Dolphins,WINNER,1,46,Gold Coast Titans,v Dolphins,-26,10,36,2.46,2.52,15329.38,1.13,1.2,21913.18,27232.9
2025-04-05 00:00:00.000 Z,  NRL/Gold Coast Titans v Dolphins,34159824,MATCH_ODDS,241616602,Head To Head,9096103,Gold Coast,LOSER,0,46,Gold Coast Titans,v Dolphins,-26,10,36,1.65,1.69,23987.56,3.4,12,29232.46,30263.79
2025-04-05 00:00:00.000 Z,  NRL/Brisbane Broncos v Wests Tigers,34159827,MATCH_ODDS,241616789,Head To Head,22832,Brisbane,WINNER,1,70,Brisbane Broncos,v Wests Tigers,22,46,24,1.19,1.2,66500.68,1.25,1.6,71732.77,76454.08
2025-04-05 00:00:00.000 Z,  NRL/Brisbane Broncos v Wests Tigers,34159827,MATCH_ODDS,241616789,Head To Head,140771,Wests Tigers,LOSER,0,70,Brisbane Broncos,v Wests Tigers,22,46,24,5.8,6.2,11124.85,3.45,6.6,12120.3,12270.28
2025-04-06 00:00:00.000 Z,  NRL/Manly Sea Eagles v Melbourne Storm,34159834,MATCH_ODDS,241616977,Head To Head,769777,Manly,LOSER,0,72,Manly Sea Eagles,v Melbourne Storm,-24,24,48,3,3.1,9809.06,5.7,50,10800.57,11241.03
2025-04-06 00:00:00.000 Z,  NRL/Manly Sea Eagles v Melbourne Storm,34159834,MATCH_ODDS,241616977,Head To Head,24293,Melbourne,WINNER,1,72,Manly Sea Eagles,v Melbourne Storm,-24,24,48,1.48,1.49,36090.29,1.15,1.21,46771.39,61612.9
2025-04-06 00:00:00.000 Z,  NRL/Canterbury Bulldogs v Newcastle Knights,34159836,MATCH_ODDS,241617166,Head To Head,5757972,Canterbury,WINNER,1,25,Canterbury Bulldogs,v Newcastle Knights,20,22.5,2.5,1.5,1.51,56482.2,1.38,1.42,67297.57,75620.59
2025-04-06 00:00:00.000 Z,  NRL/Canterbury Bulldogs v Newcastle Knights,34159836,MATCH_ODDS,241617166,Head To Head,24299,Newcastle,LOSER,0,25,Canterbury Bulldogs,v Newcastle Knights,20,22.5,2.5,2.94,2.98,11268.75,3.1,3.9,17501.98,18636.71
2025-04-10 00:00:00.000 Z,  NRL/Dolphins v Penrith Panthers,34182331,MATCH_ODDS,241829834,Head To Head,50142049,Dolphins,WINNER,1,42,Dolphins,v Penrith Panthers,18,30,12,3.1,3.15,12908.22,1.36,1.41,19606.59,25893.3
2025-04-10 00:00:00.000 Z,  NRL/Dolphins v Penrith Panthers,34182331,MATCH_ODDS,241829834,Head To Head,24289,Penrith,LOSER,0,42,Dolphins,v Penrith Panthers,18,30,12,1.47,1.49,92530.73,2,6,107111.87,107734.79
2025-04-11 00:00:00.000 Z,  NRL/St George/Illa Dragons v Gold Coast Titans,34182348,MATCH_ODDS,241830157,Head To Head,9096103,Gold Coast,LOSER,0,54,St George/Illa Dragons,v Gold Coast Titans,22,38,16,2.84,2.86,6360.14,22,,9505.92,9822.13
2025-04-11 00:00:00.000 Z,  NRL/St George/Illa Dragons v Gold Coast Titans,34182348,MATCH_ODDS,241830157,Head To Head,9199929,St George,WINNER,1,54,St George/Illa Dragons,v Gold Coast Titans,22,38,16,1.54,1.55,37107.76,1.02,1.09,51345.32,53431.46
2025-04-11 00:00:00.000 Z,  NRL/Brisbane Broncos v Sydney Roosters,34182352,MATCH_ODDS,241830382,Head To Head,22832,Brisbane,LOSER,0,42,Brisbane Broncos,v Sydney Roosters,-10,16,26,1.23,1.24,85900.62,1.83,1.83,111966.48,114417.82
2025-04-11 00:00:00.000 Z,  NRL/Brisbane Broncos v Sydney Roosters,34182352,MATCH_ODDS,241830382,Head To Head,9287159,Sydney,WINNER,1,42,Brisbane Broncos,v Sydney Roosters,-10,16,26,5.2,5.3,7111.62,1.93,5.8,11610.26,16228.96
2025-04-12 00:00:00.000 Z,  NRL/Cronulla Sharks v Manly Sea Eagles,34182355,MATCH_ODDS,241830590,Head To Head,769776,Cronulla,WINNER,1,42,Cronulla Sharks,v Manly Sea Eagles,6,24,18,1.52,1.54,19936.03,1.26,1.3,22827.67,27525.56
2025-04-12 00:00:00.000 Z,  NRL/Cronulla Sharks v Manly Sea Eagles,34182355,MATCH_ODDS,241830590,Head To Head,769777,Manly,LOSER,0,42,Cronulla Sharks,v Manly Sea Eagles,6,24,18,2.86,2.92,7913.56,4,5.2,8733.22,9741.59
2025-04-12 00:00:00.000 Z,  NRL/South Sydney Rabbitohs v North Queensland Cowboys,34182356,MATCH_ODDS,241830777,Head To Head,9279689,North Qld,WINNER,1,40,South Sydney Rabbitohs,v North Queensland Cowboys,-8,16,24,1.78,1.81,68592.15,1.8,6,78908.34,85624.56
2025-04-12 00:00:00.000 Z,  NRL/South Sydney Rabbitohs v North Queensland Cowboys,34182356,MATCH_ODDS,241830777,Head To Head,106243,South Sydney,LOSER,0,40,South Sydney Rabbitohs,v North Queensland Cowboys,-8,16,24,2.22,2.28,35523.73,1.72,6,40545.11,41318.09
2025-04-12 00:00:00.000 Z,  NRL/Parramatta Eels v Canberra Raiders,34182358,MATCH_ODDS,241830964,Head To Head,24298,Canberra,WINNER,1,62,Parramatta Eels,v Canberra Raiders,-38,12,50,1.47,1.48,33541.56,1.03,1.08,47867.71,51924.24
2025-04-12 00:00:00.000 Z,  NRL/Parramatta Eels v Canberra Raiders,34182358,MATCH_ODDS,241830964,Head To Head,769771,Parramatta,LOSER,0,62,Parramatta Eels,v Canberra Raiders,-38,12,50,3.1,3.15,5057.63,14,36,8176.54,8393.78
2025-04-13 00:00:00.000 Z,  NRL/Melbourne Storm v New Zealand Warriors,34182360,MATCH_ODDS,241831159,Head To Head,24293,Melbourne,WINNER,1,56,Melbourne Storm,v New Zealand Warriors,28,42,14,1.18,1.22,46383.9,,1.02,51879.39,51879.39
2025-04-13 00:00:00.000 Z,  NRL/Melbourne Storm v New Zealand Warriors,34182360,MATCH_ODDS,241831159,Head To Head,120186,NZ Warriors,LOSER,0,56,Melbourne Storm,v New Zealand Warriors,28,42,14,5.7,6.2,6452.44,110,,6613.42,6683.42
2025-04-13 00:00:00.000 Z,  NRL/Newcastle Knights v Wests Tigers,34182365,MATCH_ODDS,241831346,Head To Head,24299,Newcastle,LOSER,0,25,Newcastle Knights,v Wests Tigers,-16,4.5,20.5,2.04,2.1,19740.04,6.8,,24871.13,25767.97
2025-04-13 00:00:00.000 Z,  NRL/Newcastle Knights v Wests Tigers,34182365,MATCH_ODDS,241831346,Head To Head,140771,Wests Tigers,WINNER,1,25,Newcastle Knights,v Wests Tigers,-16,4.5,20.5,1.91,1.94,30342.44,1.15,1.18,37160.26,46818.14
2025-04-17 00:00:00.000 Z,  NRL/Manly Sea Eagles v St George/Illa Dragons,34203991,MATCH_ODDS,242318833,Head To Head,769777,Manly,LOSER,0,38,Manly Sea Eagles,v St George/Illa Dragons,-2,18,20,1.63,1.64,49260.94,3.25,6,58495.67,66186.32
2025-04-17 00:00:00.000 Z,  NRL/Manly Sea Eagles v St George/Illa Dragons,34203991,MATCH_ODDS,242318833,Head To Head,9199929,St George,WINNER,1,38,Manly Sea Eagles,v St George/Illa Dragons,-2,18,20,2.56,2.58,10099.73,1.24,1.5,20915.7,31557.96
2025-04-18 00:00:00.000 Z,  NRL/Canterbury Bulldogs v South Sydney Rabbitohs,34203993,MATCH_ODDS,242319200,Head To Head,5757972,Canterbury,WINNER,1,32,Canterbury Bulldogs,v South Sydney Rabbitohs,32,32,0,1.3,1.32,77934.53,1.01,1.05,86342.74,94965.4
2025-04-18 00:00:00.000 Z,  NRL/Canterbury Bulldogs v South Sydney Rabbitohs,34203993,MATCH_ODDS,242319200,Head To Head,106243,South Sydney,LOSER,0,32,Canterbury Bulldogs,v South Sydney Rabbitohs,32,32,0,4.2,4.4,11169.24,55,,12707.88,13202.36
2025-04-18 00:00:00.000 Z,  NRL/Dolphins v Melbourne Storm,34203994,MATCH_ODDS,242319388,Head To Head,50142049,Dolphins,WINNER,1,64,Dolphins,v Melbourne Storm,20,42,22,3.6,3.65,22053.05,4.3,50,25515.53,35410.68
2025-04-18 00:00:00.000 Z,  NRL/Dolphins v Melbourne Storm,34203994,MATCH_ODDS,242319388,Head To Head,24293,Melbourne,LOSER,0,64,Dolphins,v Melbourne Storm,20,42,22,1.38,1.39,49847.34,1.28,1.32,62595.14,67154.72
2025-04-19 00:00:00.000 Z,  NRL/New Zealand Warriors v Brisbane Broncos,34203995,MATCH_ODDS,242319575,Head To Head,22832,Brisbane,LOSER,0,38,New Zealand Warriors,v Brisbane Broncos,2,20,18,1.37,1.38,46506.55,1.46,1.66,57035.9,68551.44
2025-04-19 00:00:00.000 Z,  NRL/New Zealand Warriors v Brisbane Broncos,34203995,MATCH_ODDS,242319575,Head To Head,120186,NZ Warriors,WINNER,1,38,New Zealand Warriors,v Brisbane Broncos,2,20,18,3.45,3.7,7440.41,2.4,3,9387.19,24166.01
2025-04-19 00:00:00.000 Z,  NRL/Sydney Roosters v Penrith Panthers,34203996,MATCH_ODDS,242319762,Head To Head,24289,Penrith,WINNER,1,52,Sydney Roosters,v Penrith Panthers,-28,12,40,1.58,1.59,47270.97,1.44,1.6,69301.52,74724.28
2025-04-19 00:00:00.000 Z,  NRL/Sydney Roosters v Penrith Panthers,34203996,MATCH_ODDS,242319762,Head To Head,9287159,Sydney,LOSER,0,52,Sydney Roosters,v Penrith Panthers,-28,12,40,2.68,2.72,18637.24,3,3.85,27870.62,28369.91
2025-04-20 00:00:00.000 Z,  NRL/Gold Coast Titans v Canberra Raiders,34203997,MATCH_ODDS,242319949,Head To Head,24298,Canberra,WINNER,1,50,Gold Coast Titans,v Canberra Raiders,-10,20,30,1.51,1.52,47459.9,1.41,1.4,70662.37,83508.9
2025-04-20 00:00:00.000 Z,  NRL/Gold Coast Titans v Canberra Raiders,34203997,MATCH_ODDS,242319949,Head To Head,9096103,Gold Coast,LOSER,0,50,Gold Coast Titans,v Canberra Raiders,-10,20,30,2.72,2.98,17978.35,2.92,3.5,23843.41,27730.28
2025-04-20 00:00:00.000 Z,  NRL/Newcastle Knights v Cronulla Sharks,34203998,MATCH_ODDS,242320136,Head To Head,769776,Cronulla,WINNER,1,48,Newcastle Knights,v Cronulla Sharks,-20,14,34,1.4,1.42,72936.24,1.14,1.27,90159.24,90630.83
2025-04-20 00:00:00.000 Z,  NRL/Newcastle Knights v Cronulla Sharks,34203998,MATCH_ODDS,242320136,Head To Head,24299,Newcastle,LOSER,0,48,Newcastle Knights,v Cronulla Sharks,-20,14,34,3.4,3.5,7447.89,3,8,13990.21,14152.03
2025-04-21 00:00:00.000 Z,  NRL/Wests Tigers v Parramatta Eels,34203999,MATCH_ODDS,242320324,Head To Head,769771,Parramatta,WINNER,1,60,Wests Tigers,v Parramatta Eels,-16,22,38,2.28,2.4,25318.52,1.9,2.24,38900.04,48857.96
2025-04-21 00:00:00.000 Z,  NRL/Wests Tigers v Parramatta Eels,34203999,MATCH_ODDS,242320324,Head To Head,140771,Wests Tigers,LOSER,0,60,Wests Tigers,v Parramatta Eels,-16,22,38,1.77,1.78,46468.93,1.78,1.9,64859.31,67806.29
2025-04-24 00:00:00.000 Z,  NRL/Brisbane Broncos v Canterbury Bulldogs,34226194,MATCH_ODDS,242706093,Head To Head,22832,Brisbane,WINNER,1,60,Brisbane Broncos,v Canterbury Bulldogs,24,42,18,2.56,2.6,28782.59,,1.04,57215.78,60142.4
2025-04-24 00:00:00.000 Z,  NRL/Brisbane Broncos v Canterbury Bulldogs,34226194,MATCH_ODDS,242706093,Head To Head,5757972,Canterbury,LOSER,0,60,Brisbane Broncos,v Canterbury Bulldogs,24,42,18,1.63,1.64,74105.81,110,1000,92350.81,92377.5
2025-04-25 00:00:00.000 Z,  NRL/Sydney Roosters v St George/Illa Dragons,34226195,MATCH_ODDS,242707491,Head To Head,9199929,St George,LOSER,0,64,Sydney Roosters,v St George/Illa Dragons,28,46,18,2.06,2.08,31377.53,2,,41646.04,43110.35
2025-04-25 00:00:00.000 Z,  NRL/Sydney Roosters v St George/Illa Dragons,34226195,MATCH_ODDS,242707491,Head To Head,9287159,Sydney,WINNER,1,64,Sydney Roosters,v St George/Illa Dragons,28,46,18,1.92,1.94,51995.07,1.12,1.16,76009.27,100136.65
2025-04-25 00:00:00.000 Z,  NRL/New Zealand Warriors v Newcastle Knights,34226197,MATCH_ODDS,242706654,Head To Head,120186,NZ Warriors,WINNER,1,38,New Zealand Warriors,v Newcastle Knights,14,26,12,1.48,1.52,36950.82,1.04,1.08,55229.68,63427.8
2025-04-25 00:00:00.000 Z,  NRL/New Zealand Warriors v Newcastle Knights,34226197,MATCH_ODDS,242706654,Head To Head,24299,Newcastle,LOSER,0,38,New Zealand Warriors,v Newcastle Knights,14,26,12,2.88,3,15118.27,14,17,21624.03,22716.71
2025-04-25 00:00:00.000 Z,  NRL/Melbourne Storm v South Sydney Rabbitohs,34226199,MATCH_ODDS,242706467,Head To Head,24293,Melbourne,WINNER,1,40,Melbourne Storm,v South Sydney Rabbitohs,8,24,16,1.17,1.18,84639.93,1.24,1.28,100966.63,122610.64
2025-04-25 00:00:00.000 Z,  NRL/Melbourne Storm v South Sydney Rabbitohs,34226199,MATCH_ODDS,242706467,Head To Head,106243,South Sydney,LOSER,0,40,Melbourne Storm,v South Sydney Rabbitohs,8,24,16,6.6,6.8,8148.87,4.1,5,10727.79,11924.62
2025-04-26 00:00:00.000 Z,  NRL/North Queensland Cowboys v Gold Coast Titans,34226200,MATCH_ODDS,242706841,Head To Head,9096103,Gold Coast,LOSER,0,68,North Queensland Cowboys,v Gold Coast Titans,32,50,18,3.4,3.65,3988.82,1.7,1.85,8277.28,10148.77
2025-04-26 00:00:00.000 Z,  NRL/North Queensland Cowboys v Gold Coast Titans,34226200,MATCH_ODDS,242706841,Head To Head,9279689,North Qld,WINNER,1,68,North Queensland Cowboys,v Gold Coast Titans,32,50,18,1.38,1.39,50282.06,2,,79716.11,84795.02
2025-04-26 00:00:00.000 Z,  NRL/Penrith Panthers v Manly Sea Eagles,34226201,MATCH_ODDS,242707302,Head To Head,769777,Manly,WINNER,1,36,Penrith Panthers,v Manly Sea Eagles,-16,10,26,2.78,2.92,16568.92,1.11,1.16,33165.37,43325.7
2025-04-26 00:00:00.000 Z,  NRL/Penrith Panthers v Manly Sea Eagles,34226201,MATCH_ODDS,242707302,Head To Head,24289,Penrith,LOSER,0,36,Penrith Panthers,v Manly Sea Eagles,-16,10,26,1.52,1.53,31270.64,7,18.5,77015.34,79912.44
2025-04-27 00:00:00.000 Z,  NRL/Canberra Raiders v Dolphins,34226203,MATCH_ODDS,242706280,Head To Head,24298,Canberra,WINNER,1,68,Canberra Raiders,v Dolphins,12,40,28,1.52,1.54,30027.11,1.6,,40115.34,47166.82
2025-04-27 00:00:00.000 Z,  NRL/Canberra Raiders v Dolphins,34226203,MATCH_ODDS,242706280,Head To Head,50142049,Dolphins,LOSER,0,68,Canberra Raiders,v Dolphins,12,40,28,2.62,2.94,7654.44,1.22,1.33,12730.43,25597.1
2025-04-27 00:00:00.000 Z,  NRL/Wests Tigers v Cronulla Sharks,34226206,MATCH_ODDS,242707678,Head To Head,769776,Cronulla,LOSER,0,38,Wests Tigers,v Cronulla Sharks,2,20,18,1.58,1.59,19797.78,1.77,1.9,26660.23,34565.24
2025-04-27 00:00:00.000 Z,  NRL/Wests Tigers v Cronulla Sharks,34226206,MATCH_ODDS,242707678,Head To Head,140771,Wests Tigers,WINNER,1,38,Wests Tigers,v Cronulla Sharks,2,20,18,2.7,2.74,7549.01,2.16,2.5,10917.36,18081.8
2025-05-02 00:00:00.000 Z,  NRL/Cronulla Sharks v Parramatta Eels,34248634,MATCH_ODDS,242952618,Head To Head,769776,Cronulla,WINNER,1,46,Cronulla Sharks,v Parramatta Eels,10,28,18,1.43,1.46,86692.49,1.24,1.33,99498.12,105284.16
2025-05-02 00:00:00.000 Z,  NRL/Cronulla Sharks v Parramatta Eels,34248634,MATCH_ODDS,242952618,Head To Head,769771,Parramatta,LOSER,0,46,Cronulla Sharks,v Parramatta Eels,10,28,18,3.2,3.3,25409.85,4.1,18.5,27341.63,29067.66
2025-05-02 00:00:00.000 Z,  NRL/Sydney Roosters v Dolphins,34248638,MATCH_ODDS,242952805,Head To Head,50142049,Dolphins,LOSER,0,62,Sydney Roosters,v Dolphins,10,36,26,1.97,1.98,27456.48,2.9,,35662.47,38559.94
2025-05-02 00:00:00.000 Z,  NRL/Sydney Roosters v Dolphins,34248638,MATCH_ODDS,242952805,Head To Head,9287159,Sydney,WINNER,1,62,Sydney Roosters,v Dolphins,10,36,26,2.02,2.04,26494.06,1.21,1.55,46177.83,55476.86
2025-05-03 00:00:00.000 Z,  NRL/South Sydney Rabbitohs v Newcastle Knights,34248649,MATCH_ODDS,242953013,Head To Head,24299,Newcastle,WINNER,1,34,South Sydney Rabbitohs,v Newcastle Knights,-26,4,30,1.59,1.61,18932,1.05,1.1,24560.35,26782.61
2025-05-03 00:00:00.000 Z,  NRL/South Sydney Rabbitohs v Newcastle Knights,34248649,MATCH_ODDS,242953013,Head To Head,106243,South Sydney,LOSER,0,34,South Sydney Rabbitohs,v Newcastle Knights,-26,4,30,2.66,2.68,5391.86,2.2,,6922.34,7029.6
2025-05-03 00:00:00.000 Z,  NRL/New Zealand Warriors v North Queensland Cowboys,34248653,MATCH_ODDS,242953200,Head To Head,120186,NZ Warriors,WINNER,1,56,New Zealand Warriors,v North Queensland Cowboys,4,30,26,2.32,2.36,14382.78,1.27,1.4,18211.88,24483.98
2025-05-03 00:00:00.000 Z,  NRL/New Zealand Warriors v North Queensland Cowboys,34248653,MATCH_ODDS,242953200,Head To Head,9279689,North Qld,LOSER,0,56,New Zealand Warriors,v North Queensland Cowboys,4,30,26,1.74,1.75,11757.3,3.05,3.5,14133.79,16980.94
2025-05-03 00:00:00.000 Z,  NRL/Wests Tigers v St George/Illa Dragons,34248657,MATCH_ODDS,242967983,Head To Head,9199929,St George,LOSER,0,62,Wests Tigers,v St George/Illa Dragons,6,34,28,2.26,2.28,12658.96,3.05,36,13966.8,14565.42
2025-05-03 00:00:00.000 Z,  NRL/Wests Tigers v St George/Illa Dragons,34248657,MATCH_ODDS,242967983,Head To Head,140771,Wests Tigers,WINNER,1,62,Wests Tigers,v St George/Illa Dragons,6,34,28,1.79,1.8,31679.68,1.11,1.17,43172.89,51157.27
2025-05-04 00:00:00.000 Z,  NRL/Gold Coast Titans v Canterbury Bulldogs,34248668,MATCH_ODDS,242967747,Head To Head,5757972,Canterbury,WINNER,1,56,Gold Coast Titans,v Canterbury Bulldogs,-20,18,38,1.34,,61869.06,1.1,,67231.37,75936.42
2025-05-04 00:00:00.000 Z,  NRL/Gold Coast Titans v Canterbury Bulldogs,34248668,MATCH_ODDS,242967747,Head To Head,9096103,Gold Coast,LOSER,0,56,Gold Coast Titans,v Canterbury Bulldogs,-20,18,38,3.9,3.95,10318.87,4,,11173.34,11411.23
2025-05-04 00:00:00.000 Z,  NRL/Penrith Panthers v Brisbane Broncos,34248676,MATCH_ODDS,242967537,Head To Head,22832,Brisbane,LOSER,0,40,Penrith Panthers,v Brisbane Broncos,24,32,8,1.55,1.57,35759.93,3.7,3.75,46290.63,47580.54
2025-05-04 00:00:00.000 Z,  NRL/Penrith Panthers v Brisbane Broncos,34248676,MATCH_ODDS,242967537,Head To Head,24289,Penrith,WINNER,1,40,Penrith Panthers,v Brisbane Broncos,24,32,8,2.78,2.8,8835.89,1.31,1.41,13596.71,18606.15
2025-05-04 00:00:00.000 Z,  NRL/Melbourne Storm v Canberra Raiders,34248682,MATCH_ODDS,242967122,Head To Head,24298,Canberra,WINNER,1,38,Melbourne Storm,v Canberra Raiders,-2,18,20,2.9,3.25,16666.25,3.5,,19084.63,27640.4
2025-05-04 00:00:00.000 Z,  NRL/Melbourne Storm v Canberra Raiders,34248682,MATCH_ODDS,242967122,Head To Head,24293,Melbourne,LOSER,0,38,Melbourne Storm,v Canberra Raiders,-2,18,20,1.48,1.52,57797.07,1.38,1.4,77196.99,102946.23
2025-05-08 00:00:00.000 Z,  NRL/Parramatta Eels v Dolphins,34272083,MATCH_ODDS,243282615,Head To Head,50142049,Dolphins,WINNER,1,36,Parramatta Eels,v Dolphins,-4,16,20,2.12,2.18,39479.25,1.7,1.9,47320.3,60557.41
2025-05-08 00:00:00.000 Z,  NRL/Parramatta Eels v Dolphins,34272083,MATCH_ODDS,243282615,Head To Head,769771,Parramatta,LOSER,0,36,Parramatta Eels,v Dolphins,-4,16,20,1.85,1.88,33444.79,1.73,3,41703.91,48865.49
2025-05-09 00:00:00.000 Z,  NRL/Newcastle Knights v Gold Coast Titans,34272085,MATCH_ODDS,243282802,Head To Head,9096103,Gold Coast,WINNER,1,44,Newcastle Knights,v Gold Coast Titans,-4,20,24,3,3.1,14555.74,10,20,15981.44,27673.17
2025-05-09 00:00:00.000 Z,  NRL/Newcastle Knights v Gold Coast Titans,34272085,MATCH_ODDS,243282802,Head To Head,24299,Newcastle,LOSER,0,44,Newcastle Knights,v Gold Coast Titans,-4,20,24,1.48,1.49,42488.81,1.07,1.13,60362.2,68607.99
2025-05-09 00:00:00.000 Z,  NRL/South Sydney Rabbitohs v Brisbane Broncos,34272094,MATCH_ODDS,243282989,Head To Head,22832,Brisbane,LOSER,0,36,South Sydney Rabbitohs,v Brisbane Broncos,8,22,14,1.34,1.36,28423.98,1.09,1.1,41266.39,52469.47
2025-05-09 00:00:00.000 Z,  NRL/South Sydney Rabbitohs v Brisbane Broncos,34272094,MATCH_ODDS,243282989,Head To Head,106243,South Sydney,WINNER,1,36,South Sydney Rabbitohs,v Brisbane Broncos,8,22,14,3.8,3.9,9118.1,12,15,11894.05,17850.9
2025-05-10 00:00:00.000 Z,  NRL/Canberra Raiders v Canterbury Bulldogs,34272099,MATCH_ODDS,243283176,Head To Head,24298,Canberra,LOSER,0,52,Canberra Raiders,v Canterbury Bulldogs,-12,20,32,1.85,1.87,19430.02,1.05,1.09,33951.79,52837.34
2025-05-10 00:00:00.000 Z,  NRL/Canberra Raiders v Canterbury Bulldogs,34272099,MATCH_ODDS,243283176,Head To Head,5757972,Canterbury,WINNER,1,52,Canberra Raiders,v Canterbury Bulldogs,-12,20,32,2.16,2.18,9606.78,12.5,,16116.12,30186.65
2025-05-10 00:00:00.000 Z,  NRL/St George/Illa Dragons v New Zealand Warriors,34272105,MATCH_ODDS,243300870,Head To Head,120186,NZ Warriors,WINNER,1,29,St George/Illa Dragons,v New Zealand Warriors,-1,14,15,1.9,1.91,16867.75,1.26,1.29,26718.26,31620.2
2025-05-10 00:00:00.000 Z,  NRL/St George/Illa Dragons v New Zealand Warriors,34272105,MATCH_ODDS,243300870,Head To Head,9199929,St George,LOSER,0,29,St George/Illa Dragons,v New Zealand Warriors,-1,14,15,2.08,2.1,20380.53,3.6,,21942.64,24572.98
2025-05-10 00:00:00.000 Z,  NRL/North Queensland Cowboys v Penrith Panthers,34272116,MATCH_ODDS,243300683,Head To Head,9279689,North Qld,WINNER,1,60,North Queensland Cowboys,v Penrith Panthers,-0,30,30,2.72,2.74,9323.27,2.7,3.45,11167.55,17210.41
2025-05-10 00:00:00.000 Z,  NRL/North Queensland Cowboys v Penrith Panthers,34272116,MATCH_ODDS,243300683,Head To Head,24289,Penrith,WINNER,1,60,North Queensland Cowboys,v Penrith Panthers,-0,30,30,1.57,1.58,27362.69,1.3,1.45,37318.38,53526.65
2025-05-11 00:00:00.000 Z,  NRL/Melbourne Storm v Wests Tigers,34272126,MATCH_ODDS,243300496,Head To Head,24293,Melbourne,WINNER,1,64,Melbourne Storm,v Wests Tigers,51,57.5,6.5,1.2,1.21,36821.5,,1.01,49869.73,49869.73
2025-05-11 00:00:00.000 Z,  NRL/Melbourne Storm v Wests Tigers,34272126,MATCH_ODDS,243300496,Head To Head,140771,Wests Tigers,LOSER,0,64,Melbourne Storm,v Wests Tigers,51,57.5,6.5,5.8,5.9,3488.81,40,,3979.61,3979.61
2025-05-11 00:00:00.000 Z,  NRL/Manly Sea Eagles v Cronulla Sharks,34272141,MATCH_ODDS,243300308,Head To Head,769776,Cronulla,WINNER,1,44,Manly Sea Eagles,v Cronulla Sharks,-16,14,30,2.38,2.5,14416.22,1.11,1.28,24878.72,33722.69
2025-05-11 00:00:00.000 Z,  NRL/Manly Sea Eagles v Cronulla Sharks,34272141,MATCH_ODDS,243300308,Head To Head,769777,Manly,LOSER,0,44,Manly Sea Eagles,v Cronulla Sharks,-16,14,30,1.67,1.68,15744.44,6,,21198.29,24562.29
2025-05-16 00:00:00.000 Z,  NRL/Newcastle Knights v Parramatta Eels,34295958,MATCH_ODDS,243509323,Head To Head,24299,Newcastle,LOSER,0,34,Newcastle Knights,v Parramatta Eels,-22,6,28,2.08,2.1,36380.18,5.3,10,37901.39,38550.75
2025-05-16 00:00:00.000 Z,  NRL/Newcastle Knights v Parramatta Eels,34295958,MATCH_ODDS,243509323,Head To Head,769771,Parramatta,WINNER,1,34,Newcastle Knights,v Parramatta Eels,-22,6,28,1.91,1.92,60902.94,1.19,1.24,73555.5,80860.87
2025-05-16 00:00:00.000 Z,  NRL/Canterbury Bulldogs v Sydney Roosters,34295981,MATCH_ODDS,243509510,Head To Head,5757972,Canterbury,WINNER,1,44,Canterbury Bulldogs,v Sydney Roosters,4,24,20,1.52,1.53,53031.38,2.8,4,63102.17,76306.56
2025-05-16 00:00:00.000 Z,  NRL/Canterbury Bulldogs v Sydney Roosters,34295981,MATCH_ODDS,243509510,Head To Head,9287159,Sydney,LOSER,0,44,Canterbury Bulldogs,v Sydney Roosters,4,24,20,2.86,2.94,20147.68,1.36,1.55,26041.39,36384.9
2025-05-17 00:00:00.000 Z,  NRL/Dolphins v New Zealand Warriors,34295996,MATCH_ODDS,243509743,Head To Head,50142049,Dolphins,LOSER,0,28,Dolphins,v New Zealand Warriors,-4,12,16,2.16,2.18,21106.52,4,4.9,26760.72,28460.1
2025-05-17 00:00:00.000 Z,  NRL/Dolphins v New Zealand Warriors,34295996,MATCH_ODDS,243509743,Head To Head,120186,NZ Warriors,WINNER,1,28,Dolphins,v New Zealand Warriors,-4,12,16,1.84,1.94,21529.99,1.25,,31388.89,40794.74
2025-05-17 00:00:00.000 Z,  NRL/North Queensland Cowboys v Manly Sea Eagles,34295997,MATCH_ODDS,243509976,Head To Head,769777,Manly,WINNER,1,30,North Queensland Cowboys,v Manly Sea Eagles,-18,6,24,2.12,2.14,29917.62,2.68,,36576.91,47387.26
2025-05-17 00:00:00.000 Z,  NRL/North Queensland Cowboys v Manly Sea Eagles,34295997,MATCH_ODDS,243509976,Head To Head,9279689,North Qld,LOSER,0,30,North Queensland Cowboys,v Manly Sea Eagles,-18,6,24,1.88,1.89,39467.06,1.56,1.7,51384.09,56053.52
2025-05-17 00:00:00.000 Z,  NRL/Cronulla Sharks v Melbourne Storm,34295998,MATCH_ODDS,243637969,Head To Head,769776,Cronulla,WINNER,1,57,Cronulla Sharks,v Melbourne Storm,5,31,26,2.7,2.88,10170.17,1.25,1.45,17990.69,39528.95
2025-05-17 00:00:00.000 Z,  NRL/Cronulla Sharks v Melbourne Storm,34295998,MATCH_ODDS,243637969,Head To Head,24293,Melbourne,LOSER,0,57,Cronulla Sharks,v Melbourne Storm,5,31,26,1.53,1.54,67715.94,4,,80396.73,92180.47
2025-05-18 00:00:00.000 Z,  NRL/Brisbane Broncos v St George/Illa Dragons,34296002,MATCH_ODDS,243637775,Head To Head,22832,Brisbane,LOSER,0,56,Brisbane Broncos,v St George/Illa Dragons,-4,26,30,1.3,1.32,46006.48,1.12,1.15,55346.14,65769.53
2025-05-18 00:00:00.000 Z,  NRL/Brisbane Broncos v St George/Illa Dragons,34296002,MATCH_ODDS,243637775,Head To Head,9199929,St George,WINNER,1,56,Brisbane Broncos,v St George/Illa Dragons,-4,26,30,4.1,4.3,9396.3,7.6,,10226.22,25390.92
2025-05-18 00:00:00.000 Z,  NRL/Canberra Raiders v Gold Coast Titans,34296006,MATCH_ODDS,243637588,Head To Head,24298,Canberra,WINNER,1,64,Canberra Raiders,v Gold Coast Titans,16,40,24,1.34,1.36,68554.29,1.21,1.32,74874.6,81333.02
2025-05-18 00:00:00.000 Z,  NRL/Canberra Raiders v Gold Coast Titans,34296006,MATCH_ODDS,243637588,Head To Head,9096103,Gold Coast,LOSER,0,64,Canberra Raiders,v Gold Coast Titans,16,40,24,3.6,3.9,14582.67,2,8,18226.87,19495.81
2025-05-18 00:00:00.000 Z,  NRL/Wests Tigers v South Sydney Rabbitohs,34296009,MATCH_ODDS,243637389,Head To Head,106243,South Sydney,WINNER,1,34,Wests Tigers,v South Sydney Rabbitohs,-10,12,22,2.12,2.2,31681.86,1.3,1.56,45221.13,57808.77
2025-05-18 00:00:00.000 Z,  NRL/Wests Tigers v South Sydney Rabbitohs,34296009,MATCH_ODDS,243637389,Head To Head,140771,Wests Tigers,LOSER,0,34,Wests Tigers,v South Sydney Rabbitohs,-10,12,22,1.84,1.86,45366.6,2.44,,60707.52,65708.94
2025-05-22 00:00:00.000 Z,  NRL/Canterbury Bulldogs v Dolphins,34329916,MATCH_ODDS,243893138,Head To Head,5757972,Canterbury,LOSER,0,52,Canterbury Bulldogs,v Dolphins,-36,8,44,1.54,1.56,37602.45,1.7,3.2,51016.04,53769.96
2025-05-22 00:00:00.000 Z,  NRL/Canterbury Bulldogs v Dolphins,34329916,MATCH_ODDS,243893138,Head To Head,50142049,Dolphins,WINNER,1,52,Canterbury Bulldogs,v Dolphins,-36,8,44,2.78,2.9,22455.9,1.76,4.2,27184.57,33316.24
2025-05-23 00:00:00.000 Z,  NRL/Parramatta Eels v Manly Sea Eagles,34329928,MATCH_ODDS,243893347,Head To Head,769777,Manly,LOSER,0,40,Parramatta Eels,v Manly Sea Eagles,20,30,10,1.57,1.58,41726,2.1,2.32,47831.29,49540.89
2025-05-23 00:00:00.000 Z,  NRL/Parramatta Eels v Manly Sea Eagles,34329928,MATCH_ODDS,243893347,Head To Head,769771,Parramatta,WINNER,1,40,Parramatta Eels,v Manly Sea Eagles,20,30,10,2.74,2.78,26028.68,1.75,1.85,29557.16,35064.46
2025-05-24 00:00:00.000 Z,  NRL/Penrith Panthers v Newcastle Knights,34329930,MATCH_ODDS,243893534,Head To Head,24299,Newcastle,WINNER,1,31,Penrith Panthers,v Newcastle Knights,-19,6,25,2.58,2.6,14818.24,1.01,1.08,25452.01,28433.4
2025-05-24 00:00:00.000 Z,  NRL/Penrith Panthers v Newcastle Knights,34329930,MATCH_ODDS,243893534,Head To Head,24289,Penrith,LOSER,0,31,Penrith Panthers,v Newcastle Knights,-19,6,25,1.6,1.63,27898.41,13.5,,33369.87,33494.87
2025-05-24 00:00:00.000 Z,  NRL/Sydney Roosters v Cronulla Sharks,34329957,MATCH_ODDS,243893812,Head To Head,769776,Cronulla,LOSER,0,58,Sydney Roosters,v Cronulla Sharks,26,42,16,1.28,1.3,64971.24,2.1,9.6,93006.16,98966.64
2025-05-24 00:00:00.000 Z,  NRL/Sydney Roosters v Cronulla Sharks,34329957,MATCH_ODDS,243893812,Head To Head,9287159,Sydney,WINNER,1,58,Sydney Roosters,v Cronulla Sharks,26,42,16,4.5,4.7,12222.05,1.35,9.8,18955.47,45418.59
2025-05-25 00:00:00.000 Z,  NRL/New Zealand Warriors v Canberra Raiders,34329958,MATCH_ODDS,243894002,Head To Head,24298,Canberra,WINNER,1,26,New Zealand Warriors,v Canberra Raiders,-6,10,16,2.12,2.14,26898.78,2.1,2.1,33568.21,45910.31
2025-05-25 00:00:00.000 Z,  NRL/New Zealand Warriors v Canberra Raiders,34329958,MATCH_ODDS,243894002,Head To Head,120186,NZ Warriors,LOSER,0,26,New Zealand Warriors,v Canberra Raiders,-6,10,16,1.87,1.88,25811.34,1.86,1.98,45854.05,52040.01
