DATE,VENUE,tipster,market_id,selection_id,bet_type,bet_text,best_bet,SELECTION_NAME,WIN_LOSE,BSP,Tipster_Profit,Back_Profit,Lay_Profit
1/06/2023,Albion Park,Jaycin Campbell,214858034,55782526,Back,Back 7. Trooper Tears,2,Trooper Tears,0,1.89292648,-1,-1,1.11991303
1/06/2023,Albion Park,Jaycin Campbell,214858039,51053546,Lay,Lay 1. Custard Monelli,2,Custard Monelli,0,3.6,0.384615385,-1,0.384615385
1/06/2023,Albion Park,Jaycin Campbell,214858044,49914718,Back,Back 6. Pudding Monelli,1,Pudding Monelli,0,31.87579254,-1,-1,0.032387833
1/06/2023,Albion Park,Jaycin Campbell,214858064,51477811,Back,Back 2. All Spritzed Up,1,All Spritzed Up,0,2.70361424,-1,-1,0.586987345
1/06/2023,Echuca,Chris Camilleri,214827416,56576397,Back,Back 13. Tjaarda,1,Tjaarda,0,4.3,-1,-1,0.303030303
1/06/2023,Echuca,Jackson Oldham,214827416,56576397,Back,Back 13. Tjaarda,2,Tjaarda,0,4.3,-1,-1,0.303030303
1/06/2023,Echuca,Glenn Ingram,214827416,56576396,Back,Back 12. Our Red Morning,2,Our Red Morning,0,6.69914989,-1,-1,0.175464766
1/06/2023,Echuca,Betfair,214827422,56576401,Lay,Lay 3. Lucky Prize,1,Lucky Prize,0,3.18958479,0.456707593,-1,0.456707593
1/06/2023,Echuca,Jackson Oldham,214827446,56576425,Lay,Lay 10. Dancelittlesis,2,Dancelittlesister,0,5.75664339,0.210232283,-1,0.210232283
1/06/2023,Echuca,Chris Camilleri,214827446,56576425,Lay,Lay 10. Dancelittlesister,2,Dancelittlesister,0,5.75664339,0.210232283,-1,0.210232283
1/06/2023,Kilmore,Darren And Brett Carroll,214829581,2644095,Back,Back 8. Rockaway Beach,1,Rockaway Beach,0,4.3,-1,-1,0.303030303
1/06/2023,Kilmore,Darren And Brett Carroll,214829583,52273148,Lay,Lay 1. Im Rowdy,2,Im Rowdy,0,10.55484365,0.10465896,-1,0.10465896
1/06/2023,Kilmore,Darren And Brett Carroll,214829585,56528738,Back,Back 4. Kyvalley Michael,2,Kyvalley Michael,1,1.58,0.58,0.58,-1
1/06/2023,Kilmore,Darren And Brett Carroll,214829589,27290172,Back,Back 11. Dangerous,1,Dangerous,1,1.24428621,0.24428621,0.24428621,-1
1/06/2023,Kilmore,Darren And Brett Carroll,214829593,56528747,Back,Back 9. Our Princess Di,1,Our Princess Di,0,1.77259321,-1,-1,1.294342206
1/06/2023,Sandown Park,Michael Tye,214858191,50141595,Back,Back 2. Pepita,1,Pepita,0,1.26304379,-1,-1,3.801648387
1/06/2023,Sandown Park,Michael Tye,214858196,45280020,Back,Back 4. Bobby Axelrod,1,Bobby Axelrod,1,2.16,1.16,1.16,-1
1/06/2023,Sandown Park,Michael Tye,214858201,54139902,Back,Back 5. Rachaels Tears,1,Rachaels Tears,1,3.7,2.7,2.7,-1
1/06/2023,Sandown Park,Michael Tye,214858201,42464475,Lay,Lay 1. Zipping Eve,2,Zipping Eve,0,5.1425114,0.241399456,-1,0.241399456
1/06/2023,Sandown Park,Michael Tye,214858211,45461853,Back,Back 4. Scofflaw,2,Scofflaw,0,2.95369437,-1,-1,0.511850787
1/06/2023,Sandown Park,Michael Tye,214858221,56606731,Back,Back 4. Raven Owl,1,Raven Owl,0,11.5671772,-1,-1,0.094632652
1/06/2023,Sandown Park,Michael Tye,214858231,48934274,Back,Back 8. Big Energy,1,Big Energy,1,1.43558538,0.43558538,0.43558538,-1
1/06/2023,Wyong,Linton Chataway,214828764,50088122,Back,Back 3. Notabadone,2,Notabadone,1,2.32,1.32,1.32,-1
1/06/2023,Wyong,Linton Chataway,214828768,56576494,Lay,Lay 8. California Grass,2,California Grass,1,2.82,-1,1.82,-1
1/06/2023,Wyong,Linton Chataway,214828770,39359475,Back,Back 3. Star Impact,1,Star Impact,1,6.61208461,5.61208461,5.61208461,-1
1/06/2023,Wyong,Linton Chataway,214828776,9642216,Back,Back 6. Fire And Ice,1,Fire And Ice,1,2.17847963,1.17847963,1.17847963,-1
2/06/2023,Geelong,Michael Tye,214882726,56645742,Back,Back 7. Good Innings,1,Good Innings,1,4.6,3.6,3.6,-1
2/06/2023,Geelong,Michael Tye,214882741,50168835,Back,Back 1. Rex Mania,2,Rex Mania,0,1.85782999,-1,-1,1.165732152
2/06/2023,Geelong,Michael Tye,214882756,53642192,Back,Back 1. Shima Shadow,1,Shima Shadow,0,1.48,-1,-1,2.083333333
2/06/2023,Geelong,Michael Tye,214882771,48459123,Lay,Lay 2. Westar Commande,1,Westar Commander,1,1.51277499,-1,0.51277499,-1
2/06/2023,Geelong,Michael Tye,214882776,43328455,Lay,Lay 2. Viking Rebel,2,Viking Rebel,0,3.20028387,0.454486811,-1,0.454486811
2/06/2023,Gloucester Park,Scott Hill,214856926,39232242,Back,Back 7. Rock On Top,1,Rock On Top,0,12.77721905,-1,-1,0.084909688
2/06/2023,Gloucester Park,Scott Hill,214856929,28216443,Back,Back 10. The Code Breake,1,The Code Breaker,1,5.9,4.9,4.9,-1
2/06/2023,Gloucester Park,Scott Hill,214856932,42080323,Back,Back 1. Whos The Dad,1,Whos The Dad,0,1.35218332,-1,-1,2.839430329
2/06/2023,Gloucester Park,Scott Hill,214856935,42863309,Back,Back 5. Swingband,1,Swingband,1,1.7731083,0.7731083,0.7731083,-1
2/06/2023,Gloucester Park,Scott Hill,214856941,28551801,Back,Back 10. Otis,2,Otis,0,2.77603105,-1,-1,0.563053219
2/06/2023,Gloucester Park,Scott Hill,214856944,42770246,Back,Back 2. Jackie Daniels,1,Jackie Daniels,0,3.90132387,-1,-1,0.344670242
2/06/2023,Gloucester Park,Scott Hill,214856947,20505309,Back,Back 1. Sangue Reale,1,Sangue Reale,0,32.46707197,-1,-1,0.031779252
2/06/2023,Gloucester Park,Scott Hill,214856950,50512039,Back,Back 12. High Price,1,High Price,1,3.45196306,2.45196306,2.45196306,-1
2/06/2023,Gloucester Park,Scott Hill,214856953,56586226,Back,Back 5. Thelittle Master,1,Thelittle Master,1,1.33065631,0.33065631,0.33065631,-1
2/06/2023,Gloucester Park,Scott Hill,214856953,52285287,Lay,Lay 3. Thenu Came Along,1,Thenu Came Along,0,5.05915672,0.246356588,-1,0.246356588
2/06/2023,Pakenham,Glenn Ingram,214856776,56606121,Back,Back 5. Shakattak,1,Shakattak,1,2.7809688,1.7809688,1.7809688,-1
2/06/2023,Pakenham,Jackson Oldham,214856782,56606128,Lay,Lay 9. Bellawish,2,Bellawish,0,16.02348209,0.066562465,-1,0.066562465
2/06/2023,Pakenham,Jackson Oldham,214856794,43401140,Back,Back 2. Dodgy One,2,Dodgy One,1,5.44003101,4.44003101,4.44003101,-1
2/06/2023,Sunshine Coast,Betfair,214857301,38476678,Lay,Lay 2. La Amigo,1,La Amigo,0,6.51884757,0.181197249,-1,0.181197249
3/06/2023,Albion Park,Ryan Spice,214882045,50747205,Back,Back 11. Betterthan Pops,1,Betterthan Popsy,0,8,-1,-1,0.142857143
3/06/2023,Albion Park,Ryan Spice,214882048,635554,Back,Back 1. Port Au Prince,1,Port Au Prince,1,1.55,0.55,0.55,-1
3/06/2023,Albion Park,Ryan Spice,214882060,56577123,Back,Back 15. Turn It Up,1,Turn It Up,0,3.86774407,-1,-1,0.348706152
3/06/2023,Belmont,Terry Leighton,214878939,36701227,Back,Back 7. Dance Of The Sou,1,Dance Of The South,0,7.68613754,-1,-1,0.149563181
3/06/2023,Belmont,Terry Leighton,214878947,56253706,Back,Back 3. Dreamers Never Die,2,Dreamers Never Die,0,3.21635851,-1,-1,0.451190543
3/06/2023,Belmont,Terry Leighton,214878951,42088752,Back,Back 7. The Lady Is A Va,1,The Lady Is A Vamp,0,6.70096903,-1,-1,0.175408776
3/06/2023,Belmont,Terry Leighton,214878955,18529316,Back,Back 4. Position Of Powe,1,Position Of Power,0,40.85667223,-1,-1,0.025089902
3/06/2023,Belmont,Terry Leighton,214878959,28386222,Back,Back 4. Coolth,1,Coolth,0,15.04926178,-1,-1,0.071178117
3/06/2023,Belmont,Terry Leighton,214878963,56606526,Back,Back 7. Bitofmerit,1,Bitofmerit,0,2.2897798,-1,-1,0.775326145
3/06/2023,Belmont,Terry Leighton,214878963,47179205,Back,Back 5. Real Danger,1,Real Danger,1,4.10991364,3.10991364,3.10991364,-1
3/06/2023,Belmont,Terry Leighton,214878967,47413441,Back,Back 5. Nunes,1,Nunes,0,3.95478423,-1,-1,0.338434187
3/06/2023,Belmont,Terry Leighton,214878971,26298199,Back,Back 10. Hint Of Mint,1,Hint Of Mint,0,11.5,-1,-1,0.095238095
3/06/2023,Belmont,Terry Leighton,214878975,56606532,Back,Back 10. Bonjoy,1,Bonjoy,0,10.80494015,-1,-1,0.101989404
3/06/2023,Belmont,Terry Leighton,214878979,50311141,Back,Back 5. Swear To God,1,Swear To God,0,14.15714787,-1,-1,0.076004314
3/06/2023,Cannington,Jaycin Campbell,214917012,56407356,Back,Back 1. Curates Egg,2,Curates Egg,0,2.04,-1,-1,0.961538462
3/06/2023,Cannington,Jaycin Campbell,214917017,56127040,Lay,Lay 1. Minyong,2,Minyong,0,5.15619066,0.240604939,-1,0.240604939
3/06/2023,Cannington,Jaycin Campbell,214917027,44736488,Back,Back 1. Sunnyside Boy,1,Sunnyside Boy,0,1.65,-1,-1,1.538461538
3/06/2023,Eagle Farm,Shane Ciurleo,214856990,56606313,Back,Back 14. Claim The Crown,1,Claim The Crown,0,6.44304733,-1,-1,0.183720614
3/06/2023,Eagle Farm,Shane Ciurleo,214856994,47841863,Back,Back 3. Legal Esprit,1,Legal Esprit,1,3.83335645,2.83335645,2.83335645,-1
3/06/2023,Eagle Farm,Shane Ciurleo,214856994,45348581,Back,Back 8. Perseids,1,Perseids,0,12.5,-1,-1,0.086956522
3/06/2023,Eagle Farm,Tom Haylock,214856998,56606323,Back,Back 9. Rubiquitous,1,Rubiquitous,0,4.22146259,-1,-1,0.310418008
3/06/2023,Eagle Farm,Shane Ciurleo,214856998,1026010,Back,Back 8. Petronius,1,Petronius,1,9.8,8.8,8.8,-1
3/06/2023,Eagle Farm,Tom Haylock,214856998,37753914,Back,Back 10. Red Rubi,1,Red Rubi,0,29.96320111,-1,-1,0.03452657
3/06/2023,Eagle Farm,Tom Haylock,214857002,41552498,Back,Back 2. Foxy Frida,1,Foxy Frida,1,2.3,1.3,1.3,-1
3/06/2023,Eagle Farm,Tom Haylock,214857002,45489159,Back,Back 3. Thalassophile,1,Thalassophile,0,10.23671417,-1,-1,0.108263608
3/06/2023,Eagle Farm,Barry Cook,214857002,41552498,Lay,Lay 2. Foxy Frida,2,Foxy Frida,1,2.3,-1,1.3,-1
3/06/2023,Eagle Farm,Norm Oke,214857002,41552498,Lay,Lay 2. Foxy Frida,2,Foxy Frida,1,2.3,-1,1.3,-1
3/06/2023,Eagle Farm,Shane Ciurleo,214857006,44011987,Back,Back 3. Military Expert,2,Military Expert,0,3.36077621,-1,-1,0.423589494
3/06/2023,Eagle Farm,Tom Haylock,214857006,23200151,Back,Back 2. Vinco,1,Vinco,0,13.5,-1,-1,0.08
3/06/2023,Eagle Farm,Tom Haylock,214857010,43527421,Back,Back 2. Prince Of Boom,1,Prince Of Boom,1,3.07244,2.07244,2.07244,-1
3/06/2023,Eagle Farm,Tom Haylock,214857010,78610,Back,Back 4. Quantico,1,Quantico,0,3.83470671,-1,-1,0.352770181
3/06/2023,Eagle Farm,Shane Ciurleo,214857010,44186112,Back,Back 11. Clemenceau,1,Clemenceau,0,5.5,-1,-1,0.222222222
3/06/2023,Eagle Farm,Tom Haylock,214857014,56576465,Back,Back 2. Affaire A Suivre,1,Affaire A Suivre,0,7.00984104,-1,-1,0.166393752
3/06/2023,Eagle Farm,Tom Haylock,214857014,55206004,Back,Back 12. Proscenium Arch,1,Proscenium Arch,0,11,-1,-1,0.1
3/06/2023,Eagle Farm,Shane Ciurleo,214857014,48615072,Back,Back 6. Noah N A Deel,1,Noah N A Deel,0,34.00916353,-1,-1,0.030294618
3/06/2023,Eagle Farm,Tom Haylock,214857018,4143271,Back,Back 1. Brereton,1,Brereton,0,25.93887292,-1,-1,0.040098043
3/06/2023,Eagle Farm,Tom Haylock,214857018,56606335,Back,Back 14. Ghaanati,1,Ghaanati,0,28.05533768,-1,-1,0.036961283
3/06/2023,Eagle Farm,Shane Ciurleo,214857018,49977747,Lay,Lay 2. Golden Boom,2,Golden Boom,0,3.26715615,0.44108122,-1,0.44108122
3/06/2023,Eagle Farm,Tom Haylock,214857018,56606333,Lay,Lay 12. Red Card,1,Red Card,1,3.91858011,-1,2.91858011,-1
3/06/2023,Eagle Farm,Anthony Jupp,214857019,55782002,Lay,Lay 18. Written In Cod,2,Written In Code,0,2.02,0.980392157,-1,0.980392157
3/06/2023,Epsom,Rory Flanagan,214869254,16798060,Back,Back Hukum,1,Hukum,1,2.75,1.75,1.75,-1
3/06/2023,Epsom,Tom Haylock,214869254,16798060,Back,Back Hukum,1,Hukum,1,2.75,1.75,1.75,-1
3/06/2023,Epsom,Rory Flanagan,214890181,48185037,Back,Back Kolsai,2,Kolsai,0,4.1,-1,-1,0.322580645
3/06/2023,Epsom,Rory Flanagan,214890181,18416803,Back,Back Maries Diamond,1,Maries Diamond,0,7.24875473,-1,-1,0.160031885
3/06/2023,Epsom,Rory Flanagan,214890188,48918331,Back,Back Military Order,1,Military Order,0,6.34785128,-1,-1,0.186990989
3/06/2023,Epsom,Rory Flanagan,214890188,45501362,Back,Back Auguste Rodin,1,Auguste Rodin,1,6.39592411,5.39592411,5.39592411,-1
3/06/2023,Epsom,Rory Flanagan,214890188,6030612,Back,Back Passenger,1,Passenger,0,11.20471707,-1,-1,0.097993898
3/06/2023,Epsom,Rory Flanagan,214890194,13435199,Back,Back Shaara,1,Shaara,0,9.2,-1,-1,0.12195122
3/06/2023,Epsom,Rory Flanagan,214890201,932474,Back,Back Estate,1,Estate,0,6.4646542,-1,-1,0.182994196
3/06/2023,Epsom,Rory Flanagan,214890201,46478384,Back,Back Can To Can,1,Can To Can,0,10.78509153,-1,-1,0.102196285
3/06/2023,Epsom,Rory Flanagan,214890201,44148974,Back,Back Zuffolo,1,Zuffolo,0,26,-1,-1,0.04
3/06/2023,Epsom,Rory Flanagan,214890225,40830372,Back,Back Caius Chorister,1,Caius Chorister,0,3.43423274,-1,-1,0.410807062
3/06/2023,Epsom,Rory Flanagan,214890225,13174572,Back,Back Scampi,1,Scampi,0,4.5,-1,-1,0.285714286
3/06/2023,Flemington,Jonathan Walsh,214857023,5294416,Lay,Lay 1. Codigo,2,Codigo,0,3.20269897,0.453988499,-1,0.453988499
3/06/2023,Flemington,Jackson Oldham,214857032,56606233,Back,Back 3. Daguilar,1,Daguilar,0,4.807172,-1,-1,0.262662154
3/06/2023,Flemington,Bella Anderson,214857032,15966380,Back,Back 8. The Good Fight,1,The Good Fight,0,9.26829946,-1,-1,0.120943854
3/06/2023,Flemington,Ray Swannie,214857032,56606233,Lay,Lay 3. Daguilar,2,Daguilar,0,4.807172,0.262662154,-1,0.262662154
3/06/2023,Flemington,Bella Anderson,214857041,48048551,Back,Back 3. Party For One,1,Party For One,1,2.62461549,1.62461549,1.62461549,-1
3/06/2023,Flemington,Jackson Oldham,214857041,52436052,Back,Back 5. Rumbled Again,1,Rumbled Again,0,16.73551223,-1,-1,0.063550521
3/06/2023,Flemington,Jackson Oldham,214857050,56606246,Back,Back 9. Legio Ten,1,Legio Ten,1,3.45,2.45,2.45,-1
3/06/2023,Flemington,Tom Haylock,214857050,50478267,Back,Back 2. Midtown Boss,1,Midtown Boss,0,4.72069547,-1,-1,0.268766957
3/06/2023,Flemington,Jackson Oldham,214857068,56606258,Back,Back 4. Grey River,2,Grey River,0,3.22214499,-1,-1,0.45001564
3/06/2023,Flemington,Tom Haylock,214857077,56606275,Back,Back 14. Shaiyhar,2,Shaiyhar,1,3.59138102,2.59138102,2.59138102,-1
3/06/2023,Flemington,Tom Haylock,214857077,25162221,Back,Back 5. Blue Cup,1,Blue Cup,0,15.54040953,-1,-1,0.068773854
3/06/2023,Flemington,Tom Haylock,214857077,56606276,Lay,Lay 15. Silent Surrent,1,Silent Surrente,0,5.13935421,0.241583578,-1,0.241583578
3/06/2023,Flemington,Jackson Oldham,214857077,56606276,Lay,Lay 15. Silent Surrente,2,Silent Surrente,0,5.13935421,0.241583578,-1,0.241583578
3/06/2023,Flemington,Jackson Oldham,214857086,915531,Back,Back 7. Jimmy The Bear,1,Jimmy The Bear,0,6.22777048,-1,-1,0.191286133
3/06/2023,Flemington,Tom Haylock,214857086,27615379,Back,Back 8. Morvada,1,Morvada,0,10.6814651,-1,-1,0.103290152
3/06/2023,Flemington,Tom Haylock,214857086,2282418,Back,Back 4. Charterhouse,1,Charterhouse,0,13.96285892,-1,-1,0.077143476
3/06/2023,Flemington,Tom Haylock,214857086,45541891,Back,Back 11. Bullfinch,1,Bullfinch,0,55,-1,-1,0.018518519
3/06/2023,Morphettville,Lachlan Mosley,214856843,41664250,Back,Back 5. Pudding,2,Pudding,1,2.08,1.08,1.08,-1
3/06/2023,Morphettville,Curly Seal,214856843,41664250,Lay,Lay 5. Pudding,2,Pudding,1,2.08,-1,1.08,-1
3/06/2023,Morphettville,Steve Walters,214856844,56606161,Lay,Lay 2. Cashin Chex,2,Cashin Chex,0,1.69,1.449275362,-1,1.449275362
3/06/2023,Morphettville,Lachlan Mosley,214856849,41574405,Lay,Lay 5. Rodeo,2,Rodeo,0,5.00686661,0.249571572,-1,0.249571572
3/06/2023,Morphettville,Lachlan Mosley,214856861,28309743,Back,Back 3. Azaly,1,Azaly,0,1.64833551,-1,-1,1.542411274
3/06/2023,Morphettville,Lachlan Mosley,214856867,2422610,Back,Back 2. Peacemaker,1,Peacemaker,0,5.7,-1,-1,0.212765957
3/06/2023,Rosehill,Dave Dwyer,214857208,56606352,Lay,Lay 8. Tutta La Vita,2,Tutta La Vita,0,1.76899691,1.300395342,-1,1.300395342
3/06/2023,Rosehill,Linton Chataway,214857208,4507301,Lay,Lay 7. Stand Aside,2,Stand Aside,0,5.8,0.208333333,-1,0.208333333
3/06/2023,Rosehill,Linton Chataway,214857212,56606357,Back,Back 10. Maximum Vortex,1,Maximum Vortex,0,6.75933805,-1,-1,0.173631065
3/06/2023,Rosehill,Linton Chataway,214857224,56606370,Back,Back 1. Grebeni,1,Grebeni,1,4.98760067,3.98760067,3.98760067,-1
3/06/2023,Rosehill,Linton Chataway,214857224,55818515,Back,Back 6. Okataina,1,Okataina,0,12.91062335,-1,-1,0.083958662
3/06/2023,Rosehill,Linton Chataway,214857228,38109968,Back,Back 2. Spirit Ridge,2,Spirit Ridge,0,12,-1,-1,0.090909091
3/06/2023,Rosehill,Linton Chataway,214857244,56606390,Back,Back 10. Tsarina Sophia,1,Tsarina Sophia,0,14.79015623,-1,-1,0.072515495
4/06/2023,Chantilly,Rory Flanagan,214922081,55496028,Back,Back Dance Sioux,1,Dance Sioux,0,4.4,-1,-1,0.294117647
4/06/2023,Chantilly,Rory Flanagan,214922081,5707866,Back,Back The Fixer,1,The Fixer,1,5.2,4.2,4.2,0.238095238
4/06/2023,Chantilly,Rory Flanagan,214922087,47672165,Back,Back Continuous,1,Continuous,0,4.9,-1,-1,0.256410256
4/06/2023,Chantilly,Rory Flanagan,214922087,44149060,Back,Back American Flag,1,American Flag,0,13,-1,-1,0.083333333
4/06/2023,Chantilly,Rory Flanagan,214922089,38568,Back,Back Sauterne,1,Sauterne,0,3.4,-1,-1,0.416666667
4/06/2023,Chantilly,Rory Flanagan,214922089,16066180,Back,Back Paz,1,Paz,0,7.3,-1,-1,0.158730159
4/06/2023,Chantilly,Rory Flanagan,214922089,47281866,Back,Back Spirit Gal,1,Spirit Gal,0,10,-1,-1,0.111111111
4/06/2023,Chantilly,Rory Flanagan,214922091,13054043,Back,Back Boogie Woogie,2,Boogie Woogie,0,1.6,-1,-1,1.666666667
4/06/2023,Chantilly,Rory Flanagan,214922091,50911484,Back,Back French Bob,1,French Bob,0,5.6,-1,-1,0.217391304
4/06/2023,Chantilly,Rory Flanagan,214922093,11228678,Back,Back Pillow Talk,1,Pillow Talk,0,6.2,-1,-1,0.192307692
4/06/2023,Chantilly,Rory Flanagan,214922095,39381892,Back,Back Get Ahead,1,Get Ahead,0,7.3,-1,-1,0.158730159
4/06/2023,Chantilly,Rory Flanagan,214922095,14144037,Back,Back Forza Capitano,1,Forza Capitano,0,14,-1,-1,0.076923077
4/06/2023,Geelong,Chris Camilleri,214913635,56645412,Lay,Lay 14. Just Press Send,2,Just Press Send,0,3.45,0.408163265,-1,0.408163265
4/06/2023,Geelong,Betfair,214913635,56645411,Lay,Lay 13. Hellara,1,Hellara,0,4.7,0.27027027,-1,0.27027027
4/06/2023,Geelong,Chris Camilleri,214913639,48872297,Back,Back 1. Any Zouwilldo,1,Any Zouwilldo,1,3.15,2.15,2.15,-1
4/06/2023,Geelong,Chris Camilleri,214913651,43817162,Back,Back 1. Barretta,2,Barretta,0,6.8,-1,-1,0.172413793
4/06/2023,Geelong,Chris Camilleri,214913663,53486510,Back,Back 10. Katering,1,Katering,0,8.52583408,-1,-1,0.132875637
4/06/2023,Hobart,Jamie Cockshutt,214916422,36241751,Back,Back 6. Boom,1,Boom,1,3.36580045,2.36580045,2.36580045,-1
4/06/2023,Hobart,Jamie Cockshutt,214916424,19651121,Back,Back 1. Rock On Playboy,1,Rock On Playboy,0,7.39408934,-1,-1,0.156394437
4/06/2023,Hobart,Jamie Cockshutt,214916424,27194102,Back,Back 4. Smooth Deal,1,Smooth Deal,0,21.40504633,-1,-1,0.049007485
4/06/2023,Hobart,Jamie Cockshutt,214916426,820623,Back,Back 6. Neon,1,Neon,0,2.2706554,-1,-1,0.786995436
4/06/2023,Hobart,Jamie Cockshutt,214916428,47416149,Back,Back 2. Karalta Artemis,1,Karalta Artemis,0,1.75192661,-1,-1,1.329917025
4/06/2023,Hobart,Jamie Cockshutt,214916430,56577919,Back,Back 8. Moth Hunter,1,Moth Hunter,0,3.90547761,-1,-1,0.344177493
4/06/2023,Hobart,Jamie Cockshutt,214916430,54405590,Back,Back 10. Spooky Girl,1,Spooky Girl,1,4.94268168,3.94268168,3.94268168,-1
4/06/2023,Hobart,Jamie Cockshutt,214916432,44759086,Back,Back 9. Mucho Mover,1,Mucho Mover,0,5.43187127,-1,-1,0.225638323
4/06/2023,Hobart,Jamie Cockshutt,214916434,38619026,Back,Back 1. Last Of The Mohi,2,Last Of The Mohicans,0,1.50223901,-1,-1,1.991083887
4/06/2023,Hobart,Jamie Cockshutt,214916436,22126317,Back,Back 11. Mach Angelo,1,Mach Angelo,0,8.4,-1,-1,0.135135135
4/06/2023,Hobart,Jamie Cockshutt,214916436,21754314,Back,Back 8. Spot On,1,Spot On,0,13,-1,-1,0.083333333
4/06/2023,Hobart,Jamie Cockshutt,214916438,22457914,Back,Back 1. Buster William,1,Buster William,1,2.77483078,1.77483078,1.77483078,-1
5/06/2023,Ballarat,Glenn Ingram,214917052,56126829,Back,Back 1. Comb Over Con,1,Comb Over Con,0,2.31381129,-1,-1,0.761144319
5/06/2023,Ballarat,Michael Tye,214973932,56768988,Back,Back 7. Dutch Riot,1,Dutch Riot,1,2.30084072,1.30084072,1.30084072,-1
5/06/2023,Ballarat,Michael Tye,214973947,38074519,Back,Back 8. Ice Star,2,Ice Star,0,7.77850994,-1,-1,0.147525047
5/06/2023,Ballarat,Michael Tye,214973952,50088560,Back,Back 3. Cookie Bale,1,Cookie Bale,0,19,-1,-1,0.055555556
5/06/2023,Ballarat,Michael Tye,214973957,52771328,Back,Back 1. Aston Michigan,1,Aston Michigan,1,2.48,1.48,1.48,-1
5/06/2023,Ballarat,Michael Tye,214973962,51595246,Lay,Lay 1. Blue Scotch Boy,2,Blue Scotch Boy,0,6.41953817,0.184517567,-1,0.184517567
5/06/2023,Ballarat,Michael Tye,214973977,47077652,Lay,Lay 4. Thing One,1,Thing One,0,13.42821422,0.080462083,-1,0.080462083
5/06/2023,Yarra Valley,Darren And Brett Carroll,214942130,39820905,Back,Back 5. Gardena Ronda,1,Gardena Ronda,0,2.67890969,-1,-1,0.595624652
5/06/2023,Yarra Valley,Darren And Brett Carroll,214942132,54936744,Lay,Lay 6. Whos Watching Lily,2,Whos Watching Lily,0,6.2,0.192307692,-1,0.192307692
5/06/2023,Yarra Valley,Darren And Brett Carroll,214942138,56646111,Back,Back 1. Dukes Choice,2,Dukes Choice,0,2.04,-1,-1,0.961538462
6/06/2023,Albion Park,Ryan Spice,214972901,56685518,Lay,Lay 2. Hatties Jewel,2,2. Hatties Jewel,0,28.68,0.036127168,-1,0.036127168
6/06/2023,Albion Park,Ryan Spice,214972907,56685526,Back,Back 11. Bold Medley Juj,2,11. Bold Medley Jujon,1,2.83,1.83,1.83,-1
6/06/2023,Globe Derby,Mark Lawrence,214972915,48638409,Back,Back 9. Aintsobad,2,9. Aintsobad,1,2.71,1.71,1.71,-1
6/06/2023,Globe Derby,Mark Lawrence,214972923,17647638,Lay,Lay 7. Pay Me Interest,1,7. Pay Me Interest,0,3.87,0.348432056,-1,0.348432056
6/06/2023,Globe Derby,Mark Lawrence,214972923,6800525,Lay,Lay 1. Freedom Writer,1,1. Freedom Writer,0,5.67,0.214132762,-1,0.214132762
6/06/2023,Gloucester Park,Scott Hill,214975580,5096738,Back,Back 3. Amadeo,2,3. Amadeo,0,2.66,-1,-1,0.602409639
6/06/2023,Gloucester Park,Scott Hill,214975583,17550332,Back,Back 7. Fireplay,1,7. Fireplay,0,8.26,-1,-1,0.137741047
6/06/2023,Gloucester Park,Scott Hill,214975586,28727620,Back,Back 1. Alfa Prince,1,1. Alfa Prince,1,1.98,0.98,0.98,-1
6/06/2023,Gloucester Park,Scott Hill,214975589,45580901,Back,Back 3. Ima Tiny Dancer,1,3. Ima Tiny Dancer,0,2.4,-1,-1,0.714285714
6/06/2023,Gloucester Park,Scott Hill,214975589,56646340,Lay,Lay 9. Rocknroll Ralph,1,9. Rocknroll Ralph,0,3.87,0.348432056,-1,0.348432056
6/06/2023,Gloucester Park,Scott Hill,214975599,3439870,Back,Back 2. Ashima,1,2. Ashima,0,4.25,-1,-1,0.307692308
6/06/2023,Seymour,Jackson Oldham,214973993,56016730,Back,Back 4. Last Ditch Effort,2,4. Last Ditch Effort,0,3,-1,-1,0.5
6/06/2023,Seymour,Jackson Oldham,214974005,56685267,Lay,Lay 2. Devoted Poet,2,2. Devoted Poet,0,6,0.2,-1,0.2
6/06/2023,Seymour,Jackson Oldham,214974013,56685291,Back,Back 14. Super Solar,1,14. Super Solar,0,6.8,-1,-1,0.172413793
6/06/2023,Seymour,Betfair,214974021,52467046,Lay,Lay 11. Sareem Doro,1,11. Sareem Doro,0,3.51,0.398406375,-1,0.398406375
6/06/2023,Shepparton,Darren And Brett Carroll,214972426,56016219,Back,Back 3. My Four Sisters,1,3. My Four Sisters,0,2.45,-1,-1,0.689655172
6/06/2023,Shepparton,Darren And Brett Carroll,214972433,40272106,Back,Back 1. Prickle Patch,1,1. Prickle Patch,1,1.66,0.66,0.66,-1
6/06/2023,Shepparton,Darren And Brett Carroll,214972436,40508943,Lay,Lay 9. Dalvey Robyn,2,9. Dalvey Robyn,0,6.9,0.169491525,-1,0.169491525
6/06/2023,Shepparton,Darren And Brett Carroll,214972440,45967765,Back,Back 3. Country Rockstar,1,3. Country Rockstar,0,3.88,-1,-1,0.347222222
6/06/2023,Shepparton,Darren And Brett Carroll,214972442,7200762,Back,Back 11. Amber Alert,1,11. Amber Alert,0,9.3,-1,-1,0.120481928
6/06/2023,Shepparton,Darren And Brett Carroll,214972444,39905426,Back,Back 1. Boak,2,1. Boak,1,2.62,1.62,1.62,-1
7/06/2023,Belmont,Daniel Cripps,214998395,3403445,Lay,Lay 7. Comic Hero,2,Comic Hero,0,4.4622303,0.288831162,-1,0.288831162
7/06/2023,Canterbury,Gareth Phillips,214998369,56807270,Lay,Lay 2. Commemorative,2,Commemorative,1,1.64087357,-1,0.64087357,-1
7/06/2023,Canterbury,Marc Lambourne,214998369,56807270,Lay,Lay 2. Commemorative,2,Commemorative,1,1.64087357,-1,0.64087357,-1
7/06/2023,Canterbury,Linton Chataway,214998369,56253424,Lay,Lay 7. Wezza,2,Wezza,0,16,0.066666667,-1,0.066666667
7/06/2023,Canterbury,The Analyst,214998369,56253424,Lay,Lay 7. Wezza,2,Wezza,0,16,0.066666667,-1,0.066666667
7/06/2023,Canterbury,Linton Chataway,214998373,56807276,Back,Back 3. Gently Rolled,1,Gently Rolled,0,21,-1,-1,0.05
7/06/2023,Canterbury,Linton Chataway,214998381,42482863,Back,Back 3. Flashing Steel,2,Flashing Steel,1,2.2070027,1.2070027,1.2070027,-1
7/06/2023,Canterbury,The Analyst,214998381,42482863,Back,Back 3. Flashing Steel,2,Flashing Steel,1,2.2070027,1.2070027,1.2070027,-1
7/06/2023,Canterbury,Linton Chataway,214998393,56807295,Back,Back 3. Manbehindthemone,1,Manbehindthemoney,1,3.31955106,2.31955106,2.31955106,-1
7/06/2023,Canterbury,Linton Chataway,214998393,44735326,Back,Back 6. Queenmaker,1,Queenmaker,0,3.56642111,-1,-1,0.389647668
7/06/2023,Doomben,Shane Ciurleo,214995611,56807237,Lay,Lay 5. Fiery Ring,2,Fiery Ring,0,7.4,0.15625,-1,0.15625
7/06/2023,Doomben,The Analyst,214995611,56807237,Lay,Lay 5. Fiery Ring,2,Fiery Ring,0,7.4,0.15625,-1,0.15625
7/06/2023,Doomben,Shane Ciurleo,214995623,40421835,Back,Back 2. Eaglemont,2,Eaglemont,0,2.14,-1,-1,0.877192982
7/06/2023,Doomben,The Analyst,214995623,40421835,Back,Back 2. Eaglemont,2,Eaglemont,0,2.14,-1,-1,0.877192982
7/06/2023,Doomben,Shane Ciurleo,214995635,44966412,Back,Back 9. Ravaged Award,1,Ravaged Award,1,1.68,0.68,0.68,-1
7/06/2023,Gawler,Lachlan Mosley,214995668,51636230,Back,Back 4. Africarn Lad,1,Africarn Lad,0,3.17798171,-1,-1,0.459140678
7/06/2023,Gawler,Lachlan Mosley,214995680,56807393,Back,Back 4. Big Shaq,2,Big Shaq,1,3.85,2.85,2.85,-1
7/06/2023,Gawler,The Analyst,214995680,56807393,Back,Back 4. Big Shaq,2,Big Shaq,1,3.85,2.85,2.85,-1
7/06/2023,Gawler,Lachlan Mosley,214995698,45896990,Back,Back 7. Verzenay,1,Verzenay,0,5.84383846,-1,-1,0.206447843
7/06/2023,Sale,Punters.Com.Au,214996432,48426494,Lay,Lay 7. Queen Of The Gr,2,Queen Of The Green,0,2.82062837,0.549260913,-1,0.549260913
7/06/2023,Sale,The Analyst,214996432,48426494,Lay,Lay 7. Queen Of The Gr,2,Queen Of The Green,0,2.82062837,0.549260913,-1,0.549260913
7/06/2023,Sale,Jackson Oldham,214996432,48426494,Lay,Lay 7. Queen Of The Green,2,Queen Of The Green,0,2.82062837,0.549260913,-1,0.549260913
7/06/2023,Sale,Glenn Ingram,214996438,47039022,Back,Back 5. Cru Classe,1,Cru Classe,0,4.1721845,-1,-1,0.315240176
7/06/2023,Sale,Cam O'Brien,214996439,37261826,Lay,Lay 4. Adonis Kick,2,Adonis Kick,0,1.71,1.408450704,-1,1.408450704
7/06/2023,Sale,Trevor Lawson,214996444,46809178,Lay,Lay 4. Remigius,2,Remigius,0,4.96272678,0.252351488,-1,0.252351488
7/06/2023,Sale,Chris Camilleri,214996445,51918232,Lay,Lay 5. Lavish Thinker,2,Lavish Thinker,0,2.9,0.526315789,-1,0.526315789
7/06/2023,Sale,Kingsley From Wolfden,214996445,51918232,Lay,Lay 5. Lavish Thinker,2,Lavish Thinker,0,2.9,0.526315789,-1,0.526315789
7/06/2023,Sale,Jackson Oldham,214996450,9394309,Back,Back 7. King Neptune,2,King Neptune,0,2.69758692,-1,-1,0.589071457
7/06/2023,Sale,The Analyst,214996450,9394309,Back,Back 7. King Neptune,2,King Neptune,0,2.69758692,-1,-1,0.589071457
7/06/2023,Warrnambool,Michael Tye,215030953,56838298,Back,Back 6. May Race Katie,1,May Race Katie,0,2.64593404,-1,-1,0.607557761
7/06/2023,Warrnambool,Michael Tye,215030963,53613494,Lay,Lay 1. Lanzer Bale,2,Lanzer Bale,0,2.53212728,0.652687288,-1,0.652687288
7/06/2023,Warrnambool,Michael Tye,215030968,51685793,Back,Back 1. Exothermic,1,Exothermic,1,2.50236037,1.50236037,1.50236037,-1
7/06/2023,Warrnambool,Michael Tye,215030983,42483589,Back,Back 1. Zella Bale,2,Zella Bale,1,1.64180876,0.64180876,0.64180876,-1
7/06/2023,Warrnambool,Michael Tye,215030993,51178766,Back,Back 7. Whizbang Gordon,1,Whizbang Gordon,0,12.12367694,-1,-1,0.089898332
9/06/2023,Swan Hill,Jonathan Walsh,215061937,56872996,Lay,Lay 11. Rose Ring,2,11. Rose Ring,1,3.3,-1,2.3,-1
10/06/2023,Albion Park,Ryan Spice,215070126,38989457,Lay,Lay 6. Bonnie Prince L,2,Bonnie Prince Louis,0,9.50504538,0.117577268,-1,0.117577268
10/06/2023,Albion Park,Ryan Spice,215070132,43637995,Back,Back 8. Mo Szyslak,1,Mo Szyslak,1,4.89372959,3.89372959,3.89372959,-1
10/06/2023,Albion Park,Ryan Spice,215070153,21051083,Back,Back 7. Adelle,2,Adelle,0,2.16649063,-1,-1,0.85727221
10/06/2023,Belmont,Barry Cook,215065606,27694454,Lay,Lay 1. Dom To Shoot,2,Dom To Shoot,0,2.04,0.961538462,-1,0.961538462
10/06/2023,Cannington,Jaycin Campbell,215107093,44736381,Lay,Lay 6. Elite Machine,2,Elite Machine,0,4.6,0.277777778,-1,0.277777778
10/06/2023,Cannington,Jaycin Campbell,215107103,56940188,Back,Back 2. Lentil Monelli,2,Lentil Monelli,0,1.89,-1,-1,1.123595506
10/06/2023,Cannington,Jaycin Campbell,215107113,55458294,Back,Back 8. Minyong,1,Minyong,0,3.95156464,-1,-1,0.338803354
10/06/2023,Eagle Farm,Tom Haylock,215062207,56873241,Back,Back 9. Queen Of Dragons,1,Queen Of Dragons,0,8.3218352,-1,-1,0.13657778
10/06/2023,Eagle Farm,Tom Haylock,215062207,55782139,Back,Back 11. Isthmus,1,Isthmus,0,11,-1,-1,0.1
10/06/2023,Eagle Farm,Shane Ciurleo,215062207,56873243,Back,Back 12. Bangetta,1,Bangetta,0,18.6411001,-1,-1,0.056685807
10/06/2023,Eagle Farm,Tom Haylock,215062211,49739672,Back,Back 1. Yellow Brick,2,Yellow Brick,0,1.41493945,-1,-1,2.40999018
10/06/2023,Eagle Farm,Tom Haylock,215062215,56873248,Back,Back 8. Antino,1,Antino,1,3.06919427,2.06919427,2.06919427,-1
10/06/2023,Eagle Farm,Tom Haylock,215062215,56873247,Back,Back 5. Sinawann,1,Sinawann,0,10.86308662,-1,-1,0.101388139
10/06/2023,Eagle Farm,Tom Haylock,215062215,42412088,Back,Back 4. Dragon Leap,1,Dragon Leap,0,13.11900852,-1,-1,0.082515001
10/06/2023,Eagle Farm,Shane Ciurleo,215062215,56873248,Lay,Lay 8. Antino,2,Antino,1,3.06919427,-1,2.06919427,-1
10/06/2023,Eagle Farm,Tom Haylock,215062215,51032758,Lay,Lay 6. Munhamek,2,Munhamek,0,3.64574195,0.37796581,-1,0.37796581
10/06/2023,Eagle Farm,Tom Haylock,215062219,56873252,Back,Back 9. Teofilo Star,2,Teofilo Star,0,3.60054638,-1,-1,0.384534576
10/06/2023,Eagle Farm,Tom Haylock,215062219,55781735,Back,Back 12. Yaphet,2,Yaphet,0,18,-1,-1,0.058823529
10/06/2023,Eagle Farm,Tom Haylock,215062219,49297417,Back,Back 10. Outlandos,1,Outlandos,0,20.67613819,-1,-1,0.050822981
10/06/2023,Eagle Farm,Tom Haylock,215062223,45919595,Back,Back 15. King Kapa,1,King Kapa,1,6.39944043,5.39944043,5.39944043,-1
10/06/2023,Eagle Farm,Tom Haylock,215062223,38698164,Back,Back 4. Bacchanalia,2,Bacchanalia,0,7.17502767,-1,-1,0.161942594
10/06/2023,Eagle Farm,Tom Haylock,215062223,40113385,Lay,Lay 7. The Big Goodbye,2,The Big Goodbye,0,8.37017729,0.135681946,-1,0.135681946
10/06/2023,Eagle Farm,Shane Ciurleo,215062227,56321950,Back,Back 3. Without A Fight,1,Without A Fight,1,3.05,2.05,2.05,-1
10/06/2023,Eagle Farm,Tom Haylock,215062227,56321950,Back,Back 3. Without A Fight,2,Without A Fight,1,3.05,2.05,2.05,-1
10/06/2023,Eagle Farm,Shane Ciurleo,215062227,40940218,Back,Back 2. Numerian,1,Numerian,0,5.42007217,-1,-1,0.22624065
10/06/2023,Eagle Farm,Tom Haylock,215062227,37455567,Back,Back 12. Duais,1,Duais,0,7.82824149,-1,-1,0.146450591
10/06/2023,Eagle Farm,Tom Haylock,215062227,52436037,Back,Back 9. Young Werther,1,Young Werther,0,42,-1,-1,0.024390244
10/06/2023,Eagle Farm,Shane Ciurleo,215062231,4198776,Back,Back 6. Tannhauser,2,Tannhauser,0,5.65876091,-1,-1,0.21464935
10/06/2023,Eagle Farm,Tom Haylock,215062231,56838438,Back,Back 8. Chevron,1,Chevron,0,81.2764167,-1,-1,0.012456959
10/06/2023,Eagle Farm,Shane Ciurleo,215062235,56838429,Back,Back 14. Ruthless Dame,1,Ruthless Dame,0,13.19736385,-1,-1,0.081984928
10/06/2023,Eagle Farm,Tom Haylock,215062235,42879365,Back,Back 7. Gentleman Roy,2,Gentleman Roy,0,31.76499911,-1,-1,0.03250447
10/06/2023,Eagle Farm,Tom Haylock,215062235,12199669,Back,Back 4. Scallopini,1,Scallopini,0,36,-1,-1,0.028571429
10/06/2023,Eagle Farm,Shane Ciurleo,215062235,56838432,Lay,Lay 18. Hawaii Five Oh,1,Hawaii Five Oh,0,4.87305891,0.258193852,-1,0.258193852
10/06/2023,Eagle Farm,Tom Haylock,215062235,56838432,Lay,Lay 18. Hawaii Five Oh,1,Hawaii Five Oh,0,4.87305891,0.258193852,-1,0.258193852
10/06/2023,Eagle Farm,Anthony Jupp,215062235,47841957,Lay,Lay 12. Aft Cabin,2,Aft Cabin,0,12.43762329,0.087430752,-1,0.087430752
10/06/2023,Eagle Farm,Tom Haylock,215062239,47841902,Back,Back 5. Roots,1,Roots,0,13.97904542,-1,-1,0.077047269
10/06/2023,Eagle Farm,Nat Hinkley,215062239,53148327,Lay,Lay 15. Opal Ridge,2,Opal Ridge,0,2.52655506,0.655069723,-1,0.655069723
10/06/2023,Eagle Farm,Norm Oke,215062239,53148327,Lay,Lay 15. Opal Ridge,2,Opal Ridge,0,2.52655506,0.655069723,-1,0.655069723
10/06/2023,Morphettville,Tom Haylock,215061301,42482876,Back,Back 3. Metro Legend,1,Metro Legend,1,3.21934915,2.21934915,2.21934915,-1
10/06/2023,Morphettville,Lachlan Mosley,215061301,35773071,Back,Back 2. Extra Mile,2,Extra Mile,0,7.44418299,-1,-1,0.155178709
10/06/2023,Morphettville,Curly Seal,215061301,42482876,Lay,Lay 3. Metro Legend,2,Metro Legend,1,3.21934915,-1,2.21934915,-1
10/06/2023,Morphettville,Lachlan Mosley,215061313,17021440,Back,Back 5. Here Comes Lenni,1,Here Comes Lenni,0,20.47054582,-1,-1,0.051359628
10/06/2023,Morphettville,Tom Haylock,215061319,56872645,Back,Back 1. Klabel,1,Klabel,0,2.41004407,-1,-1,0.709197692
10/06/2023,Morphettville,Lachlan Mosley,215061337,43669001,Back,Back 4. Maracourt,1,Maracourt,0,4.48851951,-1,-1,0.286654553
10/06/2023,Morphettville,Lachlan Mosley,215061343,32641298,Back,Back 3. Infinite Matrix,1,Infinite Matrix,0,16.25212459,-1,-1,0.065564636
10/06/2023,Morphettville,Lachlan Mosley,215061343,581106,Lay,Lay 1. The Gov,2,The Gov,0,4.54154043,0.282363006,-1,0.282363006
10/06/2023,Randwick,Linton Chataway,215060612,56872949,Back,Back 3. Ozzmosis,2,Ozzmosis,1,2.14008939,1.14008939,1.14008939,-1
10/06/2023,Randwick,Linton Chataway,215060620,56872958,Back,Back 17. Zouatica,1,Zouatica,0,6.9528326,-1,-1,0.167987254
10/06/2023,Randwick,Linton Chataway,215060624,56872959,Back,Back 1. Kibou,1,Kibou,0,2.85879833,-1,-1,0.537981977
10/06/2023,Randwick,Linton Chataway,215060632,51414252,Back,Back 11. Passeggiata,1,Passeggiata,1,1.55592646,0.55592646,0.55592646,-1
10/06/2023,Randwick,Dave Dwyer,215060632,51414252,Lay,Lay 11. Passeggiata,2,Passeggiata,1,1.55592646,-1,0.55592646,-1
10/06/2023,Randwick,Linton Chataway,215060636,8514821,Back,Back 10. Super Strike,1,Super Strike,0,6.30055417,-1,-1,0.188659519
10/06/2023,Randwick,Linton Chataway,215060636,38687780,Lay,Lay 9. Democracy Manif,1,Democracy Manifest,1,7.74816129,-1,6.74816129,-1
10/06/2023,Randwick,Linton Chataway,215060640,41132481,Back,Back 12. Spacewalk,1,Spacewalk,1,4.50100243,3.50100243,3.50100243,-1
10/06/2023,Randwick,Linton Chataway,215060648,56872977,Lay,Lay 12. Gundy Bridge,2,Gundy Bridge,0,4.16410871,0.316044767,-1,0.316044767
10/06/2023,Sandown,Bella Anderson,215061541,2554218,Back,Back 7. Marching,1,Marching,0,11.85777227,-1,-1,0.092099924
10/06/2023,Sandown,Bella Anderson,215061541,56873184,Lay,Lay 5. Listentozou,1,Listentozou,0,5.67353119,0.21397097,-1,0.21397097
10/06/2023,Sandown,Jackson Oldham,215061550,56016727,Back,Back 7. Extratwo,2,Extratwo,1,2.10722475,1.10722475,1.10722475,-1
10/06/2023,Sandown,Bella Anderson,215061586,56873202,Back,Back 19. Mutamanni,1,Mutamanni,0,3.97386188,-1,-1,0.336263095
10/06/2023,Sandown,Bella Anderson,215061595,45168927,Back,Back 2. Lethal Thoughts,1,Lethal Thoughts,0,9.29055961,-1,-1,0.120619119
10/06/2023,Sandown,Bella Anderson,215061604,46837001,Back,Back 8. Sandy Prince,1,Sandy Prince,0,5.82738812,-1,-1,0.207151357
10/06/2023,Sandown,Ray Swannie,215061604,55494312,Lay,Lay 2. Hes Our Bonneva,2,Hes Our Bonneval,0,2.74406132,0.573374335,-1,0.573374335
10/06/2023,Sandown,Jackson Oldham,215061604,56873212,Lay,Lay 12. Pacific Ruby,2,Pacific Ruby,1,5.11106407,-1,4.11106407,-1
10/06/2023,Sandown,Steve Walters,215061605,55494312,Lay,Lay 2. Hes Our Bonneva,2,Hes Our Bonneval,1,1.37197053,-1,0.37197053,-1
10/06/2023,Sandown,Bella Anderson,215061613,53446951,Back,Back 5. Normandy Bridge,1,Normandy Bridge,0,3.05835569,-1,-1,0.485824683
10/06/2023,Sandown,Bella Anderson,215061613,41046352,Lay,Lay 10. Deepstrike,1,Deepstrike,1,9.8,-1,8.8,-1
11/06/2023,Hawkesbury,Linton Chataway,215102835,56904800,Lay,Lay 8. Miss Adamas,2,Miss Adamas,0,2.33538583,0.748847245,-1,0.748847245
11/06/2023,Hawkesbury,Linton Chataway,215102837,56126878,Back,Back 1. Ashfall,1,Ashfall,1,3.93725515,2.93725515,2.93725515,-1
11/06/2023,Hawkesbury,Linton Chataway,215102839,51031288,Back,Back 5. Queen Astrid,2,Queen Astrid,1,2.10283615,1.10283615,1.10283615,-1
11/06/2023,Hawkesbury,Linton Chataway,215102841,56904822,Back,Back 7. Sovereign Dane,1,Sovereign Dane,0,7.95993084,-1,-1,0.143679589
11/06/2023,Hawkesbury,Linton Chataway,215102843,56904830,Back,Back 3. Terra Mater,1,Terra Mater,1,2.27396426,1.27396426,1.27396426,-1
11/06/2023,Hawkesbury,Linton Chataway,215102845,42412779,Lay,Lay 1. Capital Reign,1,Capital Reign,0,4.57383528,0.279811441,-1,0.279811441
11/06/2023,Hawkesbury,Linton Chataway,215102847,56904837,Back,Back 7. Prefer To Smile,1,Prefer To Smile,0,3.1,-1,-1,0.476190476
11/06/2023,Swan Hill,Chris Camilleri,215108153,54612747,Back,Back 3. Cosmic Enigma,1,Cosmic Enigma,1,2.11611837,1.11611837,1.11611837,-1
11/06/2023,Swan Hill,Chris Camilleri,215108161,53882922,Back,Back 13. Mawkeb,1,Mawkeb,1,9.71476018,8.71476018,8.71476018,-1
11/06/2023,Swan Hill,Chris Camilleri,215108165,55206279,Back,Back 2. Sing For Peace,2,Sing For Peace,0,3.82899061,-1,-1,0.353482969
11/06/2023,Swan Hill,Chris Camilleri,215108181,56905283,Lay,Lay 8. The Deputy,2,The Deputy,0,4.7651507,0.265593619,-1,0.265593619
12/06/2023,Ballarat,Michael Tye,215160375,52901187,Back,Back 3. Exotic Beauty,1,Exotic Beauty,0,3.6,-1,-1,0.384615385
12/06/2023,Ballarat,Michael Tye,215160380,57018806,Lay,Lay 7. Zipping Gian,1,Zipping Gian,1,2.54,-1,1.54,-1
12/06/2023,Ballarat,Michael Tye,215160395,38766479,Back,Back 1. Roxy Smirnoff,1,Roxy Smirnoff,1,10.03439824,9.03439824,9.03439824,-1
12/06/2023,Ballarat,Ballarat Greyhounds,215160400,38266938,Lay,Lay 1. Riverdale Bonni,2,Riverdale Bonnie,0,11.29647504,0.097120616,-1,0.097120616
12/06/2023,Ballarat,Michael Tye,215160400,38266938,Lay,Lay 1. Riverdale Bonnie,2,Riverdale Bonnie,0,11.29647504,0.097120616,-1,0.097120616
12/06/2023,Ballarat,Ballarat Greyhounds,215160415,50323669,Back,Back 3. Wheres Walter,2,Wheres Walter,0,1.91,-1,-1,1.098901099
12/06/2023,Ballarat,Michael Tye,215160415,50323669,Back,Back 3. Wheres Walter,2,Wheres Walter,0,1.91,-1,-1,1.098901099
12/06/2023,Mornington,Glenn Ingram,215128688,56939322,Back,Back 6. Von Hauke,1,Von Hauke,1,2.49430312,1.49430312,1.49430312,-1
12/06/2023,Mornington,Jackson Oldham,215128688,56939322,Lay,Lay 6. Von Hauke,2,Von Hauke,1,2.49430312,-1,1.49430312,-1
12/06/2023,Mornington,Jackson Oldham,215128694,56939331,Back,Back 2. Greyt Mumma,1,Greyt Mumma,1,1.92874105,0.92874105,0.92874105,-1
12/06/2023,Mornington,Jackson Oldham,215128700,56939335,Back,Back 3. Rivaport,1,Rivaport,0,8.2,-1,-1,0.138888889
12/06/2023,Mornington,Jackson Oldham,215128718,56939345,Back,Back 4. Mrs Chrissie,2,Mrs Chrissie,0,2.00420074,-1,-1,0.995816832
12/06/2023,Mornington,Jackson Oldham,215128724,2405423,Back,Back 6. Immortality,1,Immortality,0,2.41019654,-1,-1,0.709121014
12/06/2023,Murray Bridge,Lachlan Mosley,215130057,56905697,Back,Back 2. Left Turn Clyde,1,Left Turn Clyde,1,2.51260886,1.51260886,1.51260886,-1
12/06/2023,Murray Bridge,Lachlan Mosley,215130063,15184429,Back,Back 3. Cool The Jets,1,Cool The Jets,0,6.38368023,-1,-1,0.185746545
12/06/2023,Murray Bridge,Lachlan Mosley,215130075,56905717,Back,Back 6. Irish Thorn,1,Irish Thorn,0,19.56140817,-1,-1,0.053875223
12/06/2023,Murray Bridge,Lachlan Mosley,215130093,56905744,Back,Back 16. So Blucky,1,So Blucky,0,11.06799626,-1,-1,0.09932463
12/06/2023,Murray Bridge,Lachlan Mosley,215130099,48908178,Back,Back 10. Bellavardo,2,Bellavardo,0,6.13514284,-1,-1,0.19473655
12/06/2023,Warwick Farm,Linton Chataway,215128735,56904771,Back,Back 7. Need Some Luck,2,Need Some Luck,0,1.64959911,-1,-1,1.539410976
12/06/2023,Warwick Farm,Linton Chataway,215128735,56904770,Lay,Lay 6. Jagjit,2,Jagjit,0,4.29310342,0.303664924,-1,0.303664924
12/06/2023,Warwick Farm,Linton Chataway,215128751,9349591,Back,Back 2. King Of The Cast,1,King Of The Castle,1,2.04,1.04,1.04,-1
12/06/2023,Warwick Farm,Linton Chataway,215128755,12742884,Back,Back 8. Selous,1,Selous,0,3.96830482,-1,-1,0.336892624
13/06/2023,Ballarat,Chris Camilleri,215160246,56939587,Lay,Lay 10. Private Island,2,Private Island,0,3.21818445,0.450819137,-1,0.450819137
13/06/2023,Ballarat,Betfair,215160250,56939595,Lay,Lay 3. Tale Of Perth,1,Tale Of Perth,0,10,0.111111111,-1,0.111111111
13/06/2023,Ballarat,Chris Camilleri,215160266,3955192,Back,Back 5. Sachem,2,Sachem,0,4.03894965,-1,-1,0.329061062
13/06/2023,Bendigo,Darren And Brett Carroll,215159847,38707071,Back,Back 5. Buslin Brody,1,Buslin Brody,1,3.65,2.65,2.65,-1
13/06/2023,Bendigo,Darren And Brett Carroll,215159851,55245115,Back,Back 4. Petreos,1,Petreos,1,3.95,2.95,2.95,-1
13/06/2023,Bendigo,Darren And Brett Carroll,215159853,56907393,Back,Back 6. Ozzie Punta,2,Ozzie Punta,0,1.62,-1,-1,1.612903226
13/06/2023,Bendigo,Darren And Brett Carroll,215159855,42677035,Back,Back 4. Jacksboy,1,Jacksboy,0,2.62463712,-1,-1,0.615522068
13/06/2023,Bendigo,Darren And Brett Carroll,215159859,46448227,Lay,Lay 1. Write About Angus,2,Write About Angus,0,3.88532411,0.346581515,-1,0.346581515
13/06/2023,Bendigo,Darren And Brett Carroll,215159861,45169616,Back,Back 8. Itz Miss Montana,1,Itz Miss Montana,0,3.73119856,-1,-1,0.366139619
13/06/2023,Globe Derby,Mark Lawrence,215160224,42556241,Lay,Lay 2. Im Lady Madeleine,2,Im Lady Madeleine,0,4.85647533,0.259304135,-1,0.259304135
13/06/2023,Globe Derby,Mark Lawrence,215160234,12199519,Back,Back 1. Ruthless Armbro,2,Ruthless Armbro,0,4.45861609,-1,-1,0.289132987
13/06/2023,Gloucester Park,Scott Hill,215160275,40119250,Back,Back 5. Gypsy Dragon,1,Gypsy Dragon,0,5.0905885,-1,-1,0.244463602
13/06/2023,Gloucester Park,Scott Hill,215160278,39465502,Back,Back 9. Champagne Everyo,1,Champagne Everyone,1,1.52619294,0.52619294,0.52619294,-1
13/06/2023,Gloucester Park,Scott Hill,215160281,39149816,Back,Back 2. Keegan Banner,1,Keegan Banner,0,2.9780365,-1,-1,0.505551844
13/06/2023,Gloucester Park,Scott Hill,215160281,28373457,Lay,Lay 4. Dont Goin Thewater,2,Dont Goin Thewater,0,5.07610845,0.24533204,-1,0.24533204
13/06/2023,Gloucester Park,Scott Hill,215160284,13943732,Back,Back 1. Advantage,2,Advantage,0,1.45646421,-1,-1,2.190752261
13/06/2023,Gloucester Park,Scott Hill,215160293,44591921,Back,Back 5. Luvaflair,1,Luvaflair,0,2.96,-1,-1,0.510204082
14/06/2023,Balaklava,Lachlan Mosley,215193736,57047250,Back,Back 8. Valentina Charm,1,Valentina Charm,0,2.38,-1,-1,0.724637681
14/06/2023,Balaklava,Lachlan Mosley,215193742,57047252,Back,Back 7. Wyes Trier,1,Wyes Trier,0,3.20007071,-1,-1,0.454530846
14/06/2023,Balaklava,Lachlan Mosley,215193742,47393015,Back,Back 5. Pomodoro,1,Pomodoro,0,8.8,-1,-1,0.128205128
14/06/2023,Balaklava,The Analyst,215193748,51958135,Back,Back 3. Ambello,2,Ambello,0,3.65,-1,-1,0.377358491
14/06/2023,Balaklava,Lachlan Mosley,215193748,51958135,Lay,Lay 3. Ambello,2,Ambello,0,3.65,0.377358491,-1,0.377358491
14/06/2023,Balaklava,The Analyst,215193754,57047262,Back,Back 3. Starts With Hell,2,Starts With Hello,0,2.78695109,-1,-1,0.559612407
14/06/2023,Balaklava,Lachlan Mosley,215193754,57047262,Back,Back 3. Starts With Hello,2,Starts With Hello,0,2.78695109,-1,-1,0.559612407
14/06/2023,Balaklava,Lachlan Mosley,215193766,35994571,Back,Back 11. Grandma Gail,1,Grandma Gail,0,6.24373864,-1,-1,0.190703631
14/06/2023,Balaklava,Gareth Phillips,215193766,49088502,Lay,Lay 9. Lakehurst,2,Lakehurst,0,9.31625491,0.120246434,-1,0.120246434
14/06/2023,Balaklava,Lachlan Mosley,215193772,12015039,Back,Back 7. Foraoise,1,Foraoise,0,151.8438253,-1,-1,0.006629373
14/06/2023,Belmont,Daniel Cripps,215195035,57047329,Lay,Lay 5. Covert Rose,2,Covert Rose,0,6.2,0.192307692,-1,0.192307692
14/06/2023,Doomben,Shane Ciurleo,215196330,28329357,Lay,Lay 4. Landsborough Lad,2,Landsborough Lad,1,3.93191589,-1,2.93191589,-1
14/06/2023,Doomben,Shane Ciurleo,215196342,417187,Back,Back 2. Emperor,1,Emperor,1,2.07155827,1.07155827,1.07155827,-1
14/06/2023,Doomben,Shane Ciurleo,215196342,57055614,Back,Back 10. Beau Witness,1,Beau Witness,0,22.91675,-1,-1,0.045627203
14/06/2023,Doomben,Shane Ciurleo,215196346,50712942,Back,Back 6. Chernak,2,Chernak,0,4.26687695,-1,-1,0.306102744
14/06/2023,Doomben,Shane Ciurleo,215196346,46790383,Back,Back 3. Starzam,2,Starzam,0,7.15019096,-1,-1,0.162596577
14/06/2023,Randwick,Linton Chataway,215193780,57047374,Back,Back 7. Crusader Razor,1,Crusader Razor,0,6.03995999,-1,-1,0.198414274
14/06/2023,Randwick,Linton Chataway,215193788,45737100,Back,Back 3. Demitasse,2,Demitasse,0,2.30182703,-1,-1,0.768151204
14/06/2023,Randwick,The Analyst,215193788,45737100,Back,Back 3. Demitasse,2,Demitasse,0,2.30182703,-1,-1,0.768151204
14/06/2023,Randwick,Marc Lambourne,215193788,45737100,Lay,Lay 3. Demitasse,2,Demitasse,0,2.30182703,0.768151204,-1,0.768151204
14/06/2023,Randwick,Mark Rhoden,215193788,45737100,Lay,Lay 3. Demitasse,2,Demitasse,0,2.30182703,0.768151204,-1,0.768151204
14/06/2023,Randwick,Linton Chataway,215193792,55819266,Lay,Lay 2. Sky Out,2,Sky Out,0,4.09032542,0.323590517,-1,0.323590517
14/06/2023,Randwick,The Analyst,215193792,55819266,Lay,Lay 2. Sky Out,2,Sky Out,0,4.09032542,0.323590517,-1,0.323590517
14/06/2023,Randwick,Linton Chataway,215193796,57047387,Back,Back 8. Principessa,1,Principessa,0,4.8,-1,-1,0.263157895
14/06/2023,Sandown,Punters.Com.Au,215194305,3552521,Lay,Lay 1. Lady in Pink,2,Lady In Pink,0,4.81177265,0.262345132,-1,0.262345132
14/06/2023,Sandown,Jackson Oldham,215194317,56528606,Lay,Lay 3. Ferlazzo,2,Ferlazzo,0,1.85065566,1.1755638,-1,1.1755638
14/06/2023,Sandown,The Analyst,215194317,56528606,Lay,Lay 3. Ferlazzo,2,Ferlazzo,0,1.85065566,1.1755638,-1,1.1755638
14/06/2023,Sandown,Cam O'Brien,215194335,57047356,Lay,Lay 12. Mr Mojo Risin,2,Mr Mojo Risin,0,5.8,0.208333333,-1,0.208333333
14/06/2023,Sandown,Jackson Oldham,215194341,57047361,Back,Back 5. Tasman Park,1,Tasman Park,0,3.16617507,-1,-1,0.461643204
14/06/2023,Sandown,Trevor Lawson,215194347,55713715,Lay,Lay 11. Sir Rockford,2,Sir Rockford,1,5.90548653,-1,4.90548653,-1
15/06/2023,Albion Park,Jaycin Campbell,215228378,43504246,Back,Back 5. Targod Shirley,1,Targod Shirley,0,12.58387992,-1,-1,0.086326862
15/06/2023,Albion Park,Jaycin Campbell,215228383,46345321,Back,Back 1. First Picked,1,First Picked,1,1.63739552,0.63739552,0.63739552,-1
15/06/2023,Albion Park,Jaycin Campbell,215228398,42710575,Lay,Lay 8. Kelsey Bale,2,Kelsey Bale,1,4.72860791,-1,3.72860791,-1
15/06/2023,Albion Park,Jaycin Campbell,215228418,49513892,Back,Back 3. Jay Is Jay,2,Jay Is Jay,1,1.39,0.39,0.39,-1
15/06/2023,Ballarat,Darren And Brett Carroll,215204985,56948620,Back,Back 5. Hesallmuscle,1,Hesallmuscle,1,1.29815335,0.29815335,0.29815335,-1
15/06/2023,Ballarat,Darren And Brett Carroll,215204987,56948623,Lay,Lay 5. Majestic Monarch,2,Majestic Monarch,0,4.72437804,0.268501207,-1,0.268501207
15/06/2023,Ballarat,Darren And Brett Carroll,215204995,39820905,Back,Back 5. Gardena Ronda,2,Gardena Ronda,0,4.16800607,-1,-1,0.315655961
15/06/2023,Ballarat,Darren And Brett Carroll,215205001,1289569,Back,Back 6. Brother Joseph,1,Brother Joseph,0,6.25306495,-1,-1,0.190365055
15/06/2023,Moe,Chris Camilleri,215204589,54632550,Lay,Lay 7. Thermodynamic,1,Thermodynamic,0,3.42272383,0.41275856,-1,0.41275856
15/06/2023,Moe,Chris Camilleri,215204619,42483330,Back,Back 1. Throntari,2,Throntari,0,8.6,-1,-1,0.131578947
15/06/2023,Wyong,Linton Chataway,215204520,57047369,Lay,Lay 1. Luai,2,Luai,0,16,0.066666667,-1,0.066666667
15/06/2023,Wyong,Linton Chataway,215204524,55745984,Back,Back 2. Mr Kennedy,1,Mr Kennedy,1,2.01258038,1.01258038,1.01258038,-1
15/06/2023,Wyong,Linton Chataway,215204526,49807365,Back,Back 5. Acceber,2,Acceber,0,1.8972684,-1,-1,1.114493723
15/06/2023,Wyong,Linton Chataway,215204530,50739985,Back,Back 4. Angel Fund,1,Angel Fund,1,2.46868178,1.46868178,1.46868178,-1
15/06/2023,Wyong,Linton Chataway,215204534,26909124,Back,Back 4. Trust The Proces,1,Trust The Process,0,3.9461921,-1,-1,0.33942118
16/06/2023,Geelong,The Analyst,215225180,57113744,Back,Back 13. Nokhbah,2,Nokhbah,0,1.81792335,-1,-1,1.222608451
16/06/2023,Geelong,Glenn Ingram,215225180,57113744,Back,Back 13. Nokhbah,1,Nokhbah,0,1.81792335,-1,-1,1.222608451
16/06/2023,Gloucester Park,Scott Hill,215225742,42549077,Back,Back 1. Fly To Fame,1,Fly To Fame,1,2.6,1.6,1.6,-1
16/06/2023,Gloucester Park,Scott Hill,215225745,39307937,Back,Back 7. Blitzembye,1,Blitzembye,1,14.15639435,13.15639435,13.15639435,-1
16/06/2023,Gloucester Park,Scott Hill,215225745,27341202,Lay,Lay 1. Moonlite Drive,2,Moonlite Drive,0,3.47498255,0.404043253,-1,0.404043253
16/06/2023,Gloucester Park,Scott Hill,215225748,44591905,Back,Back 6. Faster Than Dad,1,Faster Than Dad,1,4.13237183,3.13237183,3.13237183,-1
16/06/2023,Gloucester Park,Scott Hill,215225754,41553019,Back,Back 1. Rockmyster,2,Rockmyster,0,2.0865148,-1,-1,0.920374025
16/06/2023,Gloucester Park,Scott Hill,215225757,57088852,Back,Back 3. Nase Vira,1,Nase Vira,1,2.91913885,1.91913885,1.91913885,-1
16/06/2023,Gloucester Park,Scott Hill,215225763,37975449,Back,Back 7. Otis,1,Otis,0,2.17967428,-1,-1,0.847691619
16/06/2023,Gloucester Park,Scott Hill,215225772,43354723,Back,Back 5. Sovrana,1,Sovrana,0,3.80693199,-1,-1,0.356260858
16/06/2023,Sunshine Coast,Betfair,215225003,55457450,Lay,Lay 1. Masterplan,1,Masterplan,0,4.68259365,0.271547745,-1,0.271547745
16/06/2023,Te Rapa,Mitchell Davis,215243926,18673190,Back,Back 5. Verry Flash,2,5. Verry Flash,0,2.23,-1,-1,0.81300813
16/06/2023,Warragul,Michael Tye,215245224,39792765,Back,Back 1. Tiger Time,1,Tiger Time,0,2.34,-1,-1,0.746268657
16/06/2023,Warragul,Michael Tye,215245239,47637556,Lay,Lay 6. Hector Fawley,2,Hector Fawley,0,3.2,0.454545455,-1,0.454545455
16/06/2023,Warragul,Michael Tye,215245249,2314255,Lay,Lay 3. Rejuvenate,1,Rejuvenate,0,3.20939059,0.452613496,-1,0.452613496
16/06/2023,Warragul,Michael Tye,215245249,46196107,Lay,Lay 4. Unleash Collind,1,Unleash Collinda,0,4.9,0.256410256,-1,0.256410256
16/06/2023,Warragul,Michael Tye,215245264,41132608,Back,Back 6. Pot Luck Chuck,1,Pot Luck Chuck,0,42,-1,-1,0.024390244
16/06/2023,Warragul,Michael Tye,215245269,46196097,Back,Back 8. Mystery Chill,1,Mystery Chill,0,1.83128898,-1,-1,1.202951109
16/06/2023,Warragul,Michael Tye,215265864,54901781,Back,Back 1. Exploded,2,Exploded,1,1.4,0.4,0.4,-1
17/06/2023,Awapuni,Robert Logan,215243912,43526832,Back,Back 5. Kelly Coe,1,5. Kelly Coe,0,3.08,-1,-1,0.480769231
17/06/2023,Belmont,Terry Leighton,215228438,38535339,Back,Back 3. Baramagic,1,Baramagic,1,5.10184511,4.10184511,4.10184511,-1
17/06/2023,Belmont,Terry Leighton,215228446,56054257,Back,Back 2. Keep Attacking,1,Keep Attacking,0,3.9293795,-1,-1,0.341369222
17/06/2023,Belmont,Terry Leighton,215228458,57114094,Back,Back 6. Boots Like Bruce,1,Boots Like Bruce,0,4.6530113,-1,-1,0.273746758
17/06/2023,Belmont,Terry Leighton,215228458,43036494,Back,Back 7. Penny On The Que,1,Penny On The Queen,0,9.23469485,-1,-1,0.121437408
17/06/2023,Belmont,Terry Leighton,215228462,2946439,Back,Back 13. Noteworthy,2,Noteworthy,1,2.85909257,1.85909257,1.85909257,-1
17/06/2023,Belmont,Terry Leighton,215228466,57114100,Back,Back 4. Upper Limits,1,Upper Limits,0,2.51067468,-1,-1,0.661955888
17/06/2023,Cannington,Jaycin Campbell,215271095,57185930,Lay,Lay 6. King Tommy,2,King Tommy,0,2.3657145,0.732217458,-1,0.732217458
17/06/2023,Cannington,Jaycin Campbell,215271110,39647906,Lay,Lay 1. Fire Cloud,1,Fire Cloud,1,4.04411505,-1,3.04411505,-1
17/06/2023,Cannington,Jaycin Campbell,215271120,57185933,Back,Back 7. Couch Surfer,2,Couch Surfer,0,1.57675867,-1,-1,1.733827426
17/06/2023,Cannington,Jaycin Campbell,215271130,45897325,Back,Back 1. Clifton Cruz,1,Clifton Cruz,0,2.50900075,-1,-1,0.662690194
17/06/2023,Flemington,Tom Haylock,215225092,45347925,Back,Back 3. Rattle And Bang,1,Rattle And Bang,0,18.5,-1,-1,0.057142857
17/06/2023,Flemington,Bella Anderson,215225101,57113794,Back,Back 1. Steparty,1,Steparty,1,3.0503509,2.0503509,2.0503509,-1
17/06/2023,Flemington,Tom Haylock,215225101,57113794,Back,Back 1. Steparty,1,Steparty,1,3.0503509,2.0503509,2.0503509,-1
17/06/2023,Flemington,Bella Anderson,215225110,57113806,Back,Back 10. Shaiyhar,1,Shaiyhar,0,4.1,-1,-1,0.322580645
17/06/2023,Flemington,Bella Anderson,215225119,45919505,Back,Back 7. Sigh,1,Sigh,1,2.88,1.88,1.88,-1
17/06/2023,Flemington,Jackson Oldham,215225119,45919505,Back,Back 7. Sigh,1,Sigh,1,2.88,1.88,1.88,-1
17/06/2023,Flemington,Tom Haylock,215225119,45919505,Back,Back 7. Sigh,1,Sigh,1,2.88,1.88,1.88,-1
17/06/2023,Flemington,Tom Haylock,215225119,42572391,Back,Back 3. Zac De Boss,1,Zac De Boss,0,5.19079964,-1,-1,0.238617945
17/06/2023,Flemington,Jackson Oldham,215225119,39670405,Back,Back 6. Pioneer River,1,Pioneer River,0,7.4,-1,-1,0.15625
17/06/2023,Flemington,Bella Anderson,215225128,39520005,Back,Back 4. Seonee,2,Seonee,1,4.75982513,3.75982513,3.75982513,-1
17/06/2023,Flemington,Jackson Oldham,215225128,48907602,Lay,Lay 2. Party For One,1,Party For One,0,3.98017357,0.335550926,-1,0.335550926
17/06/2023,Flemington,Bella Anderson,215225137,23793218,Lay,Lay 7. Riddle Me That,1,Riddle Me That,0,6.67044722,0.176352933,-1,0.176352933
17/06/2023,Flemington,Bella Anderson,215225146,57113818,Back,Back 12. Brayden Star,2,Brayden Star,0,3.28518028,-1,-1,0.437602236
17/06/2023,Flemington,Jackson Oldham,215225146,940041,Back,Back 1. Jimmy The Bear,1,Jimmy The Bear,0,5.01466176,-1,-1,0.249086987
17/06/2023,Flemington,Tom Haylock,215225164,42011139,Back,Back 9. Kin,1,Kin,0,5.63713862,-1,-1,0.215650228
17/06/2023,Ipswich,Shane Ciurleo,215225044,27399298,Back,Back 6. Lets Torque A De,1,Lets Torque A Deel,0,17.5,-1,-1,0.060606061
17/06/2023,Ipswich,Shane Ciurleo,215225048,4940609,Back,Back 2. Extremist,1,Extremist,0,6.4,-1,-1,0.185185185
17/06/2023,Ipswich,Shane Ciurleo,215225052,50321940,Lay,Lay 1. Fashion Legend,2,Fashion Legend,0,5.06632522,0.245922288,-1,0.245922288
17/06/2023,Ipswich,Shane Ciurleo,215225056,43527586,Back,Back 1. Numerian,2,Numerian,0,4.19548832,-1,-1,0.312941216
17/06/2023,Ipswich,Tom Haylock,215225056,43527586,Back,Back 1. Numerian,1,Numerian,0,4.19548832,-1,-1,0.312941216
17/06/2023,Ipswich,Tom Haylock,215225056,5142858,Back,Back 2. Dark Destroyer,1,Dark Destroyer,0,9.62370459,-1,-1,0.115959445
17/06/2023,Ipswich,Shane Ciurleo,215225060,48261052,Back,Back 12. Blaze A Trail,1,Blaze A Trail,0,4.60717541,-1,-1,0.277225221
17/06/2023,Ipswich,Tom Haylock,215225060,48261052,Back,Back 12. Blaze A Trail,2,Blaze A Trail,0,4.60717541,-1,-1,0.277225221
17/06/2023,Ipswich,Tom Haylock,215225060,57078534,Back,Back 17. Dont Stop,1,Dont Stop,0,80.01784614,-1,-1,0.012655369
17/06/2023,Ipswich,Tom Haylock,215225064,57078540,Back,Back 15. Russian Conques,1,Russian Conquest,0,6.34515769,-1,-1,0.18708522
17/06/2023,Ipswich,Tom Haylock,215225064,255759,Back,Back 6. Chassis,1,Chassis,1,9.0037603,8.0037603,8.0037603,-1
17/06/2023,Ipswich,Tom Haylock,215225064,49513470,Back,Back 9. Enterprise Pomme,2,Enterprise Pomme,0,9.8,-1,-1,0.113636364
17/06/2023,Murray Bridge,Lachlan Mosley,215229717,51312031,Back,Back 1. Turf Decision,2,Turf Decision,0,3.11439249,-1,-1,0.472949088
17/06/2023,Murray Bridge,Tom Haylock,215229723,48672174,Back,Back 8. The Gov,1,The Gov,1,4.727268,3.727268,3.727268,-1
17/06/2023,Murray Bridge,Lachlan Mosley,215229723,2075405,Lay,Lay 3. Howl,2,Howl,0,5.818176,0.20754742,-1,0.20754742
17/06/2023,Murray Bridge,Lachlan Mosley,215229729,36581245,Back,Back 1. Chief Altony,1,Chief Altony,0,4.9,-1,-1,0.256410256
17/06/2023,Murray Bridge,Lachlan Mosley,215229735,43184673,Back,Back 5. Rockstar Meggsy,1,Rockstar Meggsy,0,12.69867082,-1,-1,0.085479796
17/06/2023,Murray Bridge,Lachlan Mosley,215229741,39602793,Back,Back 5. Wolf Prince,1,Wolf Prince,0,3.37192568,-1,-1,0.42159837
17/06/2023,Murray Bridge,Lachlan Mosley,215229759,55781610,Back,Back 11. Runaway Belle,1,Runaway Belle,0,5.9,-1,-1,0.204081633
17/06/2023,Murray Bridge,Lachlan Mosley,215229759,37025179,Back,Back 13. Rizski,1,Rizski,0,71.24985412,-1,-1,0.014234905
17/06/2023,Rosehill,Linton Chataway,215225542,57113859,Back,Back 3. Tutta La Vita,1,Tutta La Vita,1,1.966167,0.966167,0.966167,-1
17/06/2023,Rosehill,Linton Chataway,215225546,2448213,Back,Back 11. Ripped,1,Ripped,0,10.5,-1,-1,0.105263158
17/06/2023,Rosehill,Linton Chataway,215225550,57113873,Back,Back 7. Goomeri,1,Goomeri,0,3.43767769,-1,-1,0.410226505
17/06/2023,Rosehill,Linton Chataway,215225554,57113885,Lay,Lay 4. Touristic,1,Touristic,0,4.97432176,0.251615259,-1,0.251615259
17/06/2023,Rosehill,Linton Chataway,215225558,57113892,Back,Back 7. Fawkner Park,2,Fawkner Park,1,3.17332151,2.17332151,2.17332151,-1
17/06/2023,Rosehill,Linton Chataway,215225566,40961493,Back,Back 12. Zoumon,1,Zoumon,1,2.87828872,1.87828872,1.87828872,-1
17/06/2023,Rosehill,Linton Chataway,215225570,57113903,Back,Back 4. Vienna Princess,1,Vienna Princess,1,6.87793033,5.87793033,5.87793033,-1
17/06/2023,Rosehill,Linton Chataway,215225570,57113907,Lay,Lay 14. Anagain,2,Anagain,0,8.85476064,0.127311327,-1,0.127311327
17/06/2023,Rosehill,Tom Haylock,215225574,57113910,Back,Back 4. Space Tracker,1,Space Tracker,0,2.16383583,-1,-1,0.859227714
17/06/2023,Te Rapa,Mitchell Davis,215243928,39478512,Back,Back 2. Johny Johny,1,2. Johny Johny,1,2.74,1.74,1.74,-1
17/06/2023,Te Rapa,Mitchell Davis,215243940,23611760,Lay,Lay 1. Hacksaw Ridge,2,1. Hacksaw Ridge,0,6.2,0.192307692,-1,0.192307692
18/06/2023,Bendigo,Chris Camilleri,215268696,57148203,Lay,Lay 4. Electric Impulse,2,Electric Impulse,1,3.50517232,-1,2.50517232,-1
18/06/2023,Bendigo,Chris Camilleri,215268708,44591114,Back,Back 3. Dio,1,Dio,1,7.4,6.4,6.4,-1
18/06/2023,Bendigo,Chris Camilleri,215268716,21753846,Back,Back 1. Yeldarb,1,Yeldarb,0,9.20466251,-1,-1,0.121881918
18/06/2023,Hobart,Jamie Cockshutt,215270935,41298423,Back,Back 5. Mickey Oh,1,Mickey Oh,1,2.1,1.1,1.1,-1
18/06/2023,Hobart,Jamie Cockshutt,215270937,12785730,Back,Back 7. Harjeet,2,Harjeet,0,1.81313998,-1,-1,1.229800557
18/06/2023,Hobart,Jamie Cockshutt,215270939,24608801,Back,Back 4. Artyboy Glenwood,1,Artyboy Glenwood,0,6.6,-1,-1,0.178571429
18/06/2023,Hobart,Jamie Cockshutt,215270939,27379121,Back,Back 5. Mista Eagle,1,Mista Eagle,0,21.22604022,-1,-1,0.049441215
18/06/2023,Hobart,Jamie Cockshutt,215270941,57080344,Back,Back 10. Mucho Mover,1,Mucho Mover,0,2.58,-1,-1,0.632911392
18/06/2023,Hobart,Jamie Cockshutt,215270943,38936927,Back,Back 6. De Goey,1,De Goey,1,1.53263773,0.53263773,0.53263773,-1
18/06/2023,Hobart,Jamie Cockshutt,215270945,26069957,Back,Back 4. Arden Roanoke,1,Arden Roanoke,0,4.29901267,-1,-1,0.303120994
18/06/2023,Hobart,Jamie Cockshutt,215270945,23306630,Back,Back 3. Lorimer Lady,1,Lorimer Lady,0,24,-1,-1,0.043478261
18/06/2023,Hobart,Jamie Cockshutt,215270947,57080348,Back,Back 5. Iylac Pakaria,1,Iylac Pakaria,0,1.831379,-1,-1,1.202820855
18/06/2023,Hobart,Jamie Cockshutt,215270949,27695325,Back,Back 5. Stepping Stones,1,Stepping Stones,1,4.70668885,3.70668885,3.70668885,-1
18/06/2023,Hobart,Jamie Cockshutt,215270951,36700199,Back,Back 3. Gordievsky Leis,1,Gordievsky Leis,0,2.98401887,-1,-1,0.504027464
18/06/2023,Hobart,Jamie Cockshutt,215270951,10927101,Back,Back 10. Proficient,1,Proficient,0,6.2847595,-1,-1,0.18922337
19/06/2023,Ballarat,Glenn Ingram,215270497,49332711,Back,Back 4. Great Ambition,2,Great Ambition,0,6.4267,-1,-1,0.184274052
19/06/2023,Ballarat,Glenn Ingram,215270497,49332711,Back,Back 4. Great Ambition,1,Great Ambition,0,6.4267,-1,-1,0.184274052
19/06/2023,Ballarat,Michael Tye,215319405,4644547,Back,Back 3. Tom Tom,1,Tom Tom,0,8.06446775,-1,-1,0.141553481
19/06/2023,Ballarat,Michael Tye,215319420,51737433,Back,Back 8. Andreas Ace,1,Andreas Ace,1,1.55,0.55,0.55,-1
19/06/2023,Ballarat,Michael Tye,215319430,57264112,Back,Back 8. Mighty Water Boy,2,Mighty Water Boy,1,1.34038608,0.34038608,0.34038608,-1
19/06/2023,Ballarat,Michael Tye,215319435,53680239,Lay,Lay 1. Destini Rebel,2,Destini Rebel,1,3.15,-1,2.15,-1
19/06/2023,Ballarat,Michael Tye,215319440,42226297,Lay,Lay 1. Waypoint Whisky,1,Waypoint Whisky,1,2.172739,-1,1.172739,-1
19/06/2023,Ballarat,Michael Tye,215319450,47039958,Back,Back 3. Chappys Thief,1,Chappys Thief,0,3.00299866,-1,-1,0.499251457
19/06/2023,Charlton,Darren And Brett Carroll,215287656,38018486,Lay,Lay 7. Barack Enobrac,2,Barack Enobrac,0,16.76619222,0.063426856,-1,0.063426856
19/06/2023,Charlton,Darren And Brett Carroll,215287662,48489619,Back,Back 6. Cheerstolou,2,Cheerstolou,0,2.32,-1,-1,0.757575758
19/06/2023,Globe Derby,Mark Lawrence,215287670,56646073,Back,Back 6. Buzz Bomb,1,Buzz Bomb,0,1.73867947,-1,-1,1.353767149
19/06/2023,Globe Derby,Mark Lawrence,215287672,26237587,Back,Back 6. Rocknroll Yankee,2,Rocknroll Yankee,0,4.10112004,-1,-1,0.322464138
19/06/2023,Globe Derby,Mark Lawrence,215287674,57154852,Lay,Lay 3. Thebestisyettoc,1,Thebestisyettocome,0,9.6,0.11627907,-1,0.11627907
19/06/2023,Globe Derby,Mark Lawrence,215287682,57154855,Lay,Lay 7. Bettors Boy,2,Bettors Boy,0,3.44615299,0.408805175,-1,0.408805175
20/06/2023,Albion Park,Ryan Spice,215319178,45760359,Back,Back 3. Razzleme Dazzleme,2,Razzleme Dazzleme,1,1.52868162,0.52868162,0.52868162,-1
20/06/2023,Albion Park,Ryan Spice,215319184,56685519,Back,Back 3. Majorita Jujon,2,Majorita Jujon,1,6.76945933,5.76945933,5.76945933,-1
20/06/2023,Gloucester Park,Scott Hill,215319251,57154952,Back,Back 9. Advantage,1,Advantage,0,2.59475843,-1,-1,0.627054218
20/06/2023,Gloucester Park,Scott Hill,215319254,57154954,Back,Back 9. Hes Never Been B,1,Hes Never Been Beta,0,1.45513667,-1,-1,2.197142234
20/06/2023,Gloucester Park,Scott Hill,215319257,38981679,Back,Back 6. Cut N Run,1,Cut N Run,0,3.07323752,-1,-1,0.482337402
20/06/2023,Gloucester Park,Scott Hill,215319260,26337376,Back,Back 1. Little Bitof Fun,1,Little Bitof Fun,1,4.3,3.3,3.3,-1
20/06/2023,Gloucester Park,Scott Hill,215319263,44537798,Back,Back 2. Let It Linga,2,Let It Linga,0,1.7,-1,-1,1.428571429
20/06/2023,Gloucester Park,Scott Hill,215319266,49495153,Back,Back 11. Just For Love,1,Just For Love,0,5.9,-1,-1,0.204081633
20/06/2023,Gloucester Park,Scott Hill,215319269,24645752,Back,Back 5. Jilliby Jake,1,Jilliby Jake,0,9.60677204,-1,-1,0.116187578
20/06/2023,Gloucester Park,Scott Hill,215319275,41488855,Lay,Lay 6. Artistic Scribe,2,Artistic Scribe,0,6.19056413,0.192657286,-1,0.192657286
20/06/2023,Gloucester Park,Scott Hill,215319278,57154957,Back,Back 2. Having Fun,1,Having Fun,1,2.38449907,1.38449907,1.38449907,-1
20/06/2023,Kilmore,Darren And Brett Carroll,215319200,45874979,Back,Back 5. Maas Betting Aga,1,Maas Betting Again,1,3.23484297,2.23484297,2.23484297,-1
20/06/2023,Kilmore,Darren And Brett Carroll,215319204,57150091,Lay,Lay 3. Let Me Tell You,2,Let Me Tell You,0,8.56856586,0.132125428,-1,0.132125428
20/06/2023,Kilmore,Darren And Brett Carroll,215319208,44816488,Back,Back 8. Mielicki,1,Mielicki,0,12,-1,-1,0.090909091
20/06/2023,Kilmore,Darren And Brett Carroll,215319210,44816477,Back,Back 4. Another Nien,2,Another Nien,0,1.5028644,-1,-1,1.988607664
20/06/2023,Kilmore,Darren And Brett Carroll,215319212,2788198,Back,Back 5. Terry,1,Terry,0,2.12,-1,-1,0.892857143
20/06/2023,Kilmore,Darren And Brett Carroll,215319216,50413702,Back,Back 11. Four Star Saint,1,Four Star Saint,0,4.2,-1,-1,0.3125
20/06/2023,Pakenham,Betfair,215319107,53946553,Lay,Lay 6. Tradeworx,1,Tradeworx,1,4.59425845,-1,3.59425845,-1
20/06/2023,Royal Ascot,Tom Haylock,215327308,40034783,Back,Back Modern Games,1,Modern Games,0,2.98954198,-1,-1,0.502628248
20/06/2023,Royal Ascot,Tom Haylock,215327378,46273670,Lay,Lay Chaldean,1,Chaldean,0,2.6918713,0.591061507,-1,0.591061507
21/06/2023,Ballarat,Michael Tye,215374795,55860321,Back,Back 3. Redeem This,1,Redeem This,0,6.1036972,-1,-1,0.195936389
21/06/2023,Ballarat,Michael Tye,215374805,2436134,Back,Back 7. Big Daddy,1,Big Daddy,0,2.6,-1,-1,0.625
21/06/2023,Ballarat,Michael Tye,215374815,49487623,Back,Back 4. Fabs Max Potato,2,Fabs Max Potato,0,3.01458706,-1,-1,0.49637964
21/06/2023,Ballarat,Michael Tye,215374820,50354702,Lay,Lay 7. Succeed,2,Succeed,0,1.94,1.063829787,-1,1.063829787
21/06/2023,Ballarat,Michael Tye,215374835,47462633,Back,Back 6. Mirabella Bale,1,Mirabella Bale,0,4.5,-1,-1,0.285714286
21/06/2023,Ballarat,Michael Tye,215374840,41191137,Back,Back 1. Siala Giblet,1,Siala Giblet,0,14.92656697,-1,-1,0.071805205
21/06/2023,Belmont,Daniel Cripps,215342668,57305822,Lay,Lay 4. All Brave,2,All Brave,1,4.10418293,-1,3.10418293,-1
21/06/2023,Canterbury,Chris Camilleri,215343243,57305648,Lay,Lay 3. Tropical Squall,2,Tropical Squall,1,1.63,-1,0.63,-1
21/06/2023,Canterbury,Linton Chataway,215343243,57305648,Lay,Lay 3. Tropical Squall,1,Tropical Squall,1,1.63,-1,0.63,-1
21/06/2023,Canterbury,Marc Lambourne,215343248,57305652,Lay,Lay 1. The Little Pump,2,The Little Pumper,1,2.63213395,-1,1.63213395,-1
21/06/2023,Canterbury,Linton Chataway,215343253,57305664,Back,Back 8. Princess Rayaa,2,Princess Rayaa,0,1.53313843,-1,-1,1.875685458
21/06/2023,Canterbury,The Analyst,215343253,57305664,Back,Back 8. Princess Rayaa,2,Princess Rayaa,0,1.53313843,-1,-1,1.875685458
21/06/2023,Canterbury,Linton Chataway,215343268,56904791,Back,Back 3. Lucky Variety,1,Lucky Variety,0,4.9,-1,-1,0.256410256
21/06/2023,Canterbury,Linton Chataway,215343268,43636352,Lay,Lay 6. King Of Naples,2,King Of Naples,0,4.14429836,0.318035977,-1,0.318035977
21/06/2023,Canterbury,The Analyst,215343268,43636352,Lay,Lay 6. King Of Naples,2,King Of Naples,0,4.14429836,0.318035977,-1,0.318035977
21/06/2023,Canterbury,Mark Rhoden,215343273,1306573,Lay,Lay 7. Hell Hath No Fu,2,Hell Hath No Fury,0,3,0.5,-1,0.5
21/06/2023,Doomben,Shane Ciurleo,215341586,8229633,Back,Back 5. Transatlantic,2,Transatlantic,1,1.39,0.39,0.39,-1
21/06/2023,Doomben,The Analyst,215341586,8229633,Back,Back 5. Transatlantic,2,Transatlantic,1,1.39,0.39,0.39,-1
21/06/2023,Doomben,Shane Ciurleo,215341594,57305615,Lay,Lay 6. The Punisher,2,The Punisher,0,3.4108557,0.414790483,-1,0.414790483
21/06/2023,Doomben,The Analyst,215341594,57305615,Lay,Lay 6. The Punisher,2,The Punisher,0,3.4108557,0.414790483,-1,0.414790483
21/06/2023,Doomben,Shane Ciurleo,215341610,57305635,Back,Back 1. Drive A Deel,1,Drive A Deel,0,3.03540065,-1,-1,0.491303764
21/06/2023,Doomben,Gareth Phillips,215341619,454027,Lay,Lay 9. Victory Bay,2,Victory Bay,0,1.59451032,1.682056587,-1,1.682056587
21/06/2023,Gawler,Lachlan Mosley,215349107,39152649,Lay,Lay 2. Free Fallin,2,Free Fallin,0,29.79868623,0.034723806,-1,0.034723806
21/06/2023,Gawler,The Analyst,215349107,39152649,Lay,Lay 2. Free Fallin,2,Free Fallin,0,29.79868623,0.034723806,-1,0.034723806
21/06/2023,Gawler,Lachlan Mosley,215349125,50712917,Back,Back 8. Bellavardo,2,Bellavardo,0,2.68491226,-1,-1,0.593502714
21/06/2023,Gawler,The Analyst,215349125,50712917,Back,Back 8. Bellavardo,2,Bellavardo,0,2.68491226,-1,-1,0.593502714
21/06/2023,Gawler,Lachlan Mosley,215349143,56528376,Back,Back 11. So Blucky,1,So Blucky,0,17.37361785,-1,-1,0.061073857
21/06/2023,Mornington,Jackson Oldham,215343909,57305835,Back,Back 7. Embarque,2,Embarque,0,1.99793096,-1,-1,1.00207333
21/06/2023,Mornington,The Analyst,215343909,57305835,Back,Back 7. Embarque,2,Embarque,0,1.99793096,-1,-1,1.00207333
21/06/2023,Mornington,Punters.Com.Au,215343915,57305840,Lay,Lay 7. Ma Belle Grise,2,Ma Belle Grise,0,3.6495604,0.3774211,-1,0.3774211
21/06/2023,Mornington,Kingsley From Wolfden,215343916,41844523,Lay,Lay 3. Lip Sip Suk,2,Lip Sip Suk,0,1.65158008,1.534730773,-1,1.534730773
21/06/2023,Mornington,Jackson Oldham,215343933,57305847,Lay,Lay 7. Smokin Holly,2,Smokin Holly,0,4.27761993,0.305099438,-1,0.305099438
21/06/2023,Mornington,The Analyst,215343933,57305847,Lay,Lay 7. Smokin Holly,2,Smokin Holly,0,4.27761993,0.305099438,-1,0.305099438
21/06/2023,Mornington,Trevor Lawson,215343945,55494292,Lay,Lay 11. Le Derriere,2,Le Derriere,0,3.7565781,0.362768608,-1,0.362768608
21/06/2023,Royal Ascot,Tom Haylock,215356189,36390300,Back,Back Adayar,1,Adayar,0,5.01058395,-1,-1,0.249340249
22/06/2023,Albion Park,Jaycin Campbell,215406684,47530099,Lay,Lay 1. Boys Light Up,2,Boys Light Up,0,5.4,0.227272727,-1,0.227272727
22/06/2023,Albion Park,Jaycin Campbell,215406694,2314255,Back,Back 3. Rejuvenate,1,Rejuvenate,0,3.35,-1,-1,0.425531915
22/06/2023,Albion Park,Jaycin Campbell,215406709,48821710,Back,Back 1. Blue Hornet,1,Blue Hornet,0,1.81527517,-1,-1,1.226579733
22/06/2023,Albion Park,Jaycin Campbell,215406714,48516415,Back,Back 5. Palawa King,2,Palawa King,0,1.55783148,-1,-1,1.79265609
22/06/2023,Ballarat,Darren And Brett Carroll,215374551,54175223,Lay,Lay 4. Courages Law,2,Courages Law,0,11.5,0.095238095,-1,0.095238095
22/06/2023,Ballarat,Darren And Brett Carroll,215374553,44816476,Back,Back 2. Andaman Bay,1,Andaman Bay,0,2.06185286,-1,-1,0.941750065
22/06/2023,Ballarat,Darren And Brett Carroll,215374555,57305889,Back,Back 4. Constant,1,Constant,1,1.89929619,0.89929619,0.89929619,-1
22/06/2023,Ballarat,Darren And Brett Carroll,215374557,7175954,Back,Back 11. General Lincoln,2,General Lincoln,0,4.26645556,-1,-1,0.306142233
22/06/2023,Ballarat,Darren And Brett Carroll,215374561,1497346,Back,Back 6. Scar,1,Scar,1,2.13522094,1.13522094,1.13522094,-1
22/06/2023,Gosford,Linton Chataway,215373955,57339061,Back,Back 9. Estriella,2,Estriella,1,2.98726559,1.98726559,1.98726559,-1
22/06/2023,Gosford,Linton Chataway,215373960,1308956,Lay,Lay 1. Highness,2,Highness,0,3.04294109,0.489490375,-1,0.489490375
22/06/2023,Royal Ascot,Rory Flanagan,215381291,756527,Back,Back His Majesty,1,His Majesty,0,7.03107731,-1,-1,0.165807856
22/06/2023,Royal Ascot,Rory Flanagan,215381291,54945188,Back,Back American Rascal,1,American Rascal,0,7.81136765,-1,-1,0.146813394
22/06/2023,Royal Ascot,Rory Flanagan,215381291,45405633,Back,Back Noche Magica,1,Noche Magica,0,12.36131199,-1,-1,0.088018004
22/06/2023,Royal Ascot,Rory Flanagan,215381307,50671120,Back,Back Land Legend,1,Land Legend,0,19.20639757,-1,-1,0.054925748
22/06/2023,Royal Ascot,Rory Flanagan,215381416,10107185,Back,Back Warm Heart,1,Warm Heart,1,11,10,10,-1
22/06/2023,Royal Ascot,Rory Flanagan,215381424,6253572,Back,Back Coltrane,2,Coltrane,0,4,-1,-1,0.333333333
22/06/2023,Royal Ascot,Rory Flanagan,215381431,1041753,Back,Back Drumroll,1,Drumroll,0,5.73629857,-1,-1,0.211135338
22/06/2023,Royal Ascot,Rory Flanagan,215381431,1266675,Back,Back Bold Act,2,Bold Act,0,10.62667371,-1,-1,0.10387804
22/06/2023,Royal Ascot,Rory Flanagan,215381431,50398348,Back,Back Waipiro,1,Waipiro,1,11,10,10,-1
22/06/2023,Royal Ascot,Rory Flanagan,215381655,46561479,Back,Back Saxon King,1,Saxon King,0,16.19686768,-1,-1,0.065803034
22/06/2023,Royal Ascot,Rory Flanagan,215381655,16384,Back,Back Highbank,1,Highbank,0,28.953301,-1,-1,0.03577395
22/06/2023,Royal Ascot,Rory Flanagan,215381655,8588,Back,Back One Nation,1,One Nation,0,33.37081529,-1,-1,0.030892024
22/06/2023,Sale,Glenn Ingram,215374409,6600611,Back,Back 7. Gumdrops,2,Gumdrops,0,1.76313785,-1,-1,1.310379245
22/06/2023,Sale,Glenn Ingram,215374409,6600611,Back,Back 7. Gumdrops,1,Gumdrops,0,1.76313785,-1,-1,1.310379245
22/06/2023,Sale,Jackson Oldham,215374421,3041623,Lay,Lay 2. Kessler,2,Kessler,0,4.06116455,0.326673063,-1,0.326673063
22/06/2023,Sale,Betfair,215374427,57148125,Lay,Lay 7. Rayza Warrior,1,Rayza Warrior,0,8.79437081,0.12829772,-1,0.12829772
22/06/2023,Sale,Linton Chataway,215374427,57148125,Lay,Lay 7. Rayza Warrior,2,Rayza Warrior,0,8.79437081,0.12829772,-1,0.12829772
22/06/2023,Sale,Jackson Oldham,215374457,57339041,Back,Back 4. Whiskey Hangover,2,Whiskey Hangover,0,2.48,-1,-1,0.675675676
24/06/2023,Belmont,Terry Leighton,215407260,28365385,Back,Back 7. Differentiator,1,Differentiator,0,2.47103202,-1,-1,0.679794856
24/06/2023,Belmont,Terry Leighton,215407260,2494163,Back,Back 2. Surveillance,1,Surveillance,0,28.14798544,-1,-1,0.036835146
24/06/2023,Belmont,Terry Leighton,215407268,51577171,Back,Back 5. Planet Cash,1,Planet Cash,1,8.58426553,7.58426553,7.58426553,-1
24/06/2023,Belmont,Terry Leighton,215407280,41375258,Back,Back 4. Advanced,1,Advanced,0,5.88845618,-1,-1,0.20456356
24/06/2023,Belmont,Terry Leighton,215407288,41310227,Back,Back 1. Multinational,2,Multinational,0,11,-1,-1,0.1
24/06/2023,Cannington,Jaycin Campbell,215463826,57451167,Lay,Lay 5. Minyong,2,Minyong,0,8.93711107,0.125990425,-1,0.125990425
24/06/2023,Cannington,Jaycin Campbell,215463831,52149238,Back,Back 2. Speed Freak,1,Speed Freak,0,1.47105082,-1,-1,2.122913192
24/06/2023,Cannington,Jaycin Campbell,215463841,46520603,Back,Back 5. Superman Keeping,1,Superman Keeping,0,16.3620542,-1,-1,0.065095461
24/06/2023,Cannington,Jaycin Campbell,215463841,50195480,Lay,Lay 6. Couch Surfer,1,Couch Surfer,0,4.46774595,0.288371759,-1,0.288371759
24/06/2023,Cannington,Jaycin Campbell,215463846,49586223,Back,Back 6. Barbeque Man,2,Barbeque Man,0,1.71762145,-1,-1,1.393492349
24/06/2023,Caulfield,Bella Anderson,215403067,51936080,Back,Back 11. Ginger N Pink,1,Ginger N Pink,0,6,-1,-1,0.2
24/06/2023,Caulfield,Bella Anderson,215403067,952322,Lay,Lay 4. Mantua,1,Mantua,0,7.59789547,0.15156348,-1,0.15156348
24/06/2023,Caulfield,Bella Anderson,215403076,1302662,Back,Back 1. Katsu,1,Katsu,0,3.99666099,-1,-1,0.333704748
24/06/2023,Caulfield,Bella Anderson,215403076,57377777,Lay,Lay 8. Ortega,1,Ortega,0,7.22156233,0.160731332,-1,0.160731332
24/06/2023,Caulfield,Bella Anderson,215403085,57377779,Back,Back 3. Desiah,1,Desiah,0,5.36520412,-1,-1,0.229084362
24/06/2023,Caulfield,Bella Anderson,215403094,55415212,Back,Back 5. Bold Bourbon,1,Bold Bourbon,0,6.8,-1,-1,0.172413793
24/06/2023,Caulfield,Jackson Oldham,215403094,44562834,Back,Back 12. Beaufort Park,1,Beaufort Park,0,20.17246808,-1,-1,0.052158126
24/06/2023,Caulfield,Bella Anderson,215403103,55781937,Back,Back 8. Hazel Baby,1,Hazel Baby,0,5.539024,-1,-1,0.220311679
24/06/2023,Caulfield,Jackson Oldham,215403103,56873204,Back,Back 3. Castillian,1,Castillian,0,6.54873817,-1,-1,0.180221155
24/06/2023,Caulfield,Bella Anderson,215403112,57377791,Back,Back 9. St Lawrence,1,St Lawrence,1,4.4,3.4,3.4,-1
24/06/2023,Caulfield,Jackson Oldham,215403112,48821370,Lay,Lay 7. Mensa Missile,2,Mensa Missile,0,15,0.071428571,-1,0.071428571
24/06/2023,Caulfield,Bella Anderson,215403121,49949261,Back,Back 3. Winning Verse,1,Winning Verse,0,2.68612909,-1,-1,0.593074401
24/06/2023,Caulfield,Jackson Oldham,215403121,49949261,Back,Back 3. Winning Verse,1,Winning Verse,0,2.68612909,-1,-1,0.593074401
24/06/2023,Caulfield,Bella Anderson,215403121,44913294,Lay,Lay 11. All About Eve,1,All About Eve,0,14.4676125,0.074252211,-1,0.074252211
24/06/2023,Caulfield,Jackson Oldham,215403130,2360521,Back,Back 1. Milford,1,Milford,0,8.73281478,-1,-1,0.129319016
24/06/2023,Caulfield,Bella Anderson,215403130,28527827,Back,Back 3. Cherry Tortoni,1,Cherry Tortoni,0,9.80193592,-1,-1,0.11361137
24/06/2023,Caulfield,Bella Anderson,215403139,57377798,Back,Back 11. Skywolf,1,Skywolf,1,5.62529918,4.62529918,4.62529918,-1
24/06/2023,Caulfield,Jackson Oldham,215403139,907257,Lay,Lay 9. Prowling,1,Prowling,0,3.844532,0.351551679,-1,0.351551679
24/06/2023,Eagle Farm,Shane Ciurleo,215405956,57377668,Back,Back 6. Right To Party,2,Right To Party,0,3.36376373,-1,-1,0.423054126
24/06/2023,Eagle Farm,Shane Ciurleo,215405964,40433909,Lay,Lay 2. Luncies,2,Luncies,1,2.24770846,-1,1.24770846,-1
24/06/2023,Eagle Farm,Shane Ciurleo,215405968,40119507,Back,Back 5. Isis Carmella,1,Isis Carmella,0,4.73970504,-1,-1,0.267400768
24/06/2023,Eagle Farm,Shane Ciurleo,215405968,25793061,Back,Back 1. Moscini,1,Moscini,0,25.87768501,-1,-1,0.040196666
24/06/2023,Eagle Farm,Shane Ciurleo,215405980,57377685,Back,Back 16. Opal Ridge,1,Opal Ridge,0,5.03695246,-1,-1,0.247711612
24/06/2023,Eagle Farm,Shane Ciurleo,215405980,57377682,Back,Back 5. Chain Of Lightni,1,Chain Of Lightning,0,9.25114621,-1,-1,0.121195283
24/06/2023,Morphettville,Lachlan Mosley,215405521,57377746,Back,Back 2. Ballon Dor,1,Ballon Dor,0,4.32040805,-1,-1,0.301167804
24/06/2023,Morphettville,Lachlan Mosley,215405533,37231613,Back,Back 2. Picargo,1,Picargo,1,4.77808306,3.77808306,3.77808306,-1
24/06/2023,Morphettville,Lachlan Mosley,215405533,28310473,Back,Back 8. Extra Mile,1,Extra Mile,0,7.43589285,-1,-1,0.155378597
24/06/2023,Morphettville,Lachlan Mosley,215405545,54670687,Back,Back 9. Floral Oasis,1,Floral Oasis,0,9.4,-1,-1,0.119047619
24/06/2023,Morphettville,Lachlan Mosley,215405551,57377760,Back,Back 5. Big Shaq,2,Big Shaq,0,3.41027904,-1,-1,0.414889722
24/06/2023,Morphettville,Lachlan Mosley,215405557,40786494,Back,Back 1. Atomic Gold,1,Atomic Gold,0,8.8,-1,-1,0.128205128
24/06/2023,Morphettville,Lachlan Mosley,215405557,40022360,Back,Back 13. Malinong Club,1,Malinong Club,0,10.60755428,-1,-1,0.104084762
24/06/2023,Morphettville,Lachlan Mosley,215405557,22416595,Back,Back 2. Jaguary,1,Jaguary,0,16.80592209,-1,-1,0.063267426
24/06/2023,Randwick,Linton Chataway,215405658,47816663,Back,Back 8. Miss Thatcher,1,Miss Thatcher,0,4.5508932,-1,-1,0.281619284
24/06/2023,Randwick,Linton Chataway,215405664,50880032,Back,Back 7. Wahine Toa,1,Wahine Toa,0,2.99614492,-1,-1,0.500965631
24/06/2023,Randwick,Linton Chataway,215405676,57377615,Back,Back 5. Dream Hour,1,Dream Hour,0,10.5,-1,-1,0.105263158
24/06/2023,Randwick,Linton Chataway,215405682,55164390,Back,Back 4. Queenmaker,2,Queenmaker,0,4.6,-1,-1,0.277777778
24/06/2023,Randwick,Linton Chataway,215405694,57377627,Back,Back 9. Longvillers,1,Longvillers,0,9.71403726,-1,-1,0.11475737
24/06/2023,Randwick,Linton Chataway,215405706,46291791,Back,Back 2. Battleton,1,Battleton,0,5.5,-1,-1,0.222222222
24/06/2023,Randwick,Linton Chataway,215405706,50739737,Lay,Lay 7. Too Much Caviar,1,Too Much Caviar,0,20.44181089,0.051435538,-1,0.051435538
24/06/2023,Riccarton Park,Robert Logan,215430640,49087768,Back,Back 4. Proserve,1,4. Proserve,0,4.11,-1,-1,0.321543408
24/06/2023,Riccarton Park,Robert Logan,215430640,42945926,Back,Back 12. Jakkalnuts,1,12. Jakkalnuts,0,10.69,-1,-1,0.103199174
24/06/2023,Royal Ascot,Rory Flanagan,215442946,56946590,Back,Back Pearls And Rubies,1,Pearls And Rubies,0,3.13282608,-1,-1,0.468861484
24/06/2023,Royal Ascot,Rory Flanagan,215442954,1488728,Back,Back Covey,1,Covey,0,4.3,-1,-1,0.303030303
24/06/2023,Royal Ascot,Rory Flanagan,215442962,28702304,Back,Back Highfield Princess,1,Highfield Princess,0,4.40067673,-1,-1,0.294059118
24/06/2023,Royal Ascot,Rory Flanagan,215442962,6012487,Back,Back Artorius,1,Artorius,0,5.38788101,-1,-1,0.227900437
24/06/2023,Royal Ascot,Rory Flanagan,215442962,6921431,Back,Back Wellington,1,Wellington,0,10.85253124,-1,-1,0.10149676
24/06/2023,Royal Ascot,Rory Flanagan,215442970,37364592,Back,Back Free Wind,2,Free Wind,0,2.64125852,-1,-1,0.609288535
24/06/2023,Royal Ascot,Rory Flanagan,215442987,47250738,Back,Back Local Dynasty,1,Local Dynasty,0,6.47558963,-1,-1,0.182628734
24/06/2023,Royal Ascot,Rory Flanagan,215442987,51060118,Back,Back Ziryab,1,Ziryab,0,10.80957282,-1,-1,0.101941238
24/06/2023,Royal Ascot,Rory Flanagan,215442987,45325909,Back,Back Have Secret,1,Have Secret,0,42,-1,-1,0.024390244
24/06/2023,Royal Ascot,Rory Flanagan,215442996,1055519,Back,Back Stratum,1,Stratum,0,5.77990523,-1,-1,0.209209169
25/06/2023,Launceston,Jamie Cockshutt,215461986,2808524,Back,Back 5. Vincenzo,1,Vincenzo,1,2.66,1.66,1.66,-1
25/06/2023,Launceston,Jamie Cockshutt,215461990,20258191,Back,Back 6. Ideal Karalta,1,Ideal Karalta,1,4.3,3.3,3.3,-1
25/06/2023,Launceston,Jamie Cockshutt,215461990,1069841,Back,Back 12. Kenya,1,Kenya,0,8,-1,-1,0.142857143
25/06/2023,Launceston,Jamie Cockshutt,215461993,8697209,Back,Back 6. Baby You A Song,2,Baby You A Song,1,1.34184558,0.34184558,0.34184558,-1
25/06/2023,Launceston,Jamie Cockshutt,215461996,50335402,Back,Back 12. Sports Illustra,1,Sports Illustrator,0,4.70040474,-1,-1,0.270240709
25/06/2023,Launceston,Jamie Cockshutt,215461996,35462274,Back,Back 2. Major Lester,1,Major Lester,0,5.4,-1,-1,0.227272727
25/06/2023,Launceston,Jamie Cockshutt,215462000,50116335,Back,Back 9. Magician,1,Magician,0,5.37302122,-1,-1,0.228674857
25/06/2023,Launceston,Jamie Cockshutt,215462000,57363294,Back,Back 1. Mister Gently,1,Mister Gently,0,8.0640684,-1,-1,0.141561483
25/06/2023,Launceston,Jamie Cockshutt,215462003,57363299,Back,Back 10. Centurian Miss,1,Centurian Miss,0,7.85374926,-1,-1,0.145905542
25/06/2023,Launceston,Jamie Cockshutt,215462003,57363295,Back,Back 3. Brentwood Miss,1,Brentwood Miss,0,79.70808024,-1,-1,0.012705176
25/06/2023,Launceston,Jamie Cockshutt,215462006,57363304,Back,Back 12. Miss Papenhuyze,1,Miss Papenhuyzen,0,1.79752093,-1,-1,1.253885588
25/06/2023,Launceston,Jamie Cockshutt,215462006,39679330,Back,Back 9. Kivik,1,Kivik,0,10,-1,-1,0.111111111
25/06/2023,Launceston,Jamie Cockshutt,215462008,52900454,Back,Back 4. Nyack,1,Nyack,1,1.8447394,0.8447394,0.8447394,-1
25/06/2023,Launceston,Jamie Cockshutt,215462008,1533673,Back,Back 1. Serengeti Sunris,1,Serengeti Sunrise,0,7.65735322,-1,-1,0.150209846
25/06/2023,Launceston,Jamie Cockshutt,215462016,20742317,Back,Back 5. Im Quite America,1,Im Quite American,0,3.55152609,-1,-1,0.39192231
25/06/2023,Launceston,Jamie Cockshutt,215462016,21859519,Back,Back 8. Taxi Meter,1,Taxi Meter,0,4.99326383,-1,-1,0.250421721
25/06/2023,Launceston,Jamie Cockshutt,215462027,47841109,Back,Back 1. Melnrowley,1,Melnrowley,1,2.40719391,1.40719391,1.40719391,-1
25/06/2023,Port Augusta,Lachlan Mosley,215459773,55978145,Back,Back 6. Glacies Heart,1,Glacies Heart,0,26.77739817,-1,-1,0.038793675
25/06/2023,Port Augusta,Lachlan Mosley,215459785,55012779,Back,Back 5. Blue Luna,2,Blue Luna,0,4.72561452,-1,-1,0.268412095
25/06/2023,Port Augusta,Lachlan Mosley,215459797,36423446,Back,Back 3. Melmac,1,Melmac,0,12,-1,-1,0.090909091
25/06/2023,Port Augusta,Lachlan Mosley,215459797,42412562,Lay,Lay 6. Zakybree,1,Zakybree,1,3.88714263,-1,2.88714263,-1
25/06/2023,Port Augusta,Lachlan Mosley,215459803,28361309,Back,Back 1. Grinzinger Allee,1,Grinzinger Allee,0,4.91803621,-1,-1,0.255229903
26/06/2023,Ballarat,Michael Tye,215506952,57527688,Back,Back 6. Brodies Tiger,1,6. Brodies Tiger,0,4.87,-1,-1,0.258397933
26/06/2023,Ballarat,Michael Tye,215506957,57527692,Back,Back 4. Scooby Grange,1,4. Scooby Grange,0,3.1,-1,-1,0.476190476
26/06/2023,Ballarat,Michael Tye,215506962,55621662,Back,Back 8. Yori Bale,1,8. Yori Bale,1,2.05,1.05,1.05,-1
26/06/2023,Ballarat,Michael Tye,215506977,41750235,Back,Back 6. Compton Redeemer,2,6. Compton Redeemer,0,4.2,-1,-1,0.3125
26/06/2023,Ballarat,Michael Tye,215506992,42561550,Lay,Lay 1. High Card Riot,2,1. High Card Riot,0,13.5,0.08,-1,0.08
26/06/2023,Ballarat,Michael Tye,215507002,46626104,Back,Back 8. Ians Grange,1,8. Ians Grange,0,3.12,-1,-1,0.471698113
26/06/2023,Globe Derby,Mark Lawrence,215470665,57413125,Lay,Lay 5. Bettors Boy,2,5. Bettors Boy,1,3.25,-1,2.25,-1
26/06/2023,Globe Derby,Mark Lawrence,215470667,50530119,Back,Back 2. Always Steamed Up,2,Always Steamed Up,0,2.34645528,-1,-1,0.742690838
26/06/2023,Pakenham,Jackson Oldham,215460023,57450891,Back,Back 5. Joon Ho,1,5. Joon Ho,0,3.67,-1,-1,0.374531835
26/06/2023,Pakenham,Jackson Oldham,215460023,7446754,Back,Back 3. Chambers Bay,1,3. Chambers Bay,1,5.78,4.78,4.78,-1
26/06/2023,Pakenham,Jackson Oldham,215460031,49891528,Lay,Lay 2. Bob The Horse,2,2. Bob The Horse,0,7.42,0.15576324,-1,0.15576324
26/06/2023,Pakenham,Jackson Oldham,215460047,38989410,Back,Back 4. Boschendal,2,4. Boschendal,0,5.9,-1,-1,0.204081633
27/06/2023,Albion Park,Ryan Spice,215504916,57419719,Lay,Lay 7. Force Full,2,7. Force Full,0,3.68,0.373134328,-1,0.373134328
27/06/2023,Albion Park,Ryan Spice,215504930,19451974,Back,Back 11. Abouttime,2,Abouttime,0,1.69899983,-1,-1,1.430615512
27/06/2023,Ballarat,Jackson Oldham,215502326,57450738,Back,Back 1. That Contageous,2,That Contageous,0,2.91961145,-1,-1,0.520938756
27/06/2023,Ballarat,Glenn Ingram,215502330,57450740,Back,Back 2. Smokey Warrior,1,2. Smokey Warrior,1,3.63,2.63,2.63,-1
27/06/2023,Ballarat,Betfair,215502334,42688557,Lay,Lay 6. Silly Salmon,1,6. Silly Salmon,0,14.72,0.072886297,-1,0.072886297
27/06/2023,Ballarat,Jackson Oldham,215502338,44364783,Lay,Lay 8. Stardom Awaayts,2,Stardom Awaayts,0,3.52483825,0.396064976,-1,0.396064976
27/06/2023,Gloucester Park,Scott Hill,215504936,57419164,Lay,Lay 8. Rodasi,2,Rodasi,0,12.5,0.087,-1,0.086956522
27/06/2023,Gloucester Park,Scott Hill,215504939,25422158,Back,Back 7. Sunshine Swift,1,Sunshine Swift,1,2.34,1.34,1.34,-1
27/06/2023,Gloucester Park,Scott Hill,215504942,42485684,Back,Back 10. Shehadi,1,Shehadi,0,13.21,-1,-1,0.081900082
27/06/2023,Gloucester Park,Scott Hill,215504945,22747390,Back,Back 2. All Aussie Mach,1,All Aussie Mach,0,9.47,-1,-1,0.118063754
27/06/2023,Gloucester Park,Scott Hill,215504948,45787519,Back,Back 1. Tiger by the Tail,2,Tiger by the Tail,0,1.59,-1,-1,1.694915254
27/06/2023,Gloucester Park,Scott Hill,215504960,52720688,Back,Back 4. Terasita,1,Terasita,0,4.19,-1,-1,0.313479624
27/06/2023,Kembla Grange,Linton Chataway,215501809,57450949,Back,Back 3. Highborn Harry,1,3. Highborn Harry,1,1.58,0.58,0.58,-1
27/06/2023,Kembla Grange,Linton Chataway,215501813,57148341,Lay,Lay 8. Interventionist,2,8. Interventionist,0,3.52,0.396825397,-1,0.396825397
27/06/2023,Kembla Grange,Linton Chataway,215501817,43858318,Back,Back 4. Lovero,2,4. Lovero,0,2.03,-1,-1,0.970873786
27/06/2023,Rockhampton,Jaycin Campbell,215533526,57564014,Back,Back 4. Sakura Sky,2,Sakura Sky,0,3.49,-1,-1,0.401606426
27/06/2023,Rockhampton,Jaycin Campbell,215533536,49268748,Back,Back 5. Bocconcini,1,Bocconcini,0,2.84,-1,-1,0.543478261
27/06/2023,Rockhampton,Jaycin Campbell,215533541,52061410,Lay,Lay 5. Inspired Reason,2,Inspired Reason,0,6.8,0.172413793,-1,0.172413793
27/06/2023,Rockhampton,Jaycin Campbell,215533581,43653442,Back,Back 6. Tokyo Dreamer,1,Tokyo Dreamer,0,4.52,-1,-1,0.284090909
27/06/2023,Shepparton,Darren And Brett Carroll,215504420,49514445,Lay,Lay 1. Ess Kay Hollywo,1,1. Ess Kay Hollywood,0,3.2,0.454545455,-1,0.454545455
27/06/2023,Shepparton,Darren And Brett Carroll,215504434,11948331,Lay,Lay 9. Shaq,2,Shaq,0,5.1,0.243902439,-1,0.243902439
27/06/2023,Shepparton,Darren And Brett Carroll,215504436,54442183,Back,Back 9. Rockets Mate,2,Rockets Mate,1,3.01,2.01,2.01,-1
27/06/2023,Shepparton,Darren And Brett Carroll,215504440,41018574,Back,Back 3. Ima Charma,1,Ima Charma,0,2.83,-1,-1,0.546448087
28/06/2023,Balaklava,Lachlan Mosley,215533321,57047254,Back,Back 1. Exiled Love,1,Exiled Love,0,3.34570462,-1,-1,0.426311135
28/06/2023,Balaklava,Lachlan Mosley,215533321,48933844,Back,Back 13. Super Alana,1,Super Alana,0,7.09626398,-1,-1,0.164034891
28/06/2023,Balaklava,Lachlan Mosley,215533333,2907895,Back,Back 10. Solemn Promise,1,Solemn Promise,0,2.54693302,-1,-1,0.6464404
28/06/2023,Balaklava,Lachlan Mosley,215533333,57563327,Back,Back 5. Crystal Gaze,1,Crystal Gaze,0,14.41346015,-1,-1,0.074551979
28/06/2023,Balaklava,Lachlan Mosley,215533333,54935930,Back,Back 1. Alexein,1,Alexein,0,34,-1,-1,0.03030303
28/06/2023,Balaklava,Lachlan Mosley,215533339,42900817,Back,Back 1. Jonquest,2,Jonquest,0,15.51288051,-1,-1,0.068904309
28/06/2023,Balaklava,The Analyst,215533339,42900817,Back,Back 1. Jonquest,2,Jonquest,0,15.51288051,-1,-1,0.068904309
28/06/2023,Balaklava,Lachlan Mosley,215533339,22648911,Lay,Lay 2. Magic Phantom,2,Magic Phantom,0,7,0.166666667,-1,0.166666667
28/06/2023,Balaklava,The Analyst,215533339,22648911,Lay,Lay 2. Magic Phantom,2,Magic Phantom,0,7,0.166666667,-1,0.166666667
28/06/2023,Balaklava,Lachlan Mosley,215533351,47078183,Back,Back 2. Imposing Suspect,1,Imposing Suspect,0,4.34012763,-1,-1,0.299389757
28/06/2023,Eagle Farm,Shane Ciurleo,215532896,57563363,Back,Back 13. Ocean Zar,1,Ocean Zar,1,3.42506342,2.42506342,2.42506342,-1
28/06/2023,Eagle Farm,Shane Ciurleo,215532896,57563361,Back,Back 11. Puccini Dream,1,Puccini Dream,0,22,-1,-1,0.047619048
28/06/2023,Eagle Farm,Shane Ciurleo,215532900,57563367,Back,Back 2. Micro,2,Micro,0,7,-1,-1,0.166666667
28/06/2023,Eagle Farm,The Analyst,215532900,57563367,Back,Back 2. Micro,2,Micro,0,7,-1,-1,0.166666667
28/06/2023,Eagle Farm,Shane Ciurleo,215532900,1139124,Lay,Lay 9. Brentwood,2,Brentwood,0,11.5,0.095238095,-1,0.095238095
28/06/2023,Eagle Farm,The Analyst,215532900,1139124,Lay,Lay 9. Brentwood,2,Brentwood,0,11.5,0.095238095,-1,0.095238095
28/06/2023,Sandown,Jackson Oldham,215532753,57563556,Back,Back 5. Nijiko,2,Nijiko,0,5.82597212,-1,-1,0.207212138
28/06/2023,Sandown,The Analyst,215532753,57563556,Back,Back 5. Nijiko,2,Nijiko,0,5.82597212,-1,-1,0.207212138
28/06/2023,Sandown,Jackson Oldham,215532774,2405423,Lay,Lay 6. Immortality,2,Immortality,0,4.60047299,0.277741286,-1,0.277741286
28/06/2023,Sandown,The Analyst,215532774,2405423,Lay,Lay 6. Immortality,2,Immortality,0,4.60047299,0.277741286,-1,0.277741286
28/06/2023,Warwick Farm,Linton Chataway,215532834,57563503,Back,Back 12. Waterski,1,Waterski,0,3.40164526,-1,-1,0.416381227
28/06/2023,Warwick Farm,Linton Chataway,215532834,57563499,Back,Back 7. I Am Famous,1,I Am Famous,0,8.2,-1,-1,0.138888889
28/06/2023,Warwick Farm,Linton Chataway,215532846,57563530,Back,Back 10. Dakota Vroom,1,Dakota Vroom,1,5.7369214,4.7369214,4.7369214,-1
28/06/2023,Warwick Farm,Linton Chataway,215532852,2127685,Back,Back 7. Growl,1,Growl,0,4.97532736,-1,-1,0.251551611
28/06/2023,Warwick Farm,Linton Chataway,215532864,57563540,Back,Back 7. Nostalgia,2,Nostalgia,0,2.18113295,-1,-1,0.846644741
28/06/2023,Warwick Farm,The Analyst,215532864,57563540,Back,Back 7. Nostalgia,2,Nostalgia,0,2.18113295,-1,-1,0.846644741
28/06/2023,Warwick Farm,Linton Chataway,215532864,57563539,Back,Back 6. Smart Little Mis,1,Smart Little Miss,0,11,-1,-1,0.1
29/06/2023,Albion Park,Jaycin Campbell,215595473,45023520,Lay,Lay 5. Ariarne Bale,2,Ariarne Bale,1,7.58133452,-1,6.58133452,-1
29/06/2023,Albion Park,Jaycin Campbell,215595493,44011653,Back,Back 2. Amron Boy,1,Amron Boy,1,1.54479673,0.54479673,0.54479673,-1
29/06/2023,Albion Park,Jaycin Campbell,215595503,49914714,Back,Back 1. Crumble Monelli,1,Crumble Monelli,1,5.64205814,4.64205814,4.64205814,-1
29/06/2023,Albion Park,Jaycin Campbell,215595508,50141507,Back,Back 8. Postman Pat,2,Postman Pat,1,1.49,0.49,0.49,-1
29/06/2023,Ballina,Betfair,215566958,57593406,Lay,Lay 4. The Wanderer,1,The Wanderer,0,6.4,0.185185185,-1,0.185185185
29/06/2023,Bendigo,Glenn Ingram,215568530,4161141,Back,Back 5. Metrical,2,Metrical,1,1.64,0.64,0.64,-1
29/06/2023,Bendigo,Jackson Oldham,215568530,4161141,Back,Back 5. Metrical,2,Metrical,1,1.64,0.64,0.64,-1
29/06/2023,Bendigo,Jackson Oldham,215568554,57593503,Lay,Lay 3. Lord Domino,2,Lord Domino,0,4.5,0.285714286,-1,0.285714286
29/06/2023,Hawkesbury,Linton Chataway,215566966,57593314,Lay,Lay 2. Mission Ridge,2,Mission Ridge,1,9.4,-1,8.4,-1
29/06/2023,Hawkesbury,Linton Chataway,215566968,9114052,Back,Back 5. Proceed,1,Proceed,0,9.40009767,-1,-1,0.119046235
29/06/2023,Hawkesbury,Linton Chataway,215566972,45758232,Lay,Lay 4. Stars And Bars,1,Stars And Bars,0,4.47054037,0.288139567,-1,0.288139567
29/06/2023,Hawkesbury,Linton Chataway,215566974,57593332,Back,Back 7. Okataina,2,Okataina,0,5.26465678,-1,-1,0.234485458
29/06/2023,Hawkesbury,Linton Chataway,215566976,57593339,Back,Back 7. Jamrock,1,Jamrock,0,6.59326409,-1,-1,0.17878648
29/06/2023,Kilmore,Darren And Brett Carroll,215568471,57339739,Back,Back 11. Michen Roy,2,Michen Roy,0,3.25,-1,-1,0.444444444
29/06/2023,Sandown Park,Michael Tye,215595118,46862803,Back,Back 3. Landyn Bale,2,Landyn Bale,1,2.68,1.68,1.68,-1
29/06/2023,Sandown Park,Michael Tye,215595133,50406039,Lay,Lay 8. Triumph,2,Triumph,0,6.8,0.172413793,-1,0.172413793
30/06/2023,Bendigo,Michael Tye,215618717,57655491,Back,Back 7. Mepunga Ollie,1,Mepunga Ollie,0,3.75,-1,-1,0.363636364
30/06/2023,Bendigo,Michael Tye,215618727,52385564,Back,Back 4. Osanna Bale,1,Osanna Bale,1,1.92404366,0.92404366,0.92404366,-1
30/06/2023,Bendigo,Michael Tye,215618732,47017111,Back,Back 4. Zella Bale,1,Zella Bale,0,3.1,-1,-1,0.476190476
30/06/2023,Bendigo,Michael Tye,215618737,54266143,Back,Back 3. Rotten Ronnie,1,Rotten Ronnie,0,2.39391581,-1,-1,0.717403442
30/06/2023,Bendigo,Michael Tye,215618742,47039853,Back,Back 2. Zoha Bale,2,Zoha Bale,0,1.61,-1,-1,1.639344262
30/06/2023,Bendigo,Michael Tye,215618747,44855654,Back,Back 8. Striker,1,Striker,0,3.25,-1,-1,0.444444444
30/06/2023,Bendigo,Michael Tye,215618752,49546900,Lay,Lay 6. Impress Browning,2,Impress Browning,0,7.89226016,0.145090286,-1,0.145090286
30/06/2023,Geelong,Glenn Ingram,215595445,50712943,Back,Back 7. Retrospection,1,Retrospection,0,4.35904135,-1,-1,0.297703986
30/06/2023,Gloucester Park,Scott Hill,215595195,51179179,Back,Back 9. Fly To Fame,1,Fly To Fame,1,18.01348833,17.01348833,17.01348833,-1
30/06/2023,Gloucester Park,Scott Hill,215595198,38484335,Back,Back 3. Rock On Top,1,Rock On Top,0,4.58786278,-1,-1,0.27871746
30/06/2023,Gloucester Park,Scott Hill,215595201,39087998,Back,Back 7. Hillview Bondi,1,Hillview Bondi,0,12.68401484,-1,-1,0.085587019
30/06/2023,Gloucester Park,Scott Hill,215595207,23698217,Back,Back 5. Miss Lamarr,1,Miss Lamarr,0,8.20246439,-1,-1,0.138841367
30/06/2023,Gloucester Park,Scott Hill,215595210,23626920,Back,Back 6. Run For Mercy,1,Run For Mercy,0,16,-1,-1,0.066666667
30/06/2023,Gloucester Park,Scott Hill,215595213,37975447,Back,Back 3. Carabao,1,Carabao,1,7.30458439,6.30458439,6.30458439,-1
30/06/2023,Gloucester Park,Scott Hill,215595213,35934790,Lay,Lay 1. Verano,2,Verano,0,9.6,0.11627907,-1,0.11627907
30/06/2023,Gloucester Park,Scott Hill,215595219,57147487,Back,Back 4. Allwoods Chevron,2,Allwoods Chevron,0,4.5,-1,-1,0.285714286
30/06/2023,Gloucester Park,Scott Hill,215595222,57604123,Back,Back 3. I Cross My Heart,1,I Cross My Heart,1,2.91377648,1.91377648,1.91377648,-1
30/06/2023,Hastings,Robert Logan,215618559,3280694,Back,Back 9. Prismatic,1,Prismatic,0,5.41,-1,-1,0.22675737
