Tipster_Name,MeetingDate,TrackName,Content,International_Meeting,Racing_Code,Race,Selection,BettingStrategy,MarketType,RP,SelectionName,Stake,BestBet,Market_ID,Selection_ID,MBR,RESULT,BSP,PROFIT_BSP,PROFIT_BSP_RP,PROFIT_BESTBET
Brett & Darren Carroll,1/12/2025,Maryborough,EXPERT TIPS,FALSE,Harness,10,11,BACK,WIN,$2.00,11. Rakarompa,3,BEST BET,251170423,86586984,8,0,3.85,-3.00,-3.00,-3.00
Brett & Darren Carroll,1/12/2025,Maryborough,EXPERT TIPS,FALSE,Harness,2,4,BACK,WIN,$1.90,4. Fireside,2,,251170407,91873267,8,0,3.69,-2.00,-2.00,0.00
Brett & Darren Carroll,1/12/2025,Maryborough,EXPERT TIPS,FALSE,Harness,8,1,BACK,WIN,$2.40,1. The Ladybird,1,,251170419,49949519,8,0,5.3,-1.00,-1.00,0.00
Will Norman,1/12/2025,Menangle,EXPERT TIPS,FALSE,Harness,1,8,BACK,WIN,$3.00,8. Affaire De Cover,2,,251170426,36709375,8,0,4.4,-2.00,-2.00,0.00
Will Norman,1/12/2025,Menangle,EXPERT TIPS,FALSE,Harness,2,4,BACK,WIN,$2.50,4. Thebestbourbon,2,,251170429,45197445,8,0,2.6,-2.00,-2.00,0.00
Will Norman,1/12/2025,Menangle,EXPERT TIPS,FALSE,Harness,4,3,BACK,WIN,$1.50,3. Oursurfinsafari,3,BEST BET,251170435,42270615,8,0,1.71,-3.00,-3.00,-3.00
Scott Hill,1/12/2025,Pinjarra,EXPERT TIPS,FALSE,Harness,2,7,BACK,WIN,$2.00,7. Ultimate Event,2,,251174421,5119534,8,0,3.05,-2.00,-2.00,0.00
Scott Hill,1/12/2025,Pinjarra,EXPERT TIPS,FALSE,Harness,3,8,BACK,WIN,$5.00,8. You Fly With Me ,1,,251174423,46661998,8,0,26.96,-1.00,-1.00,0.00
Scott Hill,1/12/2025,Pinjarra,EXPERT TIPS,FALSE,Harness,4,4,BACK,WIN,$2.00,4. Skip A Beat,2,,251174425,2588928,8,1,2.24,2.28,2.28,0.00
Scott Hill,1/12/2025,Pinjarra,EXPERT TIPS,FALSE,Harness,6,10,BACK,WIN,$1.80,10. Eclipse Line,3,BEST BET,251174429,73498819,8,1,1.88,2.43,2.43,2.43
Shayne O'Cass,1/12/2025,Sapphire Coast,EXPERT TIPS,FALSE,Thoroughbred,3,10,BACK,WIN,,10. Lady Yarrow,2,BEST BET,251126984,81221397,10,1,2.04,1.87,1.87,1.87
Shayne O'Cass,1/12/2025,Sapphire Coast,EXPERT TIPS,FALSE,Thoroughbred,4,9,BACK,WIN,,9. Too Darn Sassy,2,,251126990,91872327,10,0,17.5,-2.00,-2.00,0.00
Shayne O'Cass,1/12/2025,Sapphire Coast,EXPERT TIPS,FALSE,Thoroughbred,4,9,BACK,PLACE,,9. Too Darn Sassy,2,,251126991,91872327,10,0,4.08,-2.00,-2.00,0.00
Shayne O'Cass,1/12/2025,Sapphire Coast,EXPERT TIPS,FALSE,Thoroughbred,5,6,BACK,WIN,,6. Midnight Affair,2,,251126996,69931517,10,0,3.95,-2.00,-2.00,0.00
Shayne O'Cass,1/12/2025,Sapphire Coast,EXPERT TIPS,FALSE,Thoroughbred,5,6,BACK,PLACE,,6. Midnight Affair,2,,251126997,69931517,10,1,1.74,1.33,1.33,0.00
Shayne O'Cass,1/12/2025,Sapphire Coast,EXPERT TIPS,FALSE,Thoroughbred,6,11,BACK,WIN,,11. Casino Shaw,2,,251127002,91872337,10,1,4.61,6.50,6.50,0.00
Shayne O'Cass,1/12/2025,Sapphire Coast,EXPERT TIPS,FALSE,Thoroughbred,6,11,BACK,PLACE,,11. Casino Shaw,2,,251127003,91872337,10,1,1.74,1.33,1.33,0.00
Shayne O'Cass,1/12/2025,Sapphire Coast,EXPERT TIPS,FALSE,Thoroughbred,7,9,BACK,WIN,,9. Friskee Frog,2,,251127008,79891048,10,0,11.81,-2.00,-2.00,0.00
Michael Tye,1/12/2025,Shepparton,EXPERT TIPS,FALSE,Greyhounds,10,4,BACK,WIN,$2.25,4. Zonnekeyn,2,,251171243,74616788,8,0,2.24,-2.00,0.00,0.00
Michael Tye,1/12/2025,Shepparton,EXPERT TIPS,FALSE,Greyhounds,12,4,BACK,WIN,$2.15,4. Flying Intention ,3,BEST BET,251171253,86696533,8,0,1.74,-3.00,0.00,-3.00
Michael Tye,1/12/2025,Shepparton,EXPERT TIPS,FALSE,Greyhounds,2,6,BACK,WIN,$2.65,6. Extortion,2,,251171203,91924780,8,1,5.1,7.54,7.54,0.00
Michael Tye,1/12/2025,Shepparton,EXPERT TIPS,FALSE,Greyhounds,4,3,BACK,WIN,$3.00,3. Zipping Kepil ,1,,251171213,84375438,8,0,4.66,-1.00,-1.00,0.00
Michael Tye,1/12/2025,Shepparton,EXPERT TIPS,FALSE,Greyhounds,5,7,BACK,WIN,$2.85,7. Flaming Smooth,2,,251171218,89670629,8,1,2.94,3.57,3.57,0.00
Michael Tye,1/12/2025,Shepparton,EXPERT TIPS,FALSE,Greyhounds,7,3,LAY,WIN,$6.00,3. Sweet Love ,2,BEST BET,251171228,84182856,8,0,4.5,0.53,0.53,0.53
Michael Tye,1/12/2025,Shepparton,EXPERT TIPS,FALSE,Greyhounds,7,3,LAY,PLACE,$6.00,3. Sweet Love ,2,BEST BET,251171229,84182856,8,1,1.63,-2.00,-2.00,-2.00
Michael Tye,1/12/2025,Shepparton,EXPERT TIPS,FALSE,Greyhounds,8,4,LAY,WIN,$7.50,4. Marrakesh ,1,,251171233,3216485,8,0,14,0.07,0.00,0.00
Shayne O'Cass,1/12/2025,Taree,EXPERT TIPS,FALSE,Thoroughbred,2,5,BACK,WIN,,5. Gawking About,2,,251126941,91872189,10,0,7.39,-2.00,-2.00,0.00
Shayne O'Cass,1/12/2025,Taree,EXPERT TIPS,FALSE,Thoroughbred,2,5,BACK,PLACE,,5. Gawking About,2,,251126942,91872189,10,0,2.19,-2.00,-2.00,0.00
Shayne O'Cass,1/12/2025,Taree,EXPERT TIPS,FALSE,Thoroughbred,4,2,BACK,WIN,,2. Etoile Filante,2,BEST BET,251126951,77688632,10,0,6.73,-2.00,-2.00,-2.00
Shayne O'Cass,1/12/2025,Taree,EXPERT TIPS,FALSE,Thoroughbred,5,1,BACK,WIN,,1. Aye Aye Skipper,2,,251126956,56645228,10,0,5.96,-2.00,-2.00,0.00
Shayne O'Cass,1/12/2025,Taree,EXPERT TIPS,FALSE,Thoroughbred,6,5,BACK,WIN,,5. Song For Rosie,2,,251126961,91872200,10,0,5.09,-2.00,-2.00,0.00
Shayne O'Cass,1/12/2025,Taree,EXPERT TIPS,FALSE,Thoroughbred,7,2,BACK,WIN,,2. Golden Honour,2,,251126966,71980421,10,0,5.8,-2.00,-2.00,0.00
Shayne O'Cass,1/12/2025,Taree,EXPERT TIPS,FALSE,Thoroughbred,7,2,BACK,PLACE,,2. Golden Honour,2,,251126967,71980421,10,1,1.88,1.58,1.58,0.00
Ryan Spice,2/12/2025,Albion Park,EXPERT TIPS,FALSE,Harness,2,5,BACK,WIN,$2.50,5. Post Painter,2,,251211827,67504620,8,0,2.86,-2.00,-2.00,0.00
Ryan Spice,2/12/2025,Albion Park,EXPERT TIPS,FALSE,Harness,5,2,BACK,WIN,$2.50,2. The Lady Dior,2,,251211833,85994549,8,1,1.84,1.55,0.00,0.00
Ryan Spice,2/12/2025,Albion Park,EXPERT TIPS,FALSE,Harness,7,1,BACK,PLACE,$1.80,1. Luvn Osman,3,BEST BET,251211838,89895015,8,0,1.58,-3.00,0.00,-3.00
Ryan Spice,2/12/2025,Albion Park,EXPERT TIPS,FALSE,Harness,9,2,LAY,PLACE,$2.80,2. San Saba,1,BEST BET,251211842,2020000,8,0,4.8,0.24,0.00,0.24
Jackson Oldham,2/12/2025,Donald,EXPERT TIPS,FALSE,Thoroughbred,4,7,BACK,WIN,$1.85,7. Thinking Sensation,2,BEST BET,251169663,87857865,8,1,1.7,1.29,0.00,1.29
Betfair Data Scientist,2/12/2025,Geelong,EXPERT TIPS,FALSE,Greyhounds,1,1,LAY,WIN,$2.21,1. NORTON BALE,1,,251212048,91925258,8,1,1.43,-1.00,-1.00,0.00
Betfair Data Scientist,2/12/2025,Geelong,EXPERT TIPS,FALSE,Greyhounds,1,7,LAY,WIN,$5.54,7. AMONG STARS,1,,251212053,91204606,8,0,2.78,0.52,0.52,0.00
Scott Hill,2/12/2025,Gloucester Park,EXPERT TIPS,FALSE,Harness,1,4,BACK,WIN,$1.04,4. Captains Creek,5,BEST BET,251211873,72213591,8,1,1.51,2.35,2.35,2.35
Scott Hill,2/12/2025,Gloucester Park,EXPERT TIPS,FALSE,Harness,3,3,BACK,WIN,$3.30,3. State My Case,1,,251211879,54148365,8,0,8.51,-1.00,-1.00,0.00
Scott Hill,2/12/2025,Gloucester Park,EXPERT TIPS,FALSE,Harness,4,9,BACK,WIN,$2.50,9. Greatgreat Boulder,2,,251211882,53126807,8,0,3.42,-2.00,-2.00,0.00
Scott Hill,2/12/2025,Gloucester Park,EXPERT TIPS,FALSE,Harness,5,9,LAY,WIN,$3.30,9. Curadh,3,,251211885,91125724,8,0,4.31,0.83,0.00,0.00
Scott Hill,2/12/2025,Gloucester Park,EXPERT TIPS,FALSE,Harness,6,2,BACK,WIN,$1.65,2. Too Far Away Ted,3,,251211888,80415770,8,1,1.7,1.93,1.93,0.00
Betfair Data Scientist,2/12/2025,Horsham,EXPERT TIPS,FALSE,Greyhounds,1,8,LAY,WIN,$3.85,8. DEVIL CAN FLY,1,,251212186,88694651,8,0,1.45,2.04,2.04,0.00
Mitch Lewis,2/12/2025,Scone,EXPERT TIPS,FALSE,Thoroughbred,3,5,BACK,WIN,$3.00,5. Insain Jewel,1,,251170510,91923675,10,0,2.54,-1.00,0.00,0.00
Mitch Lewis,2/12/2025,Scone,EXPERT TIPS,FALSE,Thoroughbred,4,5,LAY,WIN,$4.00,5. Rainbow Blessing,1,BEST BET,251170515,91923677,10,0,2.33,0.68,0.68,0.68
Mitch Lewis,2/12/2025,Scone,EXPERT TIPS,FALSE,Thoroughbred,6,1,BACK,WIN,$1.90,1. Mega Pixel,2,BEST BET,251170525,91923682,10,0,3.25,-2.00,-2.00,-2.00
Brett & Darren Carroll,2/12/2025,Shepparton,EXPERT TIPS,FALSE,Harness,2,9,BACK,WIN,$3.00,9. Riveera,1,,251211749,71620728,8,1,3.05,1.89,1.89,0.00
Brett & Darren Carroll,2/12/2025,Shepparton,EXPERT TIPS,FALSE,Harness,6,9,BACK,WIN,$2.40,9. My Mate Ace,2,BEST BET,251211757,91873301,8,0,3,-2.00,-2.00,-2.00
Brett & Darren Carroll,2/12/2025,Shepparton,EXPERT TIPS,FALSE,Harness,7,5,BACK,WIN,$2.40,5. Totally Stunning,2,,251211759,91873304,8,0,2.08,-2.00,0.00,0.00
Michael Tye,2/12/2025,Warragul,EXPERT TIPS,FALSE,Greyhounds,1,5,BACK,WIN,$1.70,5. Hes Freaky,3,BEST BET,251212448,91926265,8,0,1.39,-3.00,0.00,-3.00
Michael Tye,2/12/2025,Warragul,EXPERT TIPS,FALSE,Greyhounds,11,8,LAY,WIN,$4.20,8. Champagne Cuddle ,1,,251212498,65788266,8,1,2.22,-1.00,-1.00,0.00
Michael Tye,2/12/2025,Warragul,EXPERT TIPS,FALSE,Greyhounds,4,7,LAY,PLACE,$2.85,7. Lakeview Sneaky ,1,,251212464,91926280,8,0,3.2,0.42,0.00,0.00
Michael Tye,2/12/2025,Warragul,EXPERT TIPS,FALSE,Greyhounds,6,4,BACK,WIN,$1.95,4. Aston Renminbi,3,,251212473,88070020,8,0,1.69,-3.00,0.00,0.00
Michael Tye,2/12/2025,Warragul,EXPERT TIPS,FALSE,Greyhounds,8,7,LAY,WIN,$4.80,7. Greysynd Sammy ,2,BEST BET,251212483,70042864,8,1,3.05,-2.00,-2.00,-2.00
Michael Tye,2/12/2025,Warragul,EXPERT TIPS,FALSE,Greyhounds,9,1,LAY,WIN,$4.00,1. Amron Dancer ,1,,251212488,86934067,8,1,4.69,-1.00,0.00,0.00
Will Norman,2/12/2025,Young,EXPERT TIPS,FALSE,Harness,2,3,BACK,WIN,$1.50,3. She Who Dares ,3,,251211724,40508799,8,1,1.48,1.32,0.00,0.00
Will Norman,2/12/2025,Young,EXPERT TIPS,FALSE,Harness,3,1,BACK,WIN,$1.60,1. Lucky Zara,2,,251211727,39496480,8,1,1.91,1.67,1.67,0.00
Will Norman,2/12/2025,Young,EXPERT TIPS,FALSE,Harness,4,9,BACK,WIN,$3.00,9. No Alibi,2,,251211730,404119,8,0,11.56,-2.00,-2.00,0.00
Will Norman,2/12/2025,Young,EXPERT TIPS,FALSE,Harness,6,2,BACK,WIN,$1.70,2. Heza Vincent,3,BEST BET,251211736,91890464,8,1,1.53,1.46,0.00,1.46
Lachlan Mosley,3/12/2025,Balaklava,EXPERT TIPS,FALSE,Thoroughbred,3,1,BACK,WIN,,1. Chur Nibble ,4,BEST BET,251214740,82277566,8,1,1.54,1.99,1.99,1.99
Lachlan Mosley,3/12/2025,Balaklava,EXPERT TIPS,FALSE,Thoroughbred,6,4,BACK,WIN,,4. Yes I Believe ,2,,251214767,92087579,8,0,8.55,-2.00,-2.00,0.00
Lachlan Mosley,3/12/2025,Balaklava,EXPERT TIPS,FALSE,Thoroughbred,6,4,BACK,PLACE,,4. Yes I Believe ,2,,251214768,92087579,8,0,2.76,-2.00,-2.00,0.00
Jackson Oldham,3/12/2025,Caulfield,EXPERT TIPS,FALSE,Thoroughbred,3,2,BACK,WIN,$1.85,2. Chokuto,3,BEST BET,251216253,89709226,8,0,2.25,-3.00,-3.00,-3.00
Stephen Christie,3/12/2025,Launceston,EXPERT TIPS,FALSE,Thoroughbred,4,5,BACK,WIN,$3.00,5. Ngapali Beach,2,,251214892,62839268,8,0,3,-2.00,-2.00,0.00
Stephen Christie,3/12/2025,Launceston,EXPERT TIPS,FALSE,Thoroughbred,5,3,BACK,WIN,$3.10,3. Snowdonia ,2,,251214898,91432806,8,0,4.1,-2.00,-2.00,0.00
Stephen Christie,3/12/2025,Launceston,EXPERT TIPS,FALSE,Thoroughbred,7,6,BACK,WIN,$2.90,6. Launnie Nights,2,,251214910,43309008,8,1,4.24,5.96,5.96,0.00
Brett & Darren Carroll,3/12/2025,Mildura,EXPERT TIPS,FALSE,Harness,2,7,BACK,WIN,$2.00,7. Glitzy All Over,1,,251250838,48426983,8,0,2.76,-1.00,-1.00,0.00
Brett & Darren Carroll,3/12/2025,Mildura,EXPERT TIPS,FALSE,Harness,4,8,BACK,WIN,$1.70,8. Earl Of Pembroke,3,BEST BET,251250842,6276093,8,1,1.8,2.21,2.21,2.21
Brett & Darren Carroll,3/12/2025,Mildura,EXPERT TIPS,FALSE,Harness,5,2,BACK,WIN,$1.70,2. Whatta Ya Up Taa,2,,251250844,88420595,8,0,1.77,-2.00,-2.00,0.00
Brett & Darren Carroll,3/12/2025,Mildura,EXPERT TIPS,FALSE,Harness,8,12,LAY,WIN,$15.00,12. Stylistik,3,BEST BET,251250850,91924835,8,0,24.37,0.12,0.00,0.12
Betfair Data Scientist,3/12/2025,Sale,EXPERT TIPS,FALSE,Greyhounds,11,6,BACK,WIN,$2.58,6. Akina Crusader,1,,251252419,49619380,8,0,2.86,-1.00,-1.00,0.00
Michael Tye,3/12/2025,The Meadows,EXPERT TIPS,FALSE,Greyhounds,11,5,BACK,WIN,$7.00,5. Lilly Loud Mouth ,1,,251252544,77139013,8,0,27.24,-1.00,-1.00,0.00
Michael Tye,3/12/2025,The Meadows,EXPERT TIPS,FALSE,Greyhounds,3,1,BACK,WIN,$1.75,1. Flat White ,2,,251252504,89887657,8,1,1.32,0.59,0.00,0.00
Michael Tye,3/12/2025,The Meadows,EXPERT TIPS,FALSE,Greyhounds,4,2,BACK,WIN,$1.85,2. Electrify ,2,,251252509,87249438,8,1,1.47,0.86,0.00,0.00
Michael Tye,3/12/2025,The Meadows,EXPERT TIPS,FALSE,Greyhounds,5,8,BACK,WIN,2.75,8. Urana Parallax ,3,BEST BET,251252514,86276887,8,0,3.46,-3.00,-3.00,-3.00
Michael Tye,3/12/2025,The Meadows,EXPERT TIPS,FALSE,Greyhounds,6,6,BACK,WIN,2.4,6. Caco Magic ,2,,251252519,88968780,8,1,2.06,1.95,0.00,0.00
Michael Tye,3/12/2025,The Meadows,EXPERT TIPS,FALSE,Greyhounds,8,6,BACK,WIN,3.4,6. Mav Reiko ,1,,251252529,77928117,8,0,2.89,-1.00,0.00,0.00
Michael Tye,3/12/2025,The Meadows,EXPERT TIPS,FALSE,Greyhounds,9,1,LAY,WIN,4.5,1. Paw Gaeton,1,BEST BET,251252534,87164769,8,0,3.03,0.45,0.45,0.45
Mitch Lewis,3/12/2025,Warwick Farm,EXPERT TIPS,FALSE,Thoroughbred,3,4,BACK,WIN,1.75,4. Swordplay,4,BEST BET,251214941,92087660,10,1,2.26,4.54,4.54,4.54
Mitch Lewis,3/12/2025,Warwick Farm,EXPERT TIPS,FALSE,Thoroughbred,4,4,BACK,WIN,$3.00,4. Miss Hades,2,,251214950,82538613,10,1,3.75,4.95,4.95,0.00
Mitch Lewis,3/12/2025,Warwick Farm,EXPERT TIPS,FALSE,Thoroughbred,6,3,BACK,WIN,$5.00,3. Livin Thing,1,,251214968,85250495,10,0,5.6,-1.00,-1.00,0.00
Mitch Lewis,3/12/2025,Warwick Farm,EXPERT TIPS,FALSE,Thoroughbred,6,3,BACK,PLACE,$5.00,3. Livin Thing,1,,251214969,85250495,10,1,1.86,0.77,0.00,0.00
Brett & Darren Carroll,4/12/2025,Ballarat,EXPERT TIPS,FALSE,Harness,3,5,BACK,WIN,$3.00,5. Im The Wild One,1,,251281482,67533331,8,0,5.76,-1.00,-1.00,0.00
Brett & Darren Carroll,4/12/2025,Ballarat,EXPERT TIPS,FALSE,Harness,4,4,BACK,WIN,$2.00,4. My Marionette,1,,251281484,92087836,8,1,2.2,1.10,1.10,0.00
Brett & Darren Carroll,4/12/2025,Ballarat,EXPERT TIPS,FALSE,Harness,6,7,BACK,WIN,$1.50,7. Our Luciano,4,BEST BET,251281488,59232765,8,0,1.58,-4.00,-4.00,-4.00
Mitch Lewis,4/12/2025,Gosford,EXPERT TIPS,FALSE,Thoroughbred,3,1,BACK,WIN,$3.50,1. Detendu,2,,251253921,65261081,10,1,4.77,6.79,6.79,0.00
Mitch Lewis,4/12/2025,Gosford,EXPERT TIPS,FALSE,Thoroughbred,5,4,LAY,WIN,$6.00,4. Oryx,1,BEST BET,251253931,57377592,10,0,3.8,0.32,0.32,0.32
Michael Tye,4/12/2025,Sandown Park,EXPERT TIPS,FALSE,Greyhounds,10,7,BACK,WIN,$3.35,7. Double Helix ,2,,251286831,79294620,8,0,4.24,-2.00,-2.00,0.00
Michael Tye,4/12/2025,Sandown Park,EXPERT TIPS,FALSE,Greyhounds,2,8,LAY,WIN,$4.40,8. Paw Waverly ,1,BEST BET,251286791,78690037,8,0,3.95,0.31,0.31,0.31
Michael Tye,4/12/2025,Sandown Park,EXPERT TIPS,FALSE,Greyhounds,3,4,BACK,WIN,$3.30,4. Ascend Ecstatic ,3,BEST BET,251286796,81307699,8,1,4,8.28,8.28,8.28
Michael Tye,4/12/2025,Sandown Park,EXPERT TIPS,FALSE,Greyhounds,4,4,BACK,WIN,$7.50,4. Paw Barton ,2,,251286801,84109750,8,0,6.41,-2.00,0.00,0.00
Michael Tye,4/12/2025,Sandown Park,EXPERT TIPS,FALSE,Greyhounds,6,6,BACK,WIN,$2.75,6. Vincent Bale ,1,,251286811,66404692,8,1,2.12,1.03,0.00,0.00
Michael Tye,4/12/2025,Sandown Park,EXPERT TIPS,FALSE,Greyhounds,8,7,BACK,WIN,$3.10,7. Belair Ethyl ,1,,251286821,82047889,8,1,2.03,0.95,0.00,0.00
Michael Tye,5/12/2025,Bendigo,EXPERT TIPS,FALSE,Greyhounds,2,7,BACK,WIN,$2.30,7. Chivas Royal ,2,,251322877,91028733,8,0,3.04,-2.00,-2.00,0.00
Michael Tye,5/12/2025,Bendigo,EXPERT TIPS,FALSE,Greyhounds,4,8,BACK,WIN,$1.75,8. Fade To Black ,3,BEST BET,251322887,85508354,8,1,1.99,2.73,2.73,2.73
Michael Tye,5/12/2025,Bendigo,EXPERT TIPS,FALSE,Greyhounds,5,8,BACK,WIN,$3.35,8. Manager ,2,,251322892,84400531,8,0,2.6,-2.00,0.00,0.00
Michael Tye,5/12/2025,Bendigo,EXPERT TIPS,FALSE,Greyhounds,7,1,LAY,WIN,$4.40,1. Papa Easy ,1,BEST BET,251322902,90800601,8,1,2.11,-1.00,-1.00,-1.00
Michael Tye,5/12/2025,Bendigo,EXPERT TIPS,FALSE,Greyhounds,8,2,BACK,WIN,$3.00,2. Shima Seal ,2,,251322907,85059820,8,1,1.9,1.66,0.00,0.00
Michael Tye,5/12/2025,Bendigo,EXPERT TIPS,FALSE,Greyhounds,9,3,LAY,WIN,$7.50,3. Flaming Smooth,1,,251322912,92161934,8,0,8.84,0.12,0.00,0.00
Scott Hill,5/12/2025,Gloucester Park,EXPERT TIPS,FALSE,Harness,1,6,BACK,WIN,$3.30,6. Jaxon Morgan,1,,251322521,44591914,8,0,6,-1.00,-1.00,0.00
Scott Hill,5/12/2025,Gloucester Park,EXPERT TIPS,FALSE,Harness,2,2,BACK,WIN,$2.20,2. Major Jay,2,BEST BET,251322524,70180966,8,0,3.35,-2.00,-2.00,-2.00
Stephen Christie,5/12/2025,Hobart,EXPERT TIPS,FALSE,Thoroughbred,3,5,BACK,WIN,$1.75,5. Verhoeven,3,,251283110,82603957,8,0,2.03,-3.00,-3.00,0.00
Stephen Christie,5/12/2025,Hobart,EXPERT TIPS,FALSE,Thoroughbred,5,1,LAY,WIN,$3.80,1. Magnaprime,1,,251283122,76934392,8,1,3.1,-1.00,-1.00,0.00
Stephen Christie,5/12/2025,Hobart,EXPERT TIPS,FALSE,Thoroughbred,6,1,LAY,WIN,$3.90,1. Prince Of Khatun,1,,251283128,78977553,8,0,4.89,0.24,0.00,0.00
Brett & Darren Carroll,5/12/2025,Melton,EXPERT TIPS,FALSE,Harness,1,8,BACK,WIN,$3.50,8. My Ultimate Jimmy,1,,251322473,89032933,8,0,5.09,-1.00,-1.00,0.00
Brett & Darren Carroll,5/12/2025,Melton,EXPERT TIPS,FALSE,Harness,3,7,BACK,WIN,$1.80,7. Loucasso,2,BEST BET,251322479,83446618,8,1,1.75,1.38,0.00,1.38
Brett & Darren Carroll,5/12/2025,Melton,EXPERT TIPS,FALSE,Harness,4,6,BACK,WIN,$2.00,6. Keayang Gypsy,2,,251322482,68639628,8,1,2.28,2.36,2.36,0.00
Brett & Darren Carroll,5/12/2025,Melton,EXPERT TIPS,FALSE,Harness,9,6,BACK,WIN,1.6,6. Arrhythmia,2,,251322497,2344079,8,0,1.09,-2.00,0.00,0.00
Will Norman,6/12/2025,Menangle,EXPERT TIPS,FALSE,Harness,2,9,BACK,WIN,1.8,9. Bold Medley Jujon,3,BEST BET,251354333,63648483,8,1,1.94,2.59,2.59,2.59
Jackson Oldham,5/12/2025,Mornington,EXPERT TIPS,FALSE,Thoroughbred,5,5,LAY,WIN,4.2,5. Nielsen Park,2,BEST BET,251287180,92161691,8,0,3.84,0.65,0.65,0.65
Jackson Oldham,5/12/2025,Mornington,EXPERT TIPS,FALSE,Thoroughbred,8,9,BACK,WIN,2.35,9. Asmita,2,BEST BET,251287201,92161703,8,0,2.68,-2.00,-2.00,-2.00
Mitch Lewis,5/12/2025,Randwick,EXPERT TIPS,FALSE,Thoroughbred,4,7,BACK,WIN,4,7. Written Scandal,1,,251284240,80718285,10,0,5.6,-1.00,-1.00,0.00
Mitch Lewis,5/12/2025,Randwick,EXPERT TIPS,FALSE,Thoroughbred,5,14,BACK,WIN,3,14. Virgils Gift,2,,251284249,92161282,10,1,2.7,3.06,0.00,0.00
Mitch Lewis,5/12/2025,Randwick,EXPERT TIPS,FALSE,Thoroughbred,7,3,BACK,WIN,9,3. Heuristic,1,BEST BET,251284267,50529395,10,0,5,-1.00,0.00,-1.00
Mitch Lewis,5/12/2025,Randwick,EXPERT TIPS,FALSE,Thoroughbred,8,2,BACK,WIN,2.2,2. Off The Press,3,BEST BET,251284276,64575019,10,1,2.92,5.18,5.18,5.18
Ryan Spice,6/12/2025,Albion Park,EXPERT TIPS,FALSE,Harness,2,8,BACK,WIN,2.5,8. Cheerstolou,3,BEST BET,251356552,53680536,8,0,4.2,-3.00,-3.00,-3.00
Ryan Spice,6/12/2025,Albion Park,EXPERT TIPS,FALSE,Harness,3,8,BACK,WIN,$2.50,8. Lux Aeterna,3,BEST BET,251356555,60267725,8,1,3.02,5.58,5.58,5.58
Ryan Spice,6/12/2025,Albion Park,EXPERT TIPS,FALSE,Harness,5,1,BACK,PLACE,$1.50,1. District Attorney,2,,251356562,51072091,8,1,1.55,1.01,1.01,0.00
Ryan Spice,6/12/2025,Albion Park,EXPERT TIPS,FALSE,Harness,6,8,BACK,PLACE,$6.00,8. Keayang Lavita,1,,251356565,92089541,8,0,5.5,-1.00,0.00,0.00
Ryan Spice,6/12/2025,Albion Park,EXPERT TIPS,FALSE,Harness,7,5,LAY,PLACE,$4.00,5. Speak The Truth,2,BEST BET,251356568,1225145,8,0,7.6,0.28,0.00,0.28
Peter Anthonisz,6/12/2025,Ascot,EXPERT TIPS,FALSE,Thoroughbred,10,10,BACK,WIN,$2.00,10. Black Ora,4,BEST BET,251288158,92162335,8,1,3.8,10.30,10.30,10.30
Peter Anthonisz,6/12/2025,Ascot,EXPERT TIPS,FALSE,Thoroughbred,10,13,BACK,WIN,$19.00,13. Brave Strike,1,,251288158,92162338,8,0,23.53,-1.00,-1.00,0.00
Terry Leighton,6/12/2025,Ascot,EXPERT TIPS,FALSE,Thoroughbred,3,3,BACK,WIN,$4.80,3. Fame,1,,251288095,4045687,8,0,5.9,-1.00,-1.00,0.00
Terry Leighton,6/12/2025,Ascot,EXPERT TIPS,FALSE,Thoroughbred,3,11,BACK,WIN,$9.00,11. Noahquintilly,1,,251288095,92162314,8,0,11.77,-1.00,-1.00,0.00
Terry Leighton,6/12/2025,Ascot,EXPERT TIPS,FALSE,Thoroughbred,5,3,BACK,WIN,$6.10,3. Kaptain Kaos,1,,251288113,41665807,8,0,13.07,-1.00,-1.00,0.00
Terry Leighton,6/12/2025,Ascot,EXPERT TIPS,FALSE,Thoroughbred,5,3,BACK,PLACE,$6.10,3. Kaptain Kaos,1,,251288114,41665807,8,0,3.33,-1.00,0.00,0.00
Terry Leighton,6/12/2025,Ascot,EXPERT TIPS,FALSE,Thoroughbred,6,9,BACK,WIN,$3.10,9. Auto Cruise,2,,251288122,84942519,8,1,3.4,4.42,4.42,0.00
Peter Anthonisz,6/12/2025,Ascot,EXPERT TIPS,FALSE,Thoroughbred,6,9,BACK,WIN,$2.20,9. Auto Cruise,4,BEST BET,251288122,84942519,8,1,3.4,8.83,8.83,8.83
Peter Anthonisz,6/12/2025,Ascot,EXPERT TIPS,FALSE,Thoroughbred,6,8,BACK,WIN,$9.00,8. Hammarmill,1,,251288122,45120330,8,0,7.52,-1.00,0.00,0.00
Terry Leighton,6/12/2025,Ascot,EXPERT TIPS,FALSE,Thoroughbred,7,8,BACK,WIN,$4.50,8. Rally The Troops,3,BEST BET,251288131,92162328,8,0,15,-3.00,-3.00,-3.00
Terry Leighton,6/12/2025,Ascot,EXPERT TIPS,FALSE,Thoroughbred,7,8,BACK,PLACE,$4.50,8. Rally The Troops,3,BEST BET,251288132,92162328,8,1,4.09,8.53,0.00,8.53
Peter Anthonisz,6/12/2025,Ascot,EXPERT TIPS,FALSE,Thoroughbred,8,15,BACK,WIN,$8.00,15. Stormageddon,1,,251288140,92162333,8,0,13.5,-1.00,-1.00,0.00
Terry Leighton,6/12/2025,Ascot,EXPERT TIPS,FALSE,Thoroughbred,8,1,BACK,WIN,$4.50,1. Buckets Ridge,3,BEST BET,251288140,73721053,8,1,7.31,17.42,17.42,17.42
Terry Leighton,6/12/2025,Ascot,EXPERT TIPS,FALSE,Thoroughbred,8,1,BACK,PLACE,$4.50,1. Buckets Ridge,3,BEST BET,251288141,73721053,8,1,2.46,4.03,0.00,4.03
Peter Anthonisz,6/12/2025,Ascot,EXPERT TIPS,FALSE,Thoroughbred,9,13,BACK,WIN,$7.10,13. Vivy Air,1,,251288149,61861543,8,0,6.94,-1.00,0.00,0.00
The Leg Up,6/12/2025,Ballarat,EXPERT TIPS,FALSE,Thoroughbred,2,6,BACK,WIN,$7.00,6. Sea Poem,1,,251286490,92161951,8,0,12.26,-1.00,-1.00,0.00
Jackson Oldham,6/12/2025,Ballarat,EXPERT TIPS,FALSE,Thoroughbred,3,6,LAY,WIN,$14.00,6. Prince Tycoon,3,BEST BET,251286499,83313138,8,0,8.12,0.39,0.39,0.39
The Leg Up,6/12/2025,Ballarat,EXPERT TIPS,FALSE,Thoroughbred,3,9,BACK,WIN,$12.00,9. Torotena,1,,251286499,92161956,8,0,26,-1.00,-1.00,0.00
The Leg Up,6/12/2025,Ballarat,EXPERT TIPS,FALSE,Thoroughbred,4,8,BACK,WIN,$6.00,8. Sneaky Sunrise,1,,251286508,83118888,8,1,5.36,4.01,0.00,0.00
Jackson Oldham,6/12/2025,Ballarat,EXPERT TIPS,FALSE,Thoroughbred,5,7,BACK,WIN,$2.80,7. Youre Two Vain,2,BEST BET,251286517,92161964,8,0,3.26,-2.00,-2.00,-2.00
The Leg Up,6/12/2025,Ballarat,EXPERT TIPS,FALSE,Thoroughbred,7,10,BACK,WIN,$2.20,10. South Of India,1,BEST BET,251286535,92161978,8,1,3.38,2.19,2.19,2.19
The Leg Up,6/12/2025,Ballarat,EXPERT TIPS,FALSE,Thoroughbred,8,9,BACK,WIN,$2.50,9. Party Crasher,1,,251286544,1555218,8,0,2.98,-1.00,-1.00,0.00
The Leg Up,6/12/2025,Ballarat,EXPERT TIPS,FALSE,Thoroughbred,9,6,BACK,WIN,$3.80,6. Saint George,1,,251286553,6692026,8,0,3.91,-1.00,-1.00,0.00
Brett & Darren Carroll,6/12/2025,Melton,EXPERT TIPS,FALSE,Harness,5,3,BACK,WIN,$1.80,3. Spirit Of Anarchy,3,,251353844,89307443,8,0,7,-3.00,-3.00,0.00
Brett & Darren Carroll,6/12/2025,Melton,EXPERT TIPS,FALSE,Harness,7,6,BACK,WIN,$1.80,6. Alot Like Louie,3,BEST BET,251353850,57079656,8,1,3.5,6.90,6.90,6.90
Lachlan Mosley,6/12/2025,Morphettville,EXPERT TIPS,FALSE,Thoroughbred,2,8,BACK,WIN,,8. Teardrop Rotation ,2,,251287334,77688235,8,1,10.79,18.01,18.01,0.00
Lachlan Mosley,6/12/2025,Morphettville,EXPERT TIPS,FALSE,Thoroughbred,2,8,BACK,PLACE,,8. Teardrop Rotation ,2,,251287335,77688235,8,1,2.62,2.98,2.98,0.00
Lachlan Mosley,6/12/2025,Morphettville,EXPERT TIPS,FALSE,Thoroughbred,3,4,BACK,WIN,,4. Kirkliston Blu,2,,251287343,75392022,8,0,3.5,-2.00,-2.00,0.00
Lachlan Mosley,6/12/2025,Morphettville,EXPERT TIPS,FALSE,Thoroughbred,9,1,BACK,WIN,,1. Jilladora ,1,,251287397,68450226,8,0,13,-1.00,-1.00,0.00
Braden Howlett,7/12/2025,Hobart,EXPERT TIPS,FALSE,Harness,1,5,BACK,WIN,$3.00,5. LITTLE CAPPUCCINA,2,,251390689,92118447,8,0,6.4,-2.00,-2.00,0.00
Braden Howlett,7/12/2025,Hobart,EXPERT TIPS,FALSE,Harness,2,12,BACK,WIN,$5.50,12. GOBSMACKED,1,,251390691,53652660,8,0,7.11,-1.00,-1.00,0.00
Braden Howlett,7/12/2025,Hobart,EXPERT TIPS,FALSE,Harness,2,10,BACK,WIN,$7.00,10. STAROFREMEMBRANCE,1,,251390691,27385354,8,0,9.46,-1.00,-1.00,0.00
Braden Howlett,7/12/2025,Hobart,EXPERT TIPS,FALSE,Harness,3,3,LAY,WIN,$6.00,3. POWER UP,1,,251390693,1253094,8,0,5.6,0.20,0.20,0.00
Braden Howlett,7/12/2025,Hobart,EXPERT TIPS,FALSE,Harness,3,3,LAY,PLACE,$6.00,3. POWER UP,1,,251390694,1253094,8,0,1.92,1.00,1.00,0.00
Braden Howlett,7/12/2025,Hobart,EXPERT TIPS,FALSE,Harness,4,7,BACK,WIN,$2.20,7. MAGNETIC TERROR,5,BEST BET,251390695,38677417,8,0,2.89,-5.00,-5.00,-5.00
Braden Howlett,7/12/2025,Hobart,EXPERT TIPS,FALSE,Harness,5,2,BACK,WIN,$2.40,2. HAMMER DAN,2,,251390697,53090196,8,0,3.65,-2.00,-2.00,0.00
Braden Howlett,7/12/2025,Hobart,EXPERT TIPS,FALSE,Harness,6,3,BACK,WIN,$2.80,3. Shoobees Spirit,3,,251390699,50932079,8,1,2.22,3.37,0.00,0.00
Braden Howlett,7/12/2025,Hobart,EXPERT TIPS,FALSE,Harness,7,2,BACK,WIN,$5.00,2. STIR ME UP,1,,251390701,28708187,8,1,4.14,2.89,0.00,0.00
Brett & Darren Carroll,7/12/2025,Horsham,EXPERT TIPS,FALSE,Harness,1,8,BACK,WIN,$1.50,8. Insider Trading,3,BEST BET,251389917,5412930,8,0,1.59,-3.00,-3.00,-3.00
Brett & Darren Carroll,7/12/2025,Horsham,EXPERT TIPS,FALSE,Harness,3,8,BACK,WIN,$2.50,8. Happenstbabeachboy,1,,251389921,92161909,8,1,8.6,6.99,6.99,0.00
Brett & Darren Carroll,7/12/2025,Horsham,EXPERT TIPS,FALSE,Harness,4,7,BACK,WIN,$2.00,7. El Conqueror,2,,251389923,42194915,8,0,4.89,-2.00,-2.00,0.00
Brett & Darren Carroll,7/12/2025,Horsham,EXPERT TIPS,FALSE,Harness,7,7,BACK,WIN,$2.50,7. Jilliby Kymy Lou,2,,251389929,91486079,8,0,6.6,-2.00,-2.00,0.00
Lachlan Mosley,7/12/2025,Murray Bridge,EXPERT TIPS,FALSE,Thoroughbred,5,10,BACK,WIN,,10. Queenoftheair ,2,BEST BET,251356821,92207062,8,0,19.48,-2.00,-2.00,-2.00
Lachlan Mosley,7/12/2025,Murray Bridge,EXPERT TIPS,FALSE,Thoroughbred,5,10,BACK,PLACE,,10. Queenoftheair ,2,BEST BET,251356822,92207062,8,0,5.3,-2.00,-2.00,-2.00
Lachlan Mosley,7/12/2025,Murray Bridge,EXPERT TIPS,FALSE,Thoroughbred,6,8,BACK,WIN,,8. Gusty Way,2,,251356827,58069351,8,0,5.4,-2.00,-2.00,0.00
Lachlan Mosley,7/12/2025,Murray Bridge,EXPERT TIPS,FALSE,Thoroughbred,6,8,BACK,PLACE,,8. Gusty Way,2,,251356828,58069351,8,0,2.41,-2.00,-2.00,0.00
Lachlan Mosley,7/12/2025,Murray Bridge,EXPERT TIPS,FALSE,Thoroughbred,7,13,BACK,WIN,,13. Aztec Dancer ,2,,251356833,73991429,8,1,4.4,6.26,6.26,0.00
Lachlan Mosley,7/12/2025,Murray Bridge,EXPERT TIPS,FALSE,Thoroughbred,7,13,BACK,PLACE,,13. Aztec Dancer ,2,,251356834,73991429,8,1,2.11,2.04,2.04,0.00
Mitch Lewis,7/12/2025,Rosehill,EXPERT TIPS,FALSE,Thoroughbred,1,7,LAY,WIN,$8.50,7. Callistemon,1,BEST BET,251282746,61557546,10,0,3.75,0.33,0.33,0.33
Mitch Lewis,7/12/2025,Rosehill,EXPERT TIPS,FALSE,Thoroughbred,2,4,BACK,WIN,$3.00,4. Full Hao,2,,251282755,89265365,10,1,4.4,6.12,6.12,0.00
Mitch Lewis,7/12/2025,Rosehill,EXPERT TIPS,FALSE,Thoroughbred,4,9,BACK,WIN,$2.50,9. Mortal Halo,3,BEST BET,251282773,92161640,10,1,3.61,7.05,7.05,7.05
Mitch Lewis,7/12/2025,Rosehill,EXPERT TIPS,FALSE,Thoroughbred,5,7,BACK,WIN,$3.00,7. Supermassive,2,,251282782,91354366,10,0,2.1,-2.00,0.00,0.00
Mitch Lewis,7/12/2025,Rosehill,EXPERT TIPS,FALSE,Thoroughbred,9,2,BACK,WIN,$4.00,2. Belle Detelle,2,,251282818,81775775,10,0,3.26,-2.00,0.00,0.00
Brett & Darren Carroll,8/12/2025,Charlton,EXPERT TIPS,FALSE,Horses,1,6,BACK,WIN,$2.00,6. Cee Cee Lou,3,,251436091,73793675,8,0,2.54,-3.00,-3.00,0.00
Brett & Darren Carroll,8/12/2025,Charlton,EXPERT TIPS,FALSE,Horses,3,10,BACK,WIN,$1.70,10. Wicked Mitzi,3,BEST BET,251436095,68568942,8,1,1.61,1.68,0.00,1.68
Brett & Darren Carroll,8/12/2025,Charlton,EXPERT TIPS,FALSE,Horses,7,8,BACK,WIN,$2.20,8. Kimchi,1,,251436103,50509656,8,0,4.2,-1.00,-1.00,0.00
Will Norman,8/12/2025,Menangle,EXPERT TIPS,FALSE,Horses,3,4,BACK,WIN,$1.70,4. Calzaghe,3,BEST BET,251433424,4507173,8,1,1.54,1.49,0.00,1.49
Will Norman,8/12/2025,Menangle,EXPERT TIPS,FALSE,Horses,5,1,BACK,WIN,4,1. Michael Caine,1,,251433430,51462793,8,1,4.71,3.41,3.41,0.00
Will Norman,8/12/2025,Menangle,EXPERT TIPS,FALSE,Horses,6,7,BACK,WIN,4,7. Tisbury Rocks,1,,251433433,45490605,8,1,2.55,1.43,0.00,0.00
Scott Hill,8/12/2025,Pinjarra,EXPERT TIPS,FALSE,Horses,3,2,BACK,WIN,2.2,2. Strong The Striker,2,,251430188,92215919,8,0,3.75,-2.00,-2.00,0.00
Scott Hill,8/12/2025,Pinjarra,EXPERT TIPS,FALSE,Horses,4,7,LAY,PLACE,$2.50,7. Speed Force,3,,251430191,16286541,8,0,2.84,1.50,0.00,0.00
Michael Tye,8/12/2025,Sandown Park,EXPERT TIPS,FALSE,Greyhounds,2,8,BACK,WIN,$4.40,8. Double Helix ,1,,251435597,83156145,8,0,4.41,-1.00,-1.00,0.00
Michael Tye,8/12/2025,Sandown Park,EXPERT TIPS,FALSE,Greyhounds,3,5,BACK,WIN,$6.00,5. Nova Owen ,1,,251435602,77302430,8,0,7.13,-1.00,-1.00,0.00
Michael Tye,8/12/2025,Sandown Park,EXPERT TIPS,FALSE,Greyhounds,4,1,LAY,WIN,$3.30,1. Amron Mick ,2,BEST BET,251435607,81892516,8,0,3.04,0.90,0.90,0.90
Michael Tye,8/12/2025,Sandown Park,EXPERT TIPS,FALSE,Greyhounds,6,4,LAY,WIN,$8.00,4. Prophet Zulu ,1,,251435617,84510908,8,0,7.6,0.14,0.14,0.00
Michael Tye,8/12/2025,Sandown Park,EXPERT TIPS,FALSE,Greyhounds,6,4,LAY,PLACE,$8.00,4. Prophet Zulu ,1,,251435618,84510908,8,1,2.98,-1.00,-1.00,0.00
Michael Tye,8/12/2025,Sandown Park,EXPERT TIPS,FALSE,Greyhounds,8,1,BACK,WIN,$3.15,1. No Clue,2,BEST BET,251435627,90048819,8,0,2.41,-2.00,0.00,-2.00
Scott Hill,9/12/2025,Bunbury,EXPERT TIPS,FALSE,Horses,1,7,BACK,WIN,$1.65,7. Elite Fleet,3,BEST BET,251469534,80912891,8,0,2.76,-3.00,-3.00,-3.00
Scott Hill,9/12/2025,Bunbury,EXPERT TIPS,FALSE,Horses,3,2,BACK,WIN,$4.00,2. Sonic Seelster,1,,251469538,61391444,8,1,6.77,5.31,5.31,0.00
Scott Hill,9/12/2025,Bunbury,EXPERT TIPS,FALSE,Horses,4,4,BACK,WIN,$4.00,4. Jaspervellabeach,1,,251469540,23922963,8,1,11.07,9.26,9.26,0.00
Scott Hill,9/12/2025,Bunbury,EXPERT TIPS,FALSE,Horses,5,3,BACK,WIN,$3.00,3. Rajah Rocks,1,,251469542,53956496,8,1,2.63,1.50,0.00,0.00
Scott Hill,9/12/2025,Bunbury,EXPERT TIPS,FALSE,Horses,6,1,BACK,WIN,$6.00,1. The Swindler,1,,251469544,66760949,8,0,14.21,-1.00,-1.00,0.00
Scott Hill,9/12/2025,Bunbury,EXPERT TIPS,FALSE,Horses,8,7,LAY,PLACE,$2.00,7. Leeroy Rox,3,,251469549,92215743,8,1,1.97,-3.00,-3.00,0.00
Will Norman,9/12/2025,Goulburn,EXPERT TIPS,FALSE,Horses,1,3,BACK,WIN,$2.20,3. Bently Bullet,2,,251466284,25797099,8,1,2.12,2.06,0.00,0.00
Will Norman,9/12/2025,Goulburn,EXPERT TIPS,FALSE,Horses,3,1,BACK,WIN,$1.50,1. Flight Loutenant,3,BEST BET,251466288,92243389,8,0,2.12,-3.00,-3.00,-3.00
Brett & Darren Carroll,9/12/2025,Shepparton,EXPERT TIPS,FALSE,Horses,3,5,BACK,WIN,$3.00,5. Riveera,1,,251467107,56016181,8,0,4.02,-1.00,-1.00,0.00
Brett & Darren Carroll,9/12/2025,Shepparton,EXPERT TIPS,FALSE,Horses,3,1,BACK,WIN,$4.00,1. Spirit Of Sahara,1,,251467107,72857713,8,0,5.21,-1.00,-1.00,0.00
Brett & Darren Carroll,9/12/2025,Shepparton,EXPERT TIPS,FALSE,Horses,4,4,BACK,WIN,$3.00,4. Champagne Walsh,1,BEST BET,251467109,69438135,8,0,2.24,-1.00,0.00,-1.00
Brett & Darren Carroll,9/12/2025,Shepparton,EXPERT TIPS,FALSE,Horses,6,8,BACK,WIN,$3.50,8. Wingate Guy,1,,251467113,28385506,8,0,3.71,-1.00,-1.00,0.00
Mitch Lewis,9/12/2025,Wagga,EXPERT TIPS,FALSE,Horses,3,2,LAY,WIN,5.5,2. Deflector,2,BEST BET,251435652,11309572,10,0,3.5,0.72,0.72,0.72
Mitch Lewis,9/12/2025,Wagga,EXPERT TIPS,FALSE,Horses,6,4,BACK,WIN,2.5,4. Heavenly Kiss,1,,251435667,28763506,10,1,3.41,2.17,2.17,0.00
Mitch Lewis,9/12/2025,Wagga,EXPERT TIPS,FALSE,Horses,7,10,BACK,WIN,$2.50,10. Serenading,2,BEST BET,251435672,90523778,10,0,3.25,-2.00,-2.00,-2.00
Michael Tye,9/12/2025,Warragul,EXPERT TIPS,FALSE,Greyhounds,2,3,BACK,WIN,$2.25,3. Devils Sympathy ,1,,251467048,91748868,8,0,1.97,-1.00,0.00,0.00
Michael Tye,9/12/2025,Warragul,EXPERT TIPS,FALSE,Greyhounds,4,2,BACK,WIN,$1.50,2. Hard Style Leon ,4,BEST BET,251467058,70386575,8,0,1.44,-4.00,0.00,-4.00
Michael Tye,9/12/2025,Warragul,EXPERT TIPS,FALSE,Greyhounds,6,8,BACK,WIN,$3.35,8. Paw Gertrude ,2,,251467068,81437452,8,0,2.88,-2.00,0.00,0.00
Michael Tye,9/12/2025,Warragul,EXPERT TIPS,FALSE,Greyhounds,6,7,LAY,WIN,$3.25,7. Blue Labubu,1,BEST BET,251467068,88420343,8,1,3.55,-1.00,0.00,-1.00
Michael Tye,9/12/2025,Warragul,EXPERT TIPS,FALSE,Greyhounds,9,2,LAY,WIN,$2.85,2. In Action,1,,251467083,89708303,8,0,2.74,0.53,0.53,0.00
Stephen Christie,10/12/2025,Launceston,EXPERT TIPS,FALSE,Horses,2,6,BACK,WIN,$3.70,6. Megalita,2,,251466199,92390177,8,1,6.2,9.57,9.57,0.00
Stephen Christie,10/12/2025,Launceston,EXPERT TIPS,FALSE,Horses,2,6,BACK,PLACE,$3.70,6. Megalita,2,,251466200,92390177,8,1,2.22,2.24,0.00,0.00
Stephen Christie,10/12/2025,Launceston,EXPERT TIPS,FALSE,Horses,6,5,BACK,WIN,$4.50,5. Ohshestrouble,1,,251466223,75914451,8,0,5.48,-1.00,-1.00,0.00
Stephen Christie,10/12/2025,Launceston,EXPERT TIPS,FALSE,Horses,6,2,BACK,WIN,$3.60,2. Lady Galadriel,1,,251466223,81477889,8,0,5.03,-1.00,-1.00,0.00
Stephen Christie,10/12/2025,Launceston,EXPERT TIPS,FALSE,Horses,7,8,BACK,WIN,$8.50,8. Thespian Waters,1,,251466229,84982493,8,0,21.61,-1.00,-1.00,0.00
Stephen Christie,10/12/2025,Launceston,EXPERT TIPS,FALSE,Horses,7,8,BACK,PLACE,$8.50,8. Thespian Waters,1,,251466230,84982493,8,0,3.2,-1.00,0.00,0.00
Stephen Christie,10/12/2025,Launceston,EXPERT TIPS,FALSE,Horses,9,5,BACK,WIN,$5.80,5. Within Sight,1,,251466241,91432818,8,0,9.73,-1.00,-1.00,0.00
Brett & Darren Carroll,10/12/2025,Mildura,EXPERT TIPS,FALSE,Horses,4,3,BACK,WIN,$2.40,3. Indianas Son,1,,251499984,87381411,8,1,4.3,3.04,3.04,0.00
Brett & Darren Carroll,10/12/2025,Mildura,EXPERT TIPS,FALSE,Horses,5,2,BACK,WIN,$2.00,2. Thebucksonyou,2,,251499986,76936864,8,0,3.66,-2.00,-2.00,0.00
Brett & Darren Carroll,10/12/2025,Mildura,EXPERT TIPS,FALSE,Horses,6,4,BACK,WIN,$1.50,4. Hooklineandsinker,3,BEST BET,251499988,6368932,8,1,2.14,3.15,3.15,3.15
Brett & Darren Carroll,10/12/2025,Mildura,EXPERT TIPS,FALSE,Horses,8,8,BACK,WIN,$1.60,8. Wipeout,3,,251499992,4436830,8,0,2.45,-3.00,-3.00,0.00
Jackson Oldham,10/12/2025,Sandown,EXPERT TIPS,FALSE,Horses,1,7,BACK,WIN,$2.35,7. Lady Verity ,2,BEST BET,251467525,92390320,8,1,2.26,2.32,0.00,2.32
Jackson Oldham,10/12/2025,Sandown,EXPERT TIPS,FALSE,Horses,3,5,LAY,WIN,$4.95,5. Algorithmic,2,BEST BET,251467543,92390330,8,0,4.7,0.50,0.50,0.50
Lachlan Mosley,10/12/2025,Strathalbyn,EXPERT TIPS,FALSE,Horses,1,10,BACK,WIN,,10. Secret Owl,2,,251469927,92390206,8,0,6.4,-2.00,-2.00,0.00
Lachlan Mosley,10/12/2025,Strathalbyn,EXPERT TIPS,FALSE,Horses,1,10,BACK,PLACE,,10. Secret Owl,2,,251469928,92390206,8,0,2,-2.00,-2.00,0.00
Lachlan Mosley,10/12/2025,Strathalbyn,EXPERT TIPS,FALSE,Horses,4,2,BACK,WIN,,2. Royal Fox ,2,BEST BET,251469954,2782810,8,0,9.6,-2.00,-2.00,-2.00
Lachlan Mosley,10/12/2025,Strathalbyn,EXPERT TIPS,FALSE,Horses,4,2,BACK,PLACE,,2. Royal Fox ,2,BEST BET,251469955,2782810,8,1,2.3,2.39,2.39,2.39
Lachlan Mosley,10/12/2025,Strathalbyn,EXPERT TIPS,FALSE,Horses,6,4,BACK,WIN,,4. Allegedly ,2,,251469972,7264241,8,1,6,9.20,9.20,0.00
Lachlan Mosley,10/12/2025,Strathalbyn,EXPERT TIPS,FALSE,Horses,6,4,BACK,PLACE,,4. Allegedly ,2,,251469973,7264241,8,1,2.02,1.88,1.88,0.00
Michael Tye,10/12/2025,The Meadows,EXPERT TIPS,FALSE,Greyhounds,1,1,BACK,WIN,2.5,1. Lady Tsunade ,1,,251501335,92391071,8,0,2.7,-1.00,-1.00,0.00
Michael Tye,10/12/2025,The Meadows,EXPERT TIPS,FALSE,Greyhounds,10,8,BACK,WIN,5.5,8. Miss Rosalea ,1,,251501380,81437677,8,1,4.14,2.89,0.00,0.00
Michael Tye,10/12/2025,The Meadows,EXPERT TIPS,FALSE,Greyhounds,2,4,LAY,WIN,7.5,4. Chappys Hikari ,2,BEST BET,251501340,90458281,8,0,8.6,0.24,0.00,0.24
Michael Tye,10/12/2025,The Meadows,EXPERT TIPS,FALSE,Greyhounds,2,4,LAY,PLACE,7.5,4. Chappys Hikari ,2,BEST BET,251501341,90458281,8,0,3.3,0.80,0.80,0.80
Michael Tye,10/12/2025,The Meadows,EXPERT TIPS,FALSE,Greyhounds,6,2,BACK,WIN,4.75,2. Juneau Pete ,2,,251501360,92391086,8,0,4.9,-2.00,-2.00,0.00
Michael Tye,10/12/2025,The Meadows,EXPERT TIPS,FALSE,Greyhounds,8,4,BACK,WIN,4.2,4. Remi Joy ,1,,251501370,84511658,8,0,6.6,-1.00,-1.00,0.00
Michael Tye,10/12/2025,The Meadows,EXPERT TIPS,FALSE,Greyhounds,9,7,BACK,WIN,1.6,7. Resisting ,3,BEST BET,251501375,85250831,8,0,2.82,-3.00,-3.00,-3.00
Mitch Lewis,10/12/2025,Wyong,EXPERT TIPS,FALSE,Horses,3,1,BACK,WIN,$3.00,1. Confess Our Dreams,2,,251469570,76006579,10,1,3.3,4.14,4.14,0.00
Mitch Lewis,11/12/2025,Kembla Grange,EXPERT TIPS,FALSE,Horses,4,5,LAY,WIN,$9.00,5. Free And Fast,1,BEST BET,251498486,92417672,10,0,3.98,0.30,0.30,0.30
Mitch Lewis,11/12/2025,Kembla Grange,EXPERT TIPS,FALSE,Horses,5,4,BACK,WIN,$2.50,4. Gambler,2,BEST BET,251498491,91748124,10,0,2.42,-2.00,0.00,-2.00
Brett & Darren Carroll,11/12/2025,Kilmore,EXPERT TIPS,FALSE,Horses,1,12,BACK,WIN,$2.20,12. Rocknroll Rocket,2,,251531957,92390561,8,0,4.8,-2.00,-2.00,0.00
Brett & Darren Carroll,11/12/2025,Kilmore,EXPERT TIPS,FALSE,Horses,2,1,BACK,WIN,$2.00,1. Montana Chevelle,2,,251531959,44758742,8,0,3.45,-2.00,-2.00,0.00
Brett & Darren Carroll,11/12/2025,Kilmore,EXPERT TIPS,FALSE,Horses,5,5,BACK,WIN,$2.20,5. Piesridingshotgun,2,,251531966,41668186,8,1,4.02,5.56,5.56,0.00
Brett & Darren Carroll,11/12/2025,Kilmore,EXPERT TIPS,FALSE,Horses,8,5,BACK,WIN,$2.00,5. Piesridingshotgun,3,BEST BET,251531966,41668186,8,1,4.02,8.34,8.34,8.34
Michael Tye,11/12/2025,Sandown Park,EXPERT TIPS,FALSE,Greyhounds,1,5,BACK,WIN,$1.95,5. General Franky ,2,,251533990,89887644,8,1,1.56,1.03,0.00,0.00
Michael Tye,11/12/2025,Sandown Park,EXPERT TIPS,FALSE,Greyhounds,10,6,BACK,WIN,$5.50,6. Tommy Sparkle ,1,,251534035,80094338,8,0,6.6,-1.00,-1.00,0.00
Michael Tye,11/12/2025,Sandown Park,EXPERT TIPS,FALSE,Greyhounds,11,7,BACK,WIN,$12.00,7. Duran Pantera ,1,,251534040,89265937,8,0,12.06,-1.00,-1.00,0.00
Michael Tye,11/12/2025,Sandown Park,EXPERT TIPS,FALSE,Greyhounds,3,1,BACK,WIN,$2.50,1. Abdulla Zulu,2,,251534000,87990302,8,1,1.63,1.16,0.00,0.00
Michael Tye,11/12/2025,Sandown Park,EXPERT TIPS,FALSE,Greyhounds,5,5,BACK,WIN,$2.60,5. Robinson ,2,BEST BET,251534010,92391247,8,0,3.7,-2.00,-2.00,-2.00
Michael Tye,11/12/2025,Sandown Park,EXPERT TIPS,FALSE,Greyhounds,8,1,LAY,WIN,$2.40,1. Vincent Bale,2,BEST BET,251534025,65978383,8,0,2.2,1.53,1.53,1.53
Mitch Lewis,12/12/2025,Canterbury,EXPERT TIPS,FALSE,Horses,6,5,BACK,WIN,$3.50,5. Ellipsis,2,BEST BET,251537761,73755152,10,0,4.38,-2.00,-2.00,-2.00
Mitch Lewis,12/12/2025,Canterbury,EXPERT TIPS,FALSE,Horses,8,6,BACK,WIN,$3.00,6. Gunroom,1,,251537779,92459905,10,0,7.8,-1.00,-1.00,0.00
The Leg Up,12/12/2025,Geelong,EXPERT TIPS,FALSE,Horses,1,2,BACK,WIN,$2.20,2. Furtherest Point,1,,251538340,92460615,8,1,2.26,1.16,1.16,0.00
Brett & Darren Carroll,12/12/2025,Geelong,EXPERT TIPS,FALSE,Horses,1,1,BACK,PLACE,$1.70,1. Asmileandawinx,2,,251569174,36087635,8,1,2.38,2.54,2.54,0.00
Michael Tye,12/12/2025,Geelong,EXPERT TIPS,FALSE,Greyhounds,10,2,BACK,PLACE,$2.30,2. Nitrous ,1,,251572428,68323675,8,1,2.32,1.21,1.21,0.00
Michael Tye,12/12/2025,Geelong,EXPERT TIPS,FALSE,Greyhounds,3,1,BACK,WIN,$2.75,1. Eventuate ,2,,251572392,92459748,8,1,2.95,3.59,3.59,0.00
The Leg Up,12/12/2025,Geelong,EXPERT TIPS,FALSE,Horses,4,9,BACK,WIN,$4.00,9. Rumble Town,1,,251538361,92460638,8,0,7.27,-1.00,-1.00,0.00
Michael Tye,12/12/2025,Geelong,EXPERT TIPS,FALSE,Greyhounds,5,8,LAY,WIN,$6.00,8. Atticus ,1,BEST BET,251572402,3295733,8,0,4.31,0.28,0.28,0.28
Brett & Darren Carroll,12/12/2025,Geelong,EXPERT TIPS,FALSE,Horses,5,4,BACK,WIN,$2.40,4. Written In Silk,3,BEST BET,251569185,35620857,8,1,3.37,6.54,6.54,6.54
Michael Tye,12/12/2025,Geelong,EXPERT TIPS,FALSE,Greyhounds,6,1,BACK,WIN,$2.50,1. Paw Harris ,2,,251572407,75481711,8,1,4.17,5.83,5.83,0.00
The Leg Up,12/12/2025,Geelong,EXPERT TIPS,FALSE,Horses,6,2,BACK,WIN,$6.00,2. Powerbound,1,,251538375,56289327,8,0,10.82,-1.00,-1.00,0.00
Michael Tye,12/12/2025,Geelong,EXPERT TIPS,FALSE,Greyhounds,8,4,BACK,WIN,$1.58,4. Kraken Whisky,3,BEST BET,251572417,71800671,8,1,1.24,0.66,0.00,0.66
The Leg Up,12/12/2025,Geelong,EXPERT TIPS,FALSE,Horses,8,16,BACK,WIN,$12.00,16. Salchow,1,,251538389,70421389,8,0,27.37,-1.00,-1.00,0.00
Michael Tye,12/12/2025,Geelong,EXPERT TIPS,FALSE,Greyhounds,9,1,LAY,WIN,$4.60,1. Charlestown,1,,251572422,84147998,8,0,2.99,0.46,0.46,0.00
Scott Hill,12/12/2025,Gloucester Park,EXPERT TIPS,FALSE,Horses,1,4,BACK,WIN,$2.00,4. Mikis Pride,2,,251570244,84735710,8,0,3.6,-2.00,-2.00,0.00
Scott Hill,12/12/2025,Gloucester Park,EXPERT TIPS,FALSE,Horses,2,5,BACK,WIN,$3.00,5. Petes Honour ,2,,251570247,59199758,8,0,5.33,-2.00,-2.00,0.00
Scott Hill,12/12/2025,Gloucester Park,EXPERT TIPS,FALSE,Horses,3,6,BACK,WIN,$4.00,6. Sweet Lucifer,1,,251570250,43034602,8,1,3.11,1.94,0.00,0.00
Scott Hill,12/12/2025,Gloucester Park,EXPERT TIPS,FALSE,Horses,4,3,BACK,WIN,$5.00,3. Ima Fivestar General ,1,,251570253,54118574,8,0,11.42,-1.00,-1.00,0.00
Scott Hill,12/12/2025,Gloucester Park,EXPERT TIPS,FALSE,Horses,5,8,LAY,WIN,$8.00,8. Magnificent Storm ,2,,251570256,3361348,8,0,4.29,0.56,0.56,0.00
Scott Hill,12/12/2025,Gloucester Park,EXPERT TIPS,FALSE,Horses,5,8,LAY,PLACE,$8.00,8. Magnificent Storm ,2,,251570257,3361348,8,1,1.9,-2.00,-2.00,0.00
Scott Hill,12/12/2025,Gloucester Park,EXPERT TIPS,FALSE,Horses,6,2,BACK,WIN,$1.85,2. Madam Publisher,3,BEST BET,251570259,91110268,8,0,4.04,-3.00,-3.00,-3.00
Scott Hill,12/12/2025,Gloucester Park,EXPERT TIPS,FALSE,Horses,9,9,BACK,WIN,$4.00,9. Thelittle Master,1,,251570268,66519369,8,0,5.1,-1.00,-1.00,0.00
Lachlan Mosley,12/12/2025,Morphettville,EXPERT TIPS,FALSE,Horses,1,7,BACK,WIN,,7. Illustrates ,2,,251537448,91157401,8,0,13.85,-2.00,-2.00,0.00
Lachlan Mosley,12/12/2025,Morphettville,EXPERT TIPS,FALSE,Horses,1,7,BACK,PLACE,,7. Illustrates ,2,,251537449,91157401,8,0,2.85,-2.00,-2.00,0.00
Lachlan Mosley,12/12/2025,Morphettville,EXPERT TIPS,FALSE,Horses,4,6,BACK,WIN,,6. The Hass ,2,,251537466,41223101,8,0,20.75,-2.00,-2.00,0.00
Lachlan Mosley,12/12/2025,Morphettville,EXPERT TIPS,FALSE,Horses,4,6,BACK,PLACE,,6. The Hass ,2,,251537467,41223101,8,0,4.3,-2.00,-2.00,0.00
Lachlan Mosley,12/12/2025,Morphettville,EXPERT TIPS,FALSE,Horses,6,5,BACK,WIN,,5. Creek,3,BEST BET,251537478,907441,8,0,2.09,-3.00,-3.00,-3.00
Lachlan Mosley,12/12/2025,Morphettville,EXPERT TIPS,FALSE,Horses,7,8,BACK,WIN,,8. Caring Lass,2,,251537484,52204492,8,0,7.23,-2.00,-2.00,0.00
Lachlan Mosley,12/12/2025,Morphettville,EXPERT TIPS,FALSE,Horses,7,8,BACK,PLACE,,8. Caring Lass,2,,251537485,52204492,8,0,2.56,-2.00,-2.00,0.00
Ryan Spice,13/12/2025,Albion Park,EXPERT TIPS,FALSE,Horses,1,1,BACK,PLACE,$1.60,1. Rocks Or Diamonds,3,,251603367,27627494,8,1,1.42,1.16,0.00,0.00
Ryan Spice,13/12/2025,Albion Park,EXPERT TIPS,FALSE,Horses,3,1,BACK,WIN,$4.00,1. Ima Queen Bee,2,,251603372,63666301,8,0,3.05,-2.00,0.00,0.00
Ryan Spice,13/12/2025,Albion Park,EXPERT TIPS,FALSE,Horses,4,3,BACK,PLACE,$2.00,3. Speak The Truth,2,,251603376,39989821,8,1,1.87,1.60,0.00,0.00
Ryan Spice,13/12/2025,Albion Park,EXPERT TIPS,FALSE,Horses,5,3,BACK,WIN,$3.00,3. Resilient,2,,251603378,86556306,8,1,2.44,2.65,0.00,0.00
Ryan Spice,13/12/2025,Albion Park,EXPERT TIPS,FALSE,Horses,9,6,BACK,WIN,$1.30,6. Fernco Nel,5,BEST BET,251603390,92391931,8,1,1.29,1.33,0.00,1.33
Terry Leighton,13/12/2025,Ascot,EXPERT TIPS,FALSE,Horses,1,1,BACK,WIN,$1.70,1. Hoba West,5,BEST BET,251541969,79294180,8,1,1.86,3.96,3.96,3.96
Terry Leighton,13/12/2025,Ascot,EXPERT TIPS,FALSE,Horses,10,3,BACK,WIN,$3.85,3. Magnique,2,,251542050,83313427,8,0,5.25,-2.00,-2.00,0.00
Terry Leighton,13/12/2025,Ascot,EXPERT TIPS,FALSE,Horses,10,3,BACK,PLACE,$3.85,3. Magnique,2,,251542051,83313427,8,1,1.93,1.71,0.00,0.00
Terry Leighton,13/12/2025,Ascot,EXPERT TIPS,FALSE,Horses,2,8,BACK,WIN,$3.20,8. Ninetymilestraight,2,,251541978,92460994,8,0,4.9,-2.00,-2.00,0.00
Terry Leighton,13/12/2025,Ascot,EXPERT TIPS,FALSE,Horses,2,2,BACK,WIN,$4.20,2. Lanfranco,1,,251541978,92460992,8,1,5.4,4.05,4.05,0.00
Terry Leighton,13/12/2025,Ascot,EXPERT TIPS,FALSE,Horses,4,1,BACK,WIN,$3.00,1. Soldanelle,3,,251541996,3610909,8,1,2.97,5.44,0.00,0.00
Terry Leighton,13/12/2025,Ascot,EXPERT TIPS,FALSE,Horses,4,10,BACK,WIN,$7.00,10. Right To Silence,1,,251541996,68124638,8,0,14.75,-1.00,-1.00,0.00
Peter Anthonisz,13/12/2025,Ascot,EXPERT TIPS,FALSE,Horses,7,8,BACK,WIN,$2.60,8. Timeless Gem,4,BEST BET,251542023,92461005,8,1,4.7,13.62,13.62,13.62
Peter Anthonisz,13/12/2025,Ascot,EXPERT TIPS,FALSE,Horses,7,11,BACK,WIN,$21.00,11. Nobellity,1,,251542023,37179381,8,0,35.99,-1.00,-1.00,0.00
Peter Anthonisz,13/12/2025,Ascot,EXPERT TIPS,FALSE,Horses,8,6,BACK,WIN,$4.80,6. Zephyra,2,,251542032,46836270,8,0,8.2,-2.00,-2.00,0.00
Terry Leighton,13/12/2025,Ascot,EXPERT TIPS,FALSE,Horses,8,6,BACK,WIN,$3.40,6. Zephyra,4,BEST BET,251542032,46836270,8,0,8.2,-4.00,-4.00,-4.00
Terry Leighton,13/12/2025,Ascot,EXPERT TIPS,FALSE,Horses,8,6,BACK,PLACE,$3.40,6. Zephyra,4,BEST BET,251542033,46836270,8,0,2.54,-4.00,0.00,-4.00
The Leg Up,13/12/2025,Eagle Farm,EXPERT TIPS,FALSE,Horses,6,9,BACK,WIN,$6.00,9. Wanda Rox,1,,251538531,82602564,8,0,13.71,-1.00,-1.00,0.00
The Leg Up,13/12/2025,Eagle Farm,EXPERT TIPS,FALSE,Horses,8,1,BACK,WIN,$1.90,1. Boomtown Boss,1,,251538549,67477535,8,0,2.18,-1.00,-1.00,0.00
Lachlan Mosley,13/12/2025,Gawler,EXPERT TIPS,FALSE,Horses,2,5,BACK,WIN,,5. Overstrike ,2,,251537500,90251867,8,0,4.86,-2.00,-2.00,0.00
Lachlan Mosley,13/12/2025,Gawler,EXPERT TIPS,FALSE,Horses,2,5,BACK,PLACE,,5. Overstrike ,2,,251537501,90251867,8,0,1.74,-2.00,-2.00,0.00
Lachlan Mosley,13/12/2025,Gawler,EXPERT TIPS,FALSE,Horses,3,5,BACK,WIN,,5. Grinzinger Bishop,2,,251537509,52406102,8,1,7,11.04,11.04,0.00
Lachlan Mosley,13/12/2025,Gawler,EXPERT TIPS,FALSE,Horses,3,6,BACK,WIN,,6. Crown Mint ,1,,251537509,39078059,8,0,11,-1.00,-1.00,0.00
Lachlan Mosley,13/12/2025,Gawler,EXPERT TIPS,FALSE,Horses,7,6,BACK,WIN,,6. Cash,3,BEST BET,251537545,92459855,8,0,2.02,-3.00,-3.00,-3.00
Lachlan Mosley,13/12/2025,Gawler,EXPERT TIPS,FALSE,Horses,8,1,BACK,WIN,,1. Longer Route ,2,,251537554,83050175,8,0,9.26,-2.00,-2.00,0.00
Lachlan Mosley,13/12/2025,Gawler,EXPERT TIPS,FALSE,Horses,8,1,BACK,PLACE,,1. Longer Route ,2,,251537555,83050175,8,1,3.15,3.96,3.96,0.00
Lachlan Mosley,13/12/2025,Gawler,EXPERT TIPS,FALSE,Horses,9,16,BACK,WIN,,16. Yes I Believe ,1,,251537563,92459863,8,0,25.27,-1.00,-1.00,0.00
Lachlan Mosley,13/12/2025,Gawler,EXPERT TIPS,FALSE,Horses,9,16,BACK,PLACE,,16. Yes I Believe ,1,,251537564,92459863,8,0,6.8,-1.00,-1.00,0.00
Brett & Darren Carroll,13/12/2025,Melton,EXPERT TIPS,FALSE,Horses,2,10,LAY,WIN,$5.00,10. Captain Perfect,2,BEST BET,251602566,83917588,8,1,3.3,-2.00,-2.00,-2.00
Brett & Darren Carroll,13/12/2025,Melton,EXPERT TIPS,FALSE,Horses,6,7,BACK,WIN,$1.50,7. Beach Diamond,3,BEST BET,251602578,70354831,8,1,1.54,1.49,1.49,1.49
Brett & Darren Carroll,13/12/2025,Melton,EXPERT TIPS,FALSE,Horses,7,4,BACK,WIN,$1.60,4. I Am Wilma,3,,251602581,74040186,8,0,1.47,-3.00,0.00,0.00
Will Norman,13/12/2025,Menangle,EXPERT TIPS,FALSE,Horses,1,1,BACK,WIN,$5.00,1. Van Basten,1,,251602539,16764613,8,0,7,-1.00,-1.00,0.00
Will Norman,13/12/2025,Menangle,EXPERT TIPS,FALSE,Horses,2,9,BACK,WIN,$1.80,9. Illawong Danny,2,,251602542,40100028,8,1,2.04,1.91,1.91,0.00
Will Norman,13/12/2025,Menangle,EXPERT TIPS,FALSE,Horses,3,3,BACK,WIN,$1.70,3. Bold Medley Jujon,3,,251602545,68866210,8,0,1.44,-3.00,0.00,0.00
Will Norman,13/12/2025,Menangle,EXPERT TIPS,FALSE,Horses,4,5,BACK,WIN,$4.00,5. Thalassophobia,2,,251602548,55572094,8,0,6.78,-2.00,-2.00,0.00
Will Norman,13/12/2025,Menangle,EXPERT TIPS,FALSE,Horses,6,4,BACK,WIN,$1.60,4. Captains Knock,3,BEST BET,251602554,2449191,8,1,1.36,0.99,0.00,0.99
Will Norman,13/12/2025,Menangle,EXPERT TIPS,FALSE,Horses,7,9,BACK,WIN,$2.00,9. Isla Rochelle,2,,251602557,92118507,8,0,3.11,-2.00,-2.00,0.00
Will Norman,13/12/2025,Menangle,EXPERT TIPS,FALSE,Horses,8,1,BACK,WIN,$3.00,1. Light Me Up,2,,251602560,78817921,8,0,3.79,-2.00,-2.00,0.00
Jackson Oldham,13/12/2025,Pakenham,EXPERT TIPS,FALSE,Horses,4,7,BACK,WIN,$2.40,7. Biancelli,2,BEST BET,251538078,92460206,8,0,2.79,-2.00,-2.00,-2.00
Jackson Oldham,13/12/2025,Pakenham,EXPERT TIPS,FALSE,Horses,7,16,LAY,WIN,$6.00,16. Skippers Canyon,1,BEST BET,251538105,92460217,8,0,2.95,0.47,0.47,0.47
Mitch Lewis,13/12/2025,Randwick,EXPERT TIPS,FALSE,Horses,1,4,BACK,WIN,$3.00,4. Hyperbolic,2,,251538396,92460125,10,1,3.14,3.85,3.85,0.00
Mitch Lewis,13/12/2025,Randwick,EXPERT TIPS,FALSE,Horses,10,12,LAY,WIN,$8.50,12. Theblade,1,BEST BET,251538477,80362798,10,1,2.74,-1.00,-1.00,-1.00
Mitch Lewis,13/12/2025,Randwick,EXPERT TIPS,FALSE,Horses,2,17,BACK,WIN,$3.00,17. Lady Olenna,2,,251538405,92460132,10,0,5,-2.00,-2.00,0.00
Mitch Lewis,13/12/2025,Randwick,EXPERT TIPS,FALSE,Horses,6,9,BACK,WIN,$3.50,9. Rotagilla,1,,251538441,81307670,10,0,3.76,-1.00,-1.00,0.00
The Leg Up,13/12/2025,Randwick,EXPERT TIPS,FALSE,Horses,8,6,BACK,WIN,$51.00,6. Darnation,1,,251538459,92460164,10,0,115.34,-1.00,-1.00,0.00
The Leg Up,13/12/2025,Randwick,EXPERT TIPS,FALSE,Horses,8,6,BACK,PLACE,$51.00,6. Darnation,1,,251538460,92460164,10,0,23,-1.00,0.00,0.00
Mitch Lewis,13/12/2025,Randwick,EXPERT TIPS,FALSE,Horses,9,12,BACK,WIN,$3.00,12. Weeping Woman,3,BEST BET,251538468,92460177,10,1,2.68,4.54,0.00,4.54
Michael Tye,13/12/2025,The Meadows,EXPERT TIPS,FALSE,Greyhounds,1,2,BACK,WIN,$4.75,2. Outsides ,1,,251602679,80641154,8,0,4.3,-1.00,0.00,0.00
Michael Tye,13/12/2025,The Meadows,EXPERT TIPS,FALSE,Greyhounds,10,2,LAY,WIN,$4.80,2. Cumbria Jack ,2,,251602724,77729800,8,0,4.08,0.60,0.60,0.00
Michael Tye,13/12/2025,The Meadows,EXPERT TIPS,FALSE,Greyhounds,11,2,BACK,WIN,$3.00,2. Hot Nanu ,2,,251602729,91693634,8,0,3.85,-2.00,-2.00,0.00
Michael Tye,13/12/2025,The Meadows,EXPERT TIPS,FALSE,Greyhounds,2,6,BACK,WIN,$4.40,6. Schillaci ,1,,251602684,60230722,8,0,4.43,-1.00,-1.00,0.00
Michael Tye,13/12/2025,The Meadows,EXPERT TIPS,FALSE,Greyhounds,4,7,BACK,WIN,$4.00,7. Whiskey Whiskers ,2,,251602694,83570507,8,1,5.1,7.54,7.54,0.00
Michael Tye,13/12/2025,The Meadows,EXPERT TIPS,FALSE,Greyhounds,4,2,LAY,WIN,$2.65,2. Dewana Star ,2,,251602694,89061104,8,0,1.55,3.35,3.35,0.00
Michael Tye,13/12/2025,The Meadows,EXPERT TIPS,FALSE,Greyhounds,5,1,LAY,WIN,$3.85,1. Never Ever Late ,2,,251602699,89018283,8,0,2.47,1.25,1.25,0.00
Michael Tye,13/12/2025,The Meadows,EXPERT TIPS,FALSE,Greyhounds,8,1,LAY,WIN,$3.50,1. Intrepidus ,2,BEST BET,251602714,10904691,8,0,2.42,1.30,1.30,1.30
Michael Tye,13/12/2025,The Meadows,EXPERT TIPS,FALSE,Greyhounds,8,5,BACK,WIN,$7.00,5. Electrify ,2,BEST BET,251602714,89592907,8,1,6.09,9.37,0.00,9.37
Michael Tye,13/12/2025,The Meadows,EXPERT TIPS,FALSE,Greyhounds,9,3,BACK,WIN,$1.68,3. Dayseas Rory ,2,,251602719,66450204,8,1,1.85,1.56,1.56,0.00
Brett & Darren Carroll,14/12/2025,Gunbower,EXPERT TIPS,FALSE,Horses,1,1,BACK,WIN,$2.00,1. Little Miss Valley,2,BEST BET,251635157,87249462,8,0,2.6,-2.00,-2.00,-2.00
Brett & Darren Carroll,14/12/2025,Gunbower,EXPERT TIPS,FALSE,Horses,2,3,BACK,WIN,$3.50,3. Castles In The Sky,2,,251635159,85815273,8,0,3.85,-2.00,-2.00,0.00
Brett & Darren Carroll,14/12/2025,Gunbower,EXPERT TIPS,FALSE,Horses,9,4,BACK,WIN,$2.50,4. Alta Bayamo,1,,251635173,69980043,8,1,2.9,1.75,1.75,0.00
Stephen Christie,14/12/2025,Hobart,EXPERT TIPS,FALSE,Horses,1,2,BACK,WIN,$1.70,2. Colonel Bogey,3,,251602365,92459818,8,0,2.36,-3.00,-3.00,0.00
Stephen Christie,14/12/2025,Hobart,EXPERT TIPS,FALSE,Horses,2,6,BACK,WIN,$2.40,6. Don Turboas,1,,251602371,91692342,8,0,3.5,-1.00,-1.00,0.00
Stephen Christie,14/12/2025,Hobart,EXPERT TIPS,FALSE,Horses,3,2,BACK,WIN,$2.50,2. Snowdonia,1,,251602377,84982625,8,0,2.93,-1.00,-1.00,0.00
Stephen Christie,14/12/2025,Hobart,EXPERT TIPS,FALSE,Horses,4,3,BACK,WIN,$2.90,3. Fiorente De Legend,2,,251602383,92459835,8,0,3.14,-2.00,-2.00,0.00
Stephen Christie,14/12/2025,Hobart,EXPERT TIPS,FALSE,Horses,7,8,BACK,WIN,$2.90,8. Press For Boom,1,,251602401,62097592,8,1,3.63,2.42,2.42,0.00
Stephen Christie,14/12/2025,Hobart,EXPERT TIPS,FALSE,Horses,8,2,BACK,WIN,$4.20,2. Rubble N Fudd,1,,251602407,71651243,8,0,12.5,-1.00,-1.00,0.00
Stephen Christie,14/12/2025,Hobart,EXPERT TIPS,FALSE,Horses,8,10,BACK,WIN,$8.50,10. Geegeehailstorm ,1,,251602407,58882623,8,0,26,-1.00,-1.00,0.00
Braden Howlett,14/12/2025,Launceston,EXPERT TIPS,FALSE,Horses,1,4,BACK,WIN,$2.75,4. TWILIGHT STORM,2,,251634336,5619393,8,0,3.15,-2.00,-2.00,0.00
Braden Howlett,14/12/2025,Launceston,EXPERT TIPS,FALSE,Horses,2,10,BACK,WIN,$8.00,10. JEREMY WELLS,1,,251634338,42292043,8,0,8.1,-1.00,-1.00,0.00
Braden Howlett,14/12/2025,Launceston,EXPERT TIPS,FALSE,Horses,3,9,BACK,PLACE,2,9. MUZZAME MATE,2,,251634341,92419711,8,1,2.67,3.07,3.07,0.00
Braden Howlett,14/12/2025,Launceston,EXPERT TIPS,FALSE,Horses,4,5,LAY,PLACE,3,5. SINISTER,3,,251634343,2783472,8,0,2.98,1.39,1.39,0.00
Braden Howlett,14/12/2025,Launceston,EXPERT TIPS,FALSE,Horses,5,3,BACK,PLACE,1.7,3. MAEBEE,4,BEST BET,251634345,40534735,8,0,1.74,-4.00,-4.00,-4.00
Braden Howlett,14/12/2025,Launceston,EXPERT TIPS,FALSE,Horses,6,5,BACK,WIN,1.75,5. ULTIMACTION,3,,251634346,92419714,8,1,1.81,2.24,2.24,0.00
Braden Howlett,14/12/2025,Launceston,EXPERT TIPS,FALSE,Horses,7,3,BACK,WIN,5,3. SMOKESCREEN,1,,251674057,1537029,8,0,8.11,-1.00,-1.00,0.00
Braden Howlett,14/12/2025,Launceston,EXPERT TIPS,FALSE,Horses,8,1,BACK,WIN,5,1. BARNY BILL,1,,251634350,50479493,8,0,10,-1.00,-1.00,0.00
Brett & Darren Carroll,15/12/2025,Maryborough,EXPERT TIPS,FALSE,Harness,3,2,BACK,WIN,$1.80,2. Always On Safari,2,,251678647,82116856,8,1,1.7,1.29,0.00,0.00
Brett & Darren Carroll,15/12/2025,Maryborough,EXPERT TIPS,FALSE,Harness,6,4,BACK,WIN,$1.70,4. Lou Easyana,3,,251678653,86855437,8,1,1.54,1.49,0.00,0.00
Will Norman,15/12/2025,Menangle,EXPERT TIPS,FALSE,Harness,1,6,BACK,WIN,$3.00,6. Affaire De Cover,2,BEST BET,251678525,39170199,8,0,3.13,-2.00,-2.00,-2.00
Scott Hill,15/12/2025,Pinjarra,EXPERT TIPS,FALSE,Harness,1,3,BACK,WIN,$1.50,3. Mriya Dream,3,BEST BET,251678577,56907353,8,0,2.18,-3.00,-3.00,-3.00
Michael Tye,15/12/2025,Sandown Park,EXPERT TIPS,FALSE,Greyhounds,3,5,BACK,WIN,$2.25,5. Black Star Riot ,2,,251678458,92537765,8,0,4.4,-2.00,-2.00,0.00
Michael Tye,15/12/2025,Sandown Park,EXPERT TIPS,FALSE,Greyhounds,3,8,LAY,WIN,$5.50,8. Zipping Columbus ,2,,251678458,91693627,8,0,5.06,0.45,0.45,0.00
Michael Tye,15/12/2025,Sandown Park,EXPERT TIPS,FALSE,Greyhounds,4,1,BACK,WIN,$2.80,1. Cruzado ,3,BEST BET,251678463,77928847,8,0,4.6,-3.00,-3.00,-3.00
Michael Tye,15/12/2025,Sandown Park,EXPERT TIPS,FALSE,Greyhounds,5,3,BACK,WIN,$2.10,3. Paw Zoltin ,2,,251678468,89592917,8,0,1.92,-2.00,0.00,0.00
Michael Tye,15/12/2025,Sandown Park,EXPERT TIPS,FALSE,Greyhounds,6,1,BACK,WIN,$1.56,1. Fastened ,3,,251678473,84779262,8,1,1.25,0.69,0.00,0.00
Michael Tye,15/12/2025,Sandown Park,EXPERT TIPS,FALSE,Greyhounds,8,5,LAY,WIN,$1.95,5. Aydens Warrior ,2,BEST BET,251678483,74189656,8,0,1.93,1.98,1.98,1.98
Ryan Spice,16/12/2025,Albion Park,EXPERT TIPS,FALSE,Harness,3,3,LAY,PLACE,$3.50,3. Cardlesfromheaven,1,BEST BET,251712820,25404139,8,0,8.16,0.13,0.00,0.13
Ryan Spice,16/12/2025,Albion Park,EXPERT TIPS,FALSE,Harness,6,6,BACK,WIN,$3.00,6. Turn It Up,2,BEST BET,251712825,2644249,8,1,5,7.36,7.36,7.36
Ryan Spice,16/12/2025,Albion Park,EXPERT TIPS,FALSE,Harness,9,9,BACK,PLACE,$3.00,9. Dee Terror,1,,251712832,55572108,8,0,2.44,-1.00,0.00,0.00
Scott Hill,16/12/2025,Gloucester Park,EXPERT TIPS,FALSE,Harness,2,7,BACK,WIN,$1.85,7. Hunger Strike,3,,251713820,69685647,8,1,1.5,1.38,0.00,0.00
Scott Hill,16/12/2025,Gloucester Park,EXPERT TIPS,FALSE,Harness,3,5,BACK,WIN,$2.00,5. The Bettor Side,2,,251713823,66088990,8,0,2.2,-2.00,-2.00,0.00
Scott Hill,16/12/2025,Gloucester Park,EXPERT TIPS,FALSE,Harness,4,7,BACK,WIN,$1.85,7. Miki Windermere ,2,,251713826,90296713,8,1,2.63,3.00,3.00,0.00
Scott Hill,16/12/2025,Gloucester Park,EXPERT TIPS,FALSE,Harness,5,9,BACK,WIN,$3.30,9. Greatgreat Boulder ,1,,251713829,53126807,8,0,4.31,-1.00,-1.00,0.00
Scott Hill,16/12/2025,Gloucester Park,EXPERT TIPS,FALSE,Harness,6,8,BACK,WIN,$1.65,8. My Machane,3,BEST BET,251713832,92505609,8,0,2.22,-3.00,-3.00,-3.00
Scott Hill,16/12/2025,Gloucester Park,EXPERT TIPS,FALSE,Harness,8,5,BACK,WIN,$1.85,5. Quiggley,3,BEST BET,251713838,55176435,8,0,2.93,-3.00,-3.00,-3.00
Mitch Lewis,16/12/2025,Newcastle,EXPERT TIPS,FALSE,Thoroughbred,3,11,LAY,WIN,$7.50,11. Villainess,1,BEST BET,251677468,92537253,10,0,5.27,0.21,0.21,0.21
Will Norman,16/12/2025,Newcastle,EXPERT TIPS,FALSE,Harness,4,9,BACK,WIN,$5.00,9. Zacharooni,1,,251712161,40119297,8,0,10.1,-1.00,-1.00,0.00
Will Norman,16/12/2025,Newcastle,EXPERT TIPS,FALSE,Harness,4,9,BACK,PLACE,$5.00,9. Zacharooni,1,,251712162,40119297,8,0,2.75,-1.00,0.00,0.00
Mitch Lewis,16/12/2025,Newcastle,EXPERT TIPS,FALSE,Thoroughbred,5,4,BACK,WIN,$4.00,4. Empusa,1,,251677478,92537264,10,0,3.95,-1.00,0.00,0.00
Will Norman,16/12/2025,Newcastle,EXPERT TIPS,FALSE,Harness,5,9,BACK,WIN,$5.00,9. A Vapar Storm,1,,251712164,35421224,8,0,5.2,-1.00,-1.00,0.00
Will Norman,16/12/2025,Newcastle,EXPERT TIPS,FALSE,Harness,5,9,BACK,PLACE,$5.00,9. A Vapar Storm,1,,251712165,35421224,8,0,1.72,-1.00,0.00,0.00
Will Norman,16/12/2025,Newcastle,EXPERT TIPS,FALSE,Harness,6,1,LAY,WIN,$4.00,1. Sky City,1,,251712167,9230140,8,0,3.65,0.35,0.35,0.00
Mitch Lewis,16/12/2025,Newcastle,EXPERT TIPS,FALSE,Thoroughbred,7,5,BACK,WIN,$2.20,5. Herman Said,2,BEST BET,251677488,85016807,10,0,3.3,-2.00,-2.00,-2.00
Will Norman,16/12/2025,Newcastle,EXPERT TIPS,FALSE,Harness,7,5,BACK,WIN,$2.00,5. Hot Cruise Control,3,BEST BET,251712170,62403284,8,1,1.65,1.79,0.00,1.79
Brett & Darren Carroll,16/12/2025,Swan Hill,EXPERT TIPS,FALSE,Harness,5,9,BACK,WIN,$3.00,9. Bizzness Class,2,BEST BET,251712811,63297752,8,0,5.62,-2.00,-2.00,-2.00
Brett & Darren Carroll,16/12/2025,Swan Hill,EXPERT TIPS,FALSE,Harness,6,3,BACK,WIN,$2.40,3. Lester,1,,251712813,44210682,8,0,2.18,-1.00,0.00,0.00
The Leg Up,16/12/2025,Terang,EXPERT TIPS,FALSE,Thoroughbred,1,7,BACK,WIN,$4.00,7. KINGSFORD,1,,251675721,1322197,8,1,4.33,3.06,3.06,0.00
Brett & Darren Carroll,17/12/2025,Bendigo,EXPERT TIPS,FALSE,Harness,1,2,BACK,WIN,$1.70,2. Piesridingshotgun,3,BEST BET,251755799,25267908,8,0,2.35,-3.00,-3.00,-3.00
Brett & Darren Carroll,17/12/2025,Bendigo,EXPERT TIPS,FALSE,Harness,3,5,BACK,WIN,$2.00,5. Cee Cee Lou,2,,251755803,73483974,8,0,1.82,-2.00,0.00,0.00
Brett & Darren Carroll,17/12/2025,Bendigo,EXPERT TIPS,FALSE,Harness,5,2,BACK,WIN,$2.20,2. Lorimermajor,2,,251755807,36430692,8,1,2.56,2.87,2.87,0.00
Jackson Oldham,17/12/2025,Mornington,EXPERT TIPS,FALSE,Thoroughbred,3,5,BACK,WIN,$3.00,5. Inspiring,2,BEST BET,251713913,92676421,8,0,2.03,-2.00,0.00,-2.00
Michael Tye,17/12/2025,The Meadows,EXPERT TIPS,FALSE,Greyhounds,1,5,LAY,WIN,$3.40,5. Believe Again ,2,,251759194,92677465,8,0,2.7,1.08,1.08,0.00
Michael Tye,17/12/2025,The Meadows,EXPERT TIPS,FALSE,Greyhounds,1,5,LAY,WIN,$3.40,5. Believe Again ,2,,251759194,92677465,8,0,2.7,1.08,1.08,0.00
Michael Tye,17/12/2025,The Meadows,EXPERT TIPS,FALSE,Greyhounds,2,8,BACK,WIN,$1.53,8. Transcript ,2,,251759199,92162579,8,0,1.76,-2.00,-2.00,0.00
Michael Tye,17/12/2025,The Meadows,EXPERT TIPS,FALSE,Greyhounds,2,8,BACK,WIN,$1.56,8. Transcript ,2,,251759199,92162579,8,0,1.76,-2.00,-2.00,0.00
Michael Tye,17/12/2025,The Meadows,EXPERT TIPS,FALSE,Greyhounds,3,7,BACK,WIN,$1.96,7. Wizard Watson ,1,,251759204,92677472,8,1,1.64,0.59,0.00,0.00
Michael Tye,17/12/2025,The Meadows,EXPERT TIPS,FALSE,Greyhounds,3,7,BACK,WIN,$1.95,7. Wizard Watson ,1,,251759204,92677472,8,1,1.64,0.59,0.00,0.00
Michael Tye,17/12/2025,The Meadows,EXPERT TIPS,FALSE,Greyhounds,5,5,LAY,WIN,2.5,5. Whispered ,2,BEST BET,251759214,92677474,8,1,3.33,-2.00,0.00,-2.00
Michael Tye,17/12/2025,The Meadows,EXPERT TIPS,FALSE,Greyhounds,6,3,BACK,WIN,2.5,3. Riversdale Mick,2,BEST BET,251759219,77647265,8,0,4.5,-2.00,-2.00,-2.00
Michael Tye,17/12/2025,The Meadows,EXPERT TIPS,FALSE,Greyhounds,8,8,BACK,WIN,2,8. Shima Blush,2,,251759229,77929063,8,1,3.34,4.31,4.31,0.00
Mitch Lewis,17/12/2025,Warwick Farm,EXPERT TIPS,FALSE,Thoroughbred,2,7,LAY,WIN,5,7. Unleeshing,1,BEST BET,251713851,92676536,10,0,2.78,0.51,0.51,0.51
Mitch Lewis,17/12/2025,Warwick Farm,EXPERT TIPS,FALSE,Thoroughbred,3,1,BACK,WIN,$4.00,1. Wondereach,2,,251713860,54439635,10,0,4.51,-2.00,-2.00,0.00
Mitch Lewis,17/12/2025,Warwick Farm,EXPERT TIPS,FALSE,Thoroughbred,6,7,BACK,WIN,$2.50,7. Amreekiyah,3,BEST BET,251713887,87767966,10,0,2.5,-3.00,-3.00,-3.00
Mitch Lewis,18/12/2025,Gosford,EXPERT TIPS,FALSE,Thoroughbred,3,8,LAY,WIN,$5.00,8. De Louviere,1,BEST BET,251757215,92702915,10,0,2.06,0.85,0.85,0.85
Mitch Lewis,18/12/2025,Gosford,EXPERT TIPS,FALSE,Thoroughbred,5,1,BACK,WIN,$2.20,1. Leantothemoon,2,BEST BET,251757225,75355122,10,0,1.94,-2.00,0.00,-2.00
Brett & Darren Carroll,18/12/2025,Kilmore,EXPERT TIPS,FALSE,Harness,2,13,BACK,WIN,$2.50,13. Mason Jolie,2,BEST BET,251789732,92676701,8,0,2.18,-2.00,0.00,-2.00
Brett & Darren Carroll,18/12/2025,Kilmore,EXPERT TIPS,FALSE,Harness,4,9,BACK,WIN,$2.50,9. Calders Revenge,1,,251789736,90252676,8,0,2.45,-1.00,0.00,0.00
Brett & Darren Carroll,18/12/2025,Kilmore,EXPERT TIPS,FALSE,Harness,6,6,BACK,WIN,$3.00,6. The Accidental One,2,,251789740,41677073,8,0,5.6,-2.00,-2.00,0.00
Michael Tye,18/12/2025,Sandown Park,EXPERT TIPS,FALSE,Greyhounds,1,6,BACK,PLACE,$1.65,6. Crack On ,2,,251795331,91205226,8,0,1.78,-2.00,-2.00,0.00
Michael Tye,18/12/2025,Sandown Park,EXPERT TIPS,FALSE,Greyhounds,10,3,BACK,WIN,$1.90,3. Robinson ,2,,251795375,87094561,8,1,2.22,2.24,2.24,0.00
Michael Tye,18/12/2025,Sandown Park,EXPERT TIPS,FALSE,Greyhounds,2,5,BACK,WIN,$2.25,5. Ferrets Knock ,2,,251795335,78231225,8,1,3.2,4.05,4.05,0.00
Michael Tye,18/12/2025,Sandown Park,EXPERT TIPS,FALSE,Greyhounds,4,1,BACK,WIN,$1.95,1. Urana Xavier ,3,BEST BET,251795345,77303471,8,1,1.45,1.24,0.00,1.24
Michael Tye,18/12/2025,Sandown Park,EXPERT TIPS,FALSE,Greyhounds,6,5,LAY,WIN,$5.50,5. Never Ever Late ,1,,251795355,85320370,8,1,9.84,-1.00,0.00,0.00
The Leg Up,19/12/2025,Canterbury,EXPERT TIPS,FALSE,Thoroughbred,1,8,BACK,WIN,$51.00,8. Take Flight,1,,251791222,5233381,10,0,152.66,-1.00,-1.00,0.00
The Leg Up,19/12/2025,Canterbury,EXPERT TIPS,FALSE,Thoroughbred,1,8,BACK,PLACE,$51.00,8. Take Flight,1,,251791223,5233381,10,0,19.3,-1.00,0.00,0.00
The Leg Up,19/12/2025,Canterbury,EXPERT TIPS,FALSE,Thoroughbred,2,11,BACK,WIN,$12.00,11. Viva Mauricio,1,,251791231,92743593,10,0,15.26,-1.00,-1.00,0.00
The Leg Up,19/12/2025,Canterbury,EXPERT TIPS,FALSE,Thoroughbred,2,11,BACK,PLACE,$12.00,11. Viva Mauricio,1,,251791232,92743593,10,1,3.35,2.12,0.00,0.00
Mitch Lewis,19/12/2025,Canterbury,EXPERT TIPS,FALSE,Thoroughbred,3,4,LAY,WIN,$7.50,4. Emballee,1,BEST BET,251791240,92743597,10,0,4.7,0.24,0.24,0.24
Mitch Lewis,19/12/2025,Canterbury,EXPERT TIPS,FALSE,Thoroughbred,5,2,BACK,WIN,$2.50,2. Bat Out Of Hell,3,BEST BET,251791258,49487457,10,0,3.4,-3.00,-3.00,-3.00
Jackson Oldham,19/12/2025,Cranbourne,EXPERT TIPS,FALSE,Thoroughbred,7,10,BACK,WIN,$3.60,10. Seven Oceans,1,BEST BET,251793374,89748478,8,0,4.48,-1.00,-1.00,-1.00
Jackson Oldham,19/12/2025,Cranbourne,EXPERT TIPS,FALSE,Thoroughbred,8,9,LAY,WIN,$11.00,9. Hot Blue,3,BEST BET,251793383,92743635,8,0,12.64,0.24,0.00,0.24
The Leg Up,20/12/2025,Eagle Farm,EXPERT TIPS,FALSE,Thoroughbred,2,5,BACK,WIN,$2.50,5. Prince Levi,1,BEST BET,251792615,75966721,8,0,2.6,-1.00,-1.00,-1.00
Brett & Darren Carroll,19/12/2025,Geelong,EXPERT TIPS,FALSE,Harness,2,4,BACK,WIN,$1.90,4. Aldebaran Susanne,3,BEST BET,251825043,92703289,8,1,2.42,3.92,3.92,3.92
Brett & Darren Carroll,19/12/2025,Geelong,EXPERT TIPS,FALSE,Harness,7,1,BACK,WIN,$3.00,1. Breathe Easy,1,,251825058,4918546,8,1,4.1,2.85,2.85,0.00
Brett & Darren Carroll,19/12/2025,Geelong,EXPERT TIPS,FALSE,Harness,8,3,BACK,WIN,$2.50,3. Segui Le Stella,1,,251825061,82540885,8,0,2.34,-1.00,0.00,0.00
Scott Hill,19/12/2025,Gloucester Park,EXPERT TIPS,FALSE,Harness,1,1,BACK,WIN,$2.50,1. Whos The Dad,2,,251826213,42080323,8,0,2.81,-2.00,-2.00,0.00
Scott Hill,19/12/2025,Gloucester Park,EXPERT TIPS,FALSE,Harness,10,8,BACK,WIN,$5.00,8. Bettor Move Along,1,,251826240,38697532,8,0,12.85,-1.00,-1.00,0.00
Scott Hill,19/12/2025,Gloucester Park,EXPERT TIPS,FALSE,Harness,2,8,BACK,WIN,$4.00,8. Fat Louie,1,,251826216,85225784,8,0,5.47,-1.00,-1.00,0.00
Scott Hill,19/12/2025,Gloucester Park,EXPERT TIPS,FALSE,Harness,3,3,BACK,WIN,$1.85,3. Spyglass,3,BEST BET,251826219,6803937,8,1,1.76,2.10,0.00,2.10
Scott Hill,19/12/2025,Gloucester Park,EXPERT TIPS,FALSE,Harness,5,9,BACK,WIN,$3.00,9. Nathan Street,1,,251826225,61524664,8,0,5.5,-1.00,-1.00,0.00
Scott Hill,19/12/2025,Gloucester Park,EXPERT TIPS,FALSE,Harness,6,8,LAY,WIN,$3.00,8. Aardiebytheseaside,3,,251826228,58815088,8,0,3.89,0.96,0.00,0.00
Scott Hill,19/12/2025,Gloucester Park,EXPERT TIPS,FALSE,Harness,7,2,BACK,WIN,$2.00,2. Quinton,3,,251826231,40995487,8,0,3.55,-3.00,-3.00,0.00
The Leg Up,19/12/2025,Gold Coast,EXPERT TIPS,FALSE,Thoroughbred,6,9,BACK,WIN,$4.00,9. Swordplay,1,,251795799,90603967,8,1,6.2,4.78,4.78,0.00
Lachlan Mosley,19/12/2025,Oakbank,EXPERT TIPS,FALSE,Thoroughbred,2,1,BACK,WIN,,1. Ali Foreman ,3,,251796900,73917957,8,0,2.74,-3.00,-3.00,0.00
Lachlan Mosley,19/12/2025,Oakbank,EXPERT TIPS,FALSE,Thoroughbred,3,12,BACK,WIN,,12. Camooweal Girl,2,,251796906,92743430,8,0,7.4,-2.00,-2.00,0.00
Lachlan Mosley,19/12/2025,Oakbank,EXPERT TIPS,FALSE,Thoroughbred,4,8,BACK,WIN,,8. Taken On Faith,3,BEST BET,251796912,92743438,8,0,2.27,-3.00,-3.00,-3.00
Lachlan Mosley,19/12/2025,Oakbank,EXPERT TIPS,FALSE,Thoroughbred,8,6,BACK,WIN,,6. Andrews Memory ,3,,251796936,60490282,8,0,3.14,-3.00,-3.00,0.00
Lachlan Mosley,19/12/2025,Oakbank,EXPERT TIPS,FALSE,Thoroughbred,8,15,BACK,WIN,,15. Charlesfort ,1,,251796936,46495398,8,0,19.68,-1.00,-1.00,0.00
The Leg Up,20/12/2025,Randwick,EXPERT TIPS,FALSE,Thoroughbred,3,1,BACK,WIN,$4.00,1. Santatime,1,,251795687,90798205,10,0,5.7,-1.00,-1.00,0.00
The Leg Up,20/12/2025,Randwick,EXPERT TIPS,FALSE,Thoroughbred,5,10,BACK,WIN,$6.00,10. Willie Oppa,1,,251795705,92743811,10,1,8.46,6.71,6.71,0.00
Ryan Spice,20/12/2025,Albion Park,EXPERT TIPS,FALSE,Harness,5,9,BACK,WIN,$2.00,9. Daisy Diana,2,,251858038,79456649,8,0,1.88,-2.00,0.00,0.00
Ryan Spice,20/12/2025,Albion Park,EXPERT TIPS,FALSE,Harness,6,8,BACK,WIN,$10.00,8. Mach Assassin,1,,251858041,39508152,8,0,4.6,-1.00,0.00,0.00
Ryan Spice,20/12/2025,Albion Park,EXPERT TIPS,FALSE,Harness,7,6,LAY,PLACE,$4.00,6. Twilight Tango,1,BEST BET,251858045,3285014,8,0,22,0.04,0.00,0.04
Ryan Spice,20/12/2025,Albion Park,EXPERT TIPS,FALSE,Harness,9,4,BACK,WIN,$1.50,4. Rakasandy,5,BEST BET,251858050,92391930,8,1,1.57,2.62,2.62,2.62
Terry Leighton,20/12/2025,Ascot,EXPERT TIPS,FALSE,Thoroughbred,1,4,BACK,WIN,$12.00,4. Jesa Lupa,1,,251797070,92745300,8,0,27.18,-1.00,-1.00,0.00
Terry Leighton,20/12/2025,Ascot,EXPERT TIPS,FALSE,Thoroughbred,1,4,BACK,PLACE,12,4. Jesa Lupa,1,,251797071,92745300,8,0,4.04,-1.00,0.00,0.00
Terry Leighton,20/12/2025,Ascot,EXPERT TIPS,FALSE,Thoroughbred,10,4,BACK,WIN,3.3,4. Prospectors Pick,3,BEST BET,251797151,92744634,8,0,5.95,-3.00,-3.00,-3.00
Terry Leighton,20/12/2025,Ascot,EXPERT TIPS,FALSE,Thoroughbred,10,4,BACK,PLACE,3.3,4. Prospectors Pick,3,BEST BET,251797152,92744634,8,1,2.42,3.92,0.00,3.92
Terry Leighton,20/12/2025,Ascot,EXPERT TIPS,FALSE,Thoroughbred,4,9,BACK,WIN,6,9. Wolf Whistle Zel,1,,251797097,92744618,8,0,6.79,-1.00,-1.00,0.00
Terry Leighton,20/12/2025,Ascot,EXPERT TIPS,FALSE,Thoroughbred,4,9,BACK,PLACE,6,9. Wolf Whistle Zel,1,,251797098,92744618,8,1,1.9,0.83,0.00,0.00
Terry Leighton,20/12/2025,Ascot,EXPERT TIPS,FALSE,Thoroughbred,5,3,BACK,WIN,3.15,3. Lucky I Am,3,BEST BET,251797106,86347925,8,0,4,-3.00,-3.00,-3.00
Terry Leighton,46011,Ascot,EXPERT TIPS,FALSE,Thoroughbred,5,1,BACK,WIN,3.5,1. Jaz Session,1,,251797106,92744622,8,1,5.35,4.002,4.002,0
Terry Leighton,46011,Ascot,EXPERT TIPS,FALSE,Thoroughbred,6,1,BACK,WIN,4.5,1. Ginger Green,1,,251797115,42155280,8,0,7.4,-1,-1,0
Terry Leighton,46011,Ascot,EXPERT TIPS,FALSE,Thoroughbred,6,1,BACK,PLACE,4.5,1. Ginger Green,1,,251797116,42155280,8,1,2.3,1.196,0,0
Terry Leighton,46011,Ascot,EXPERT TIPS,FALSE,Thoroughbred,7,4,BACK,WIN,3.8,4. Silver Eye,2,,251797124,65732773,8,0,4.64,-2,-2,0
Terry Leighton,46011,Ascot,EXPERT TIPS,FALSE,Thoroughbred,7,8,BACK,WIN,5.5,8. Doctor Jay,2,,251797124,64959746,8,0,18.5,-2,-2,0
Terry Leighton,46011,Ascot,EXPERT TIPS,FALSE,Thoroughbred,8,15,BACK,WIN,2.7,15. Seven Candles,1,,251797133,92744630,8,0,2.39,-1,0,0
The Leg Up,46011,Caulfield,EXPERT TIPS,FALSE,Thoroughbred,3,5,BACK,WIN,4,5. Seafall,1,BEST BET,251798077,64720986,8,0,8.9,-1,-1,-1
Jackson Oldham,46011,Caulfield,EXPERT TIPS,FALSE,Thoroughbred,5,9,LAY,WIN,7,9. Kiss Me In Paris,2,BEST BET,251798095,92743956,8,0,5.55,0.404395604,0.404395604,0.404395604
Jackson Oldham,46011,Caulfield,EXPERT TIPS,FALSE,Thoroughbred,9,1,BACK,WIN,1.61,1. Beast Mode,5,BEST BET,251798131,24128969,8,0,1.99,-5,-5,-5
Brett & Darren Carroll,46011,Melton,EXPERT TIPS,FALSE,Harness,1,12,BACK,WIN,1.6,12. Bulletproof Boy,3,BEST BET,251858074,41911123,8,1,1.61,1.6836,1.6836,1.6836
Brett & Darren Carroll,46011,Melton,EXPERT TIPS,FALSE,Harness,8,6,BACK,WIN,2.2,6. Ata Rangi,1,,251858095,38765434,8,0,4.9,-1,-1,0
Brett & Darren Carroll,46011,Melton,EXPERT TIPS,FALSE,Harness,9,1,BACK,WIN,2.4,1. Hez All Rock,2,,251858098,50932825,8,0,4.11,-2,-2,0
Will Norman,46011,Menangle,EXPERT TIPS,FALSE,Harness,1,3,BACK,WIN,4,3. Alta William,1,,251858101,72951021,8,0,2.77,-1,0,0
Will Norman,46011,Menangle,EXPERT TIPS,FALSE,Harness,5,9,BACK,WIN,8,9. Hes A Meister,1,BEST BET,251858113,43800242,8,0,5.6,-1,0,-1
Will Norman,46011,Menangle,EXPERT TIPS,FALSE,Harness,5,9,BACK,PLACE,8,9. Hes A Meister,1,BEST BET,251858114,43800242,8,0,2.13,-1,0,-1
Lachlan Mosley,46011,Murray Bridge,EXPERT TIPS,FALSE,Thoroughbred,4,7,BACK,WIN,,7. Headphones ,2,,251792239,39586873,8,0,7.6,-2,-2,0
Lachlan Mosley,46011,Murray Bridge,EXPERT TIPS,FALSE,Thoroughbred,4,7,BACK,PLACE,,7. Headphones ,2,,251792240,39586873,8,1,1.63,1.1592,1.1592,0
Lachlan Mosley,46011,Murray Bridge,EXPERT TIPS,FALSE,Thoroughbred,6,4,BACK,WIN,,4. Falaise ,2,,251792257,1293717,8,1,4.93,7.2312,7.2312,0
Lachlan Mosley,46011,Murray Bridge,EXPERT TIPS,FALSE,Thoroughbred,6,4,BACK,PLACE,,4. Falaise ,2,,251792258,1293717,8,1,1.96,1.7664,1.7664,0
Lachlan Mosley,46011,Murray Bridge,EXPERT TIPS,FALSE,Thoroughbred,7,1,BACK,WIN,,1. Nicajon ,2,BEST BET,251792266,26433154,8,0,6.79,-2,-2,-2
Lachlan Mosley,46011,Murray Bridge,EXPERT TIPS,FALSE,Thoroughbred,7,1,BACK,PLACE,,1. Nicajon ,2,BEST BET,251792267,26433154,8,0,2.42,-2,-2,-2
Lachlan Mosley,46011,Murray Bridge,EXPERT TIPS,FALSE,Thoroughbred,8,1,BACK,WIN,,1. Enuff Seduction ,2,,251792275,91115397,8,1,4.7,6.808,6.808,0
Lachlan Mosley,46011,Murray Bridge,EXPERT TIPS,FALSE,Thoroughbred,9,3,BACK,WIN,,3. Serinite Illusion ,2,,251792284,92743485,8,0,7.67,-2,-2,0
Lachlan Mosley,46011,Murray Bridge,EXPERT TIPS,FALSE,Thoroughbred,9,3,BACK,PLACE,,3. Serinite Illusion ,2,,251792285,92743485,8,0,3,-2,-2,0
Mitch Lewis,46011,Randwick,EXPERT TIPS,FALSE,Thoroughbred,10,4,LAY,WIN,8,4. Catoggio,1,BEST BET,251795750,75084844,10,0,3.69,0.334572491,0.334572491,0.334572491
Mitch Lewis,46011,Randwick,EXPERT TIPS,FALSE,Thoroughbred,5,6,BACK,WIN,3.2,6. Mortal Halo,2,,251795705,77022992,10,0,4.23,-2,-2,0
Mitch Lewis,46011,Randwick,EXPERT TIPS,FALSE,Thoroughbred,9,11,BACK,WIN,3,11. Alabama Fox,2,,251795741,92743820,10,0,2.32,-2,0,0
Michael Tye,46011,The Meadows,EXPERT TIPS,FALSE,Greyhounds,10,3,BACK,WIN,6,3. Paw Ollie ,2,,251856623,73260001,8,0,11.5,-2,-2,0
Michael Tye,46011,The Meadows,EXPERT TIPS,FALSE,Greyhounds,11,1,BACK,WIN,2,1. Consigliere ,3,,251856628,87094278,8,1,1.68,1.8768,0,0
Michael Tye,46011,The Meadows,EXPERT TIPS,FALSE,Greyhounds,2,2,BACK,WIN,7,2. Elora Dash ,2,,251856583,92746744,8,0,3.8,-2,0,0
Michael Tye,46011,The Meadows,EXPERT TIPS,FALSE,Greyhounds,3,3,BACK,WIN,1.95,3. General Franky ,3,,251856588,92746747,8,1,2.06,2.9256,2.9256,0
Michael Tye,46011,The Meadows,EXPERT TIPS,FALSE,Greyhounds,4,1,BACK,WIN,8,1. Mister Manfredi ,2,,251856593,71180946,8,0,10,-2,-2,0
Michael Tye,46011,The Meadows,EXPERT TIPS,FALSE,Greyhounds,4,1,BACK,PLACE,8,1. Mister Manfredi ,2,,251856594,71180946,8,1,1.82,1.5088,0,0
Michael Tye,46011,The Meadows,EXPERT TIPS,FALSE,Greyhounds,5,1,BACK,WIN,2.85,1. Mepunga Zircon ,4,BEST BET,251856598,89593119,8,1,3.3,8.464,8.464,8.464
Michael Tye,46011,The Meadows,EXPERT TIPS,FALSE,Greyhounds,7,1,LAY,WIN,4,1. Copper Rush ,2,BEST BET,251856608,75638691,8,0,3.75,0.669090909,0.669090909,0.669090909
Michael Tye,46011,The Meadows,EXPERT TIPS,FALSE,Greyhounds,8,7,BACK,WIN,12,7. Electrify ,2,,251856613,91532400,8,0,24.05,-2,-2,0
Michael Tye,46011,The Meadows,EXPERT TIPS,FALSE,Greyhounds,8,7,BACK,PLACE,12,7. Electrify ,2,,251856614,91532400,8,0,3.16,-2,0,0
Michael Tye,46011,The Meadows,EXPERT TIPS,FALSE,Greyhounds,9,1,LAY,WIN,4.5,1. Sharapova Star ,2,,251856618,71980684,8,0,2.93,0.953367876,0.953367876,0
Brett & Darren Carroll,46012,Cranbourne,EXPERT TIPS,FALSE,Harness,1,2,BACK,WIN,2.5,2. Auckland Red,2,,251890927,24986948,8,1,3.05,3.772,3.772,0
Brett & Darren Carroll,46012,Cranbourne,EXPERT TIPS,FALSE,Harness,3,3,BACK,WIN,1.6,3. Admiralofthefleet,3,BEST BET,251890931,58179078,8,1,1.4,1.104,0,1.104
Braden Howlett,46012,Hobart,EXPERT TIPS,FALSE,Harness,1,1,BACK,WIN,2.3,1. SNIPER SANZ,2,,251890821,86019602,8,1,6.2,9.568,9.568,0
Braden Howlett,46012,Hobart,EXPERT TIPS,FALSE,Harness,2,8,BACK,WIN,7,8. STAROFREMEMBRANCE,1,,251890823,38014136,8,0,5.59,-1,0,0
Braden Howlett,46012,Hobart,EXPERT TIPS,FALSE,Harness,2,9,BACK,WIN,5,9. SMOOTH DEAL,1,,251890823,28161330,8,0,4.7,-1,0,0
Braden Howlett,46012,Hobart,EXPERT TIPS,FALSE,Harness,3,6,BACK,WIN,3,6. SHALLOW BEACH,3,,251890825,41844772,8,0,2.8,-3,0,0
Braden Howlett,46012,Hobart,EXPERT TIPS,FALSE,Harness,4,3,BACK,WIN,3.6,3. ITSMENOTU,2,,251890827,71869269,8,1,2.64,3.0176,0,0
Braden Howlett,46012,Hobart,EXPERT TIPS,FALSE,Harness,5,8,BACK,WIN,5,8. MISTA EAGLE,1,,251890829,30142120,8,0,8.01,-1,-1,0
Braden Howlett,46012,Hobart,EXPERT TIPS,FALSE,Harness,6,1,BACK,PLACE,2.5,1. SERIOUSLY SAM,2,,251890832,70868029,8,0,4.5,-2,-2,0
Braden Howlett,46012,Hobart,EXPERT TIPS,FALSE,Harness,7,6,BACK,WIN,5,6. POWER UP,1,,251890833,1224628,8,0,10.86,-1,-1,0
Braden Howlett,46012,Hobart,EXPERT TIPS,FALSE,Harness,8,8,BACK,WIN,4,8. KEAYANG FITZY,2,,251890835,68384849,8,0,6.6,-2,-2,0
The Leg Up,46012,Horsham,EXPERT TIPS,FALSE,Thoroughbred,1,3,BACK,WIN,3,3. Dynamite Dancer,1,,251861520,1128760,8,1,2.57,1.4444,0,0
Will Norman,46013,Goulburn,EXPERT TIPS,FALSE,Harness,1,6,BACK,WIN,2,6. Your Majesty,2,,251929320,92786775,8,1,2.38,2.5392,2.5392,0
Will Norman,46013,Goulburn,EXPERT TIPS,FALSE,Harness,2,4,BACK,WIN,2.5,4. Stellar Stride,2,,251929323,81017104,8,1,1.72,1.3248,0,0
Will Norman,46013,Goulburn,EXPERT TIPS,FALSE,Harness,3,7,BACK,WIN,4,7. Lunar Witch,1,,251929326,80640487,8,0,7.6,-1,-1,0
Will Norman,46013,Goulburn,EXPERT TIPS,FALSE,Harness,5,7,BACK,WIN,2.2,7. Parallel,3,BEST BET,251929332,44798551,8,0,3.43,-3,-3,-3
Will Norman,46013,Goulburn,EXPERT TIPS,FALSE,Harness,8,1,BACK,WIN,2.5,1. Refusal,2,,251929341,1198371,8,0,2.3,-2,0,0
Scott Hill,46013,Pinjarra,EXPERT TIPS,FALSE,Harness,1,10,BACK,WIN,2.2,10. Alfa Jess,2,,251933164,92786823,8,0,3.4,-2,-2,0
Scott Hill,46013,Pinjarra,EXPERT TIPS,FALSE,Harness,4,6,BACK,WIN,1.7,6. Yawoma,3,,251933170,73720704,8,0,3.14,-3,-3,0
Scott Hill,46013,Pinjarra,EXPERT TIPS,FALSE,Harness,5,2,BACK,PLACE,3.3,2. Staranna,1,,251933173,62846656,8,0,9.33,-1,-1,0
Scott Hill,46013,Pinjarra,EXPERT TIPS,FALSE,Harness,6,12,LAY,WIN,4,12. Diamond Bay,3,,251933174,52735384,8,0,4.1,0.890322581,0,0
Scott Hill,46013,Pinjarra,EXPERT TIPS,FALSE,Harness,7,1,BACK,WIN,2.5,1. Jamie Kim,2,,251933176,40718153,8,0,3.98,-2,-2,0
Scott Hill,46013,Pinjarra,EXPERT TIPS,FALSE,Harness,8,1,BACK,WIN,1.85,1. Classical Ellie,3,BEST BET,251933178,54712564,8,1,2.68,4.6368,4.6368,4.6368
Michael Tye,46013,Sandown Park,EXPERT TIPS,FALSE,Greyhounds,10,6,LAY,WIN,4.4,6. Ripping It Up,1,,251929765,78714133,8,0,4.42,0.269005848,0,0
Michael Tye,46013,Sandown Park,EXPERT TIPS,FALSE,Greyhounds,11,7,LAY,WIN,4.4,7. Snowball One ,2,BEST BET,251929770,76962084,8,0,5.4,0.418181818,0,0.418181818
Michael Tye,46013,Sandown Park,EXPERT TIPS,FALSE,Greyhounds,2,2,BACK,WIN,1.8,2. Stunner ,2,,251929725,2782995,8,1,1.45,0.828,0,0
Michael Tye,46013,Sandown Park,EXPERT TIPS,FALSE,Greyhounds,4,7,BACK,WIN,2,7. Amron Toy,2,,251929735,92822722,8,0,2.26,-2,-2,0
Michael Tye,46013,Sandown Park,EXPERT TIPS,FALSE,Greyhounds,5,8,LAY,WIN,3.6,8. Point Break ,2,BEST BET,251929740,2865461,8,1,5.4,-2,0,-2
Michael Tye,46013,Sandown Park,EXPERT TIPS,FALSE,Greyhounds,7,8,BACK,WIN,4.4,8. Galloping Pippy ,1,,251929750,90524994,8,0,4.2,-1,0,0
Michael Tye,46013,Sandown Park,EXPERT TIPS,FALSE,Greyhounds,7,6,LAY,WIN,6,6. Motor City Rossi ,1,,251929750,84267050,8,0,4.5,0.262857143,0.262857143,0
Brett & Darren Carroll,46013,Terang,EXPERT TIPS,FALSE,Harness,3,2,BACK,WIN,1.9,2. Dougs Tribe,3,BEST BET,251933516,73001870,8,0,2.9,-3,-3,-3
The Leg Up,46013,Wangaratta,EXPERT TIPS,FALSE,Thoroughbred,8,4,BACK,WIN,2.5,4. Smarticon,1,,251898141,76390697,8,0,2.12,-1,0,0
Ryan Spice,46014,Albion Park,EXPERT TIPS,FALSE,Harness,6,8,BACK,WIN,1.8,8. Regazzo Di Tilly,2,BEST BET,251960520,45134886,8,0,1.82,-2,-2,-2
Ryan Spice,46014,Albion Park,EXPERT TIPS,FALSE,Harness,8,9,BACK,PLACE,2,9. Captain Nemo ,2,,251960525,36318110,8,1,1.76,1.3984,0,0
Ryan Spice,46014,Albion Park,EXPERT TIPS,FALSE,Harness,8,5,LAY,PLACE,2.5,5. Buddy Perfect,1,BEST BET,251960525,31994351,8,0,3.65,0.347169811,0,0.347169811
Jackson Oldham,46014,Mornington,EXPERT TIPS,FALSE,Thoroughbred,2,1,BACK,WIN,1.8,1. Aqua Storm,3,BEST BET,251926129,3923709,8,0,1.93,-3,-3,-3
Jackson Oldham,46014,Mornington,EXPERT TIPS,FALSE,Thoroughbred,6,3,LAY,WIN,5,3. Playlist,2,BEST BET,251926161,4874996,8,0,4.88,0.474226804,0.474226804,0.474226804
Brett & Darren Carroll,46014,Shepparton,EXPERT TIPS,FALSE,Harness,1,11,BACK,WIN,3.5,11. Wazowski,1,,251960494,92784823,8,0,5.34,-1,-1,0
Brett & Darren Carroll,46014,Shepparton,EXPERT TIPS,FALSE,Harness,2,12,BACK,WIN,2,12. Whatta Ya Up Taa,3,BEST BET,251960496,92784830,8,1,3.58,7.1208,7.1208,7.1208
Brett & Darren Carroll,46014,Shepparton,EXPERT TIPS,FALSE,Harness,5,7,BACK,WIN,2.8,7. I am Harro,2,,251960502,73405015,8,0,3.25,-2,-2,0
Brett & Darren Carroll,46014,Shepparton,EXPERT TIPS,FALSE,Harness,8,2,BACK,WIN,2.5,2. Arraps,2,,251960508,38448955,8,0,2.14,-2,0,0
Will Norman,46014,Young,EXPERT TIPS,FALSE,Harness,1,2,BACK,WIN,5,2. Uncle Jay,1,,251957757,9234429,8,1,4.6,3.312,0,0
Will Norman,46014,Young,EXPERT TIPS,FALSE,Harness,3,8,BACK,WIN,2.5,8. Duffy Hollow,2,,251957763,36024266,8,0,3.05,-2,-2,0
Will Norman,46014,Young,EXPERT TIPS,FALSE,Harness,5,2,BACK,WIN,2.7,2. Keayang Jigsaw,2,,251957769,83091831,8,0,6.4,-2,-2,0
Will Norman,46014,Young,EXPERT TIPS,FALSE,Harness,6,3,BACK,WIN,1.7,3. Tulhurst Chase,3,BEST BET,251957772,72415810,8,0,1.67,-3,0,-3
Will Norman,46014,Young,EXPERT TIPS,FALSE,Harness,7,8,BACK,WIN,4,8. Betterthantheboyz,1,,251957775,23926549,8,0,6.48,-1,-1,0
Will Norman,46014,Young,EXPERT TIPS,FALSE,Harness,9,10,BACK,WIN,2,10. Valentini,2,,251957781,60871203,8,0,3.65,-2,-2,0
Lachlan Mosley,46015,Strathalbyn,EXPERT TIPS,FALSE,Thoroughbred,3,2,BACK,WIN,,2. Impact Storm,2,,251961811,92966005,8,0,5.35,-2,-2,0
Lachlan Mosley,46015,Strathalbyn,EXPERT TIPS,FALSE,Thoroughbred,5,4,BACK,WIN,,4. Caring Lass ,2,BEST BET,251961829,47016222,8,0,6.8,-2,-2,-2
Lachlan Mosley,46015,Strathalbyn,EXPERT TIPS,FALSE,Thoroughbred,5,4,BACK,PLACE,,4. Caring Lass ,2,BEST BET,251961830,47016222,8,0,2.24,-2,-2,-2
Michael Tye,46015,The Meadows,EXPERT TIPS,FALSE,Greyhounds,2,5,BACK,WIN,3.5,5. Black Raider ,1,,252001523,3213408,8,0,3.11,-1,0,0
Michael Tye,46015,The Meadows,EXPERT TIPS,FALSE,Greyhounds,3,7,BACK,WIN,3.5,7. Altocumulus ,1,,252001528,90716183,8,0,5.1,-1,-1,0
Michael Tye,46015,The Meadows,EXPERT TIPS,FALSE,Greyhounds,4,1,BACK,WIN,2.35,1. Sweet Bee ,3,BEST BET,252001533,41214522,8,1,1.51,1.4076,0,1.4076
Michael Tye,46015,The Meadows,EXPERT TIPS,FALSE,Greyhounds,8,7,LAY,WIN,7.5,7. Giacomo ,1,BEST BET,252001553,73371513,8,0,4.74,0.245989305,0.245989305,0.245989305
Michael Tye,46015,The Meadows,EXPERT TIPS,FALSE,Greyhounds,8,4,BACK,WIN,2.15,4. Mav Reiko ,2,,252001553,76912042,8,0,2.28,-2,-2,0
Mitch Lewis,46015,Wagga,EXPERT TIPS,FALSE,Thoroughbred,2,2,BACK,WIN,2.5,2. Rose Aye,2,,251963940,81476839,10,1,1.48,0.864,0,0
Mitch Lewis,46015,Wagga,EXPERT TIPS,FALSE,Thoroughbred,3,7,LAY,WIN,5.5,7. Teylu,1,BEST BET,251963945,88375797,10,1,2.07,-1,-1,-1
Mitch Lewis,46015,Wagga,EXPERT TIPS,FALSE,Thoroughbred,6,6,BACK,WIN,2.1,6. Associate,3,BEST BET,251963960,166276,10,1,1.87,2.349,0,2.349
Mitch Lewis,46015,Wagga,EXPERT TIPS,FALSE,Thoroughbred,7,1,BACK,WIN,2,1. Pyrolysis,2,,251963965,92965915,10,0,2.4,-2,-2,0
Michael Tye,46017,Geelong,EXPERT TIPS,FALSE,Greyhounds,11,2,BACK,WIN,3,2. Paw Callie ,2,,252031088,81156614,8,0,4.6,-2,-2,0
Michael Tye,46017,Geelong,EXPERT TIPS,FALSE,Greyhounds,3,7,BACK,WIN,4,7. No Do Day ,2,,252031048,90458287,8,0,7.5,-2,-2,0
Michael Tye,46017,Geelong,EXPERT TIPS,FALSE,Greyhounds,4,8,BACK,WIN,3.15,8. Gunai Wizard,2,,252031053,59115727,8,1,2.7,3.128,0,0
Michael Tye,46017,Geelong,EXPERT TIPS,FALSE,Greyhounds,5,3,LAY,WIN,3.6,3. Baffert ,1,,252031058,92996350,8,0,4.9,0.235897436,0,0
Michael Tye,46017,Geelong,EXPERT TIPS,FALSE,Greyhounds,7,3,BACK,WIN,2.65,3. Miner Mick ,3,BEST BET,252031068,90286336,8,1,2.08,2.9808,0,2.9808
Michael Tye,46017,Geelong,EXPERT TIPS,FALSE,Greyhounds,8,2,LAY,WIN,3.7,2. Flying Intention ,2,BEST BET,252031073,92996352,8,0,2.79,1.027932961,1.027932961,1.027932961
Brett & Darren Carroll,46017,Mildura,EXPERT TIPS,FALSE,Harness,2,8,BACK,WIN,3.5,8. Punto Caliente,1,,252028809,41677074,8,0,6.8,-1,-1,0
Brett & Darren Carroll,46017,Mildura,EXPERT TIPS,FALSE,Harness,4,3,BACK,WIN,1.6,3. Nugget Rogers,3,BEST BET,252028815,70171528,8,0,1.59,-3,0,-3
Brett & Darren Carroll,46017,Mildura,EXPERT TIPS,FALSE,Harness,7,6,BACK,WIN,1.7,6. Colman Sign,2,,252028824,91924833,8,0,1.56,-2,0,0
Brett & Darren Carroll,46017,Mildura,EXPERT TIPS,FALSE,Harness,8,8,BACK,WIN,2.5,8. Escobar,2,,252028827,931007,8,1,2,1.84,0,0
Lchlan Mosley,46017,Morphettville,EXPERT TIPS,FALSE,Thoroughbred,1,1,BACK,WIN,,1. Violet Lovebug,3,,252001072,92995551,8,0,2.43,-3,-3,0
Lchlan Mosley,46017,Morphettville,EXPERT TIPS,FALSE,Thoroughbred,3,7,BACK,WIN,,7. Flaming Eyes,3,BEST BET,252001090,4249815,8,1,2.44,3.9744,3.9744,3.9744
Mitch Lewis,46017,Randwick,EXPERT TIPS,FALSE,Thoroughbred,4,1,BACK,WIN,3,1. Straand Beauty,2,,252006088,75673476,10,0,3.12,-2,-2,0
Mitch Lewis,46017,Randwick,EXPERT TIPS,FALSE,Thoroughbred,7,7,BACK,WIN,2.5,7. Shangri La Spring,3,BEST BET,252006115,89348107,10,0,3.7,-3,-3,-3
Mitch Lewis,46017,Randwick,EXPERT TIPS,FALSE,Thoroughbred,8,18,BACK,WIN,5,18. Automne Tree,1,,252006124,92996137,10,0,6.58,-1,-1,0
Mitch Lewis,46017,Randwick,EXPERT TIPS,FALSE,Thoroughbred,8,18,BACK,PLACE,5,18. Automne Tree,1,,252006125,92996137,10,0,2.25,-1,0,0
Jackson Oldham,46017,Sandown,EXPERT TIPS,FALSE,Thoroughbred,1,3,BACK,WIN,2.6,3. The Mean Fiddler,2,BEST BET,252001160,92995704,8,0,4.65,-2,-2,-2
The Leg Up,46017,Sandown,EXPERT TIPS,FALSE,Thoroughbred,1,4,BACK,WIN,9,4. Flying Done,1,,252001160,92995705,8,1,11.5,9.66,9.66,0
The Leg Up,46017,Sandown,EXPERT TIPS,FALSE,Thoroughbred,3,4,BACK,WIN,10,4. Legend Beast,1,,252001178,90286963,8,0,12.38,-1,-1,0
Jackson Oldham,46017,Sandown,EXPERT TIPS,FALSE,Thoroughbred,5,1,LAY,WIN,4,1. Legacy Bay,2,BEST BET,252001196,5104304,8,0,4.39,0.542772861,0,0.542772861
Ryan Spice,46018,Albion Park,EXPERT TIPS,FALSE,Harness,2,7,LAY,PLACE,2.8,7. Our Miki Diva,1,BEST BET,252066509,64085710,8,0,6.2,0.176923077,0,0.176923077
Ryan Spice,46018,Albion Park,EXPERT TIPS,FALSE,Harness,3,1,BACK,WIN,2,1. Risk Taker,3,BEST BET,252066511,38039878,8,1,1.61,1.6836,0,1.6836
Ryan Spice,46018,Albion Park,EXPERT TIPS,FALSE,Harness,7,3,BACK,PLACE,2.5,3. Reely Nauti,2,,252066524,82319203,8,1,2.81,3.3304,3.3304,0
Jackson Oldham,46018,Cranbourne,EXPERT TIPS,FALSE,Thoroughbred,5,2,BACK,WIN,2.4,2. Harrys Yacht,2,BEST BET,252030163,68157218,8,0,2.15,-2,0,-2
Jackson Oldham,46018,Cranbourne,EXPERT TIPS,FALSE,Thoroughbred,6,2,LAY,WIN,11,2. Impending War,2,BEST BET,252030172,92996280,8,0,7.55,0.280916031,0.280916031,0.280916031
The Leg Up,46018,Eagle Farm,EXPERT TIPS,FALSE,Thoroughbred,6,1,BACK,WIN,1.8,1. Tornado Valley,1,,252030083,4360774,8,0,1.93,-1,-1,0
The Leg Up,46018,Eagle Farm,EXPERT TIPS,FALSE,Thoroughbred,8,5,BACK,WIN,6,5. Metalart,1,,252030101,74814374,8,0,10,-1,-1,0
The Leg Up,46018,Eagle Farm,EXPERT TIPS,FALSE,Thoroughbred,9,3,BACK,WIN,2,3. Scripted,1,,252030110,77022997,8,0,2.63,-1,-1,0
Will Norman,46018,Maitland,EXPERT TIPS,FALSE,Harness,10,10,BACK,WIN,5,10. Bring Your Best,1,,252066400,73964096,8,0,8.6,-1,-1,0
Will Norman,46018,Maitland,EXPERT TIPS,FALSE,Harness,2,1,BACK,PLACE,2,1. Sylvia Kay,2,,252066377,43988598,8,1,1.7,1.288,0,0
Will Norman,46018,Maitland,EXPERT TIPS,FALSE,Harness,4,3,BACK,WIN,2,3. Mister Manager,2,,252066382,50582304,8,0,2.58,-2,-2,0
Will Norman,46018,Maitland,EXPERT TIPS,FALSE,Harness,5,7,BACK,WIN,5,7. Itzmineontheline ,1,,252066385,56409282,8,1,7.2,5.704,5.704,0
Will Norman,46018,Maitland,EXPERT TIPS,FALSE,Harness,6,7,BACK,PLACE,2,7. Vintage Edition,2,,252066389,625401,8,0,2.5,-2,-2,0
Will Norman,46018,Maitland,EXPERT TIPS,FALSE,Harness,8,1,BACK,WIN,2,1. Chlobro,3,BEST BET,252066394,72110994,8,0,2.72,-3,-3,-3
Brett & Darren Carroll,46018,Melton,EXPERT TIPS,FALSE,Harness,4,2,BACK,WIN,1.6,2. Jilliby Dreamlover,3,BEST BET,252065878,92996504,8,1,1.34,0.9384,0,0.9384
Brett & Darren Carroll,46018,Melton,EXPERT TIPS,FALSE,Harness,5,7,BACK,WIN,1.6,7. Ollies The Boss,3,,252065881,77647100,8,0,3.85,-3,-3,0
Lachlan Mosley,46018,Morphettville,EXPERT TIPS,FALSE,Thoroughbred,1,1,BACK,WIN,,1. Komachi ,2,,252030842,48458046,8,1,6.24,9.6416,9.6416,0
Lachlan Mosley,46018,Morphettville,EXPERT TIPS,FALSE,Thoroughbred,1,1,BACK,PLACE,,1. Komachi ,2,,252030843,48458046,8,1,2,1.84,1.84,0
Lachlan Mosley,46018,Morphettville,EXPERT TIPS,FALSE,Thoroughbred,10,5,BACK,WIN,,5. Royal Fox ,1,,252030923,2129519,8,0,25,-1,-1,0
Lachlan Mosley,46018,Morphettville,EXPERT TIPS,FALSE,Thoroughbred,10,5,BACK,PLACE,,5. Royal Fox ,1,,252030924,2129519,8,0,6.25,-1,-1,0
Lachlan Mosley,46018,Morphettville,EXPERT TIPS,FALSE,Thoroughbred,3,4,BACK,WIN,,4. Howl ,2,,252030860,1498482,8,0,8,-2,-2,0
Lachlan Mosley,46018,Morphettville,EXPERT TIPS,FALSE,Thoroughbred,3,4,BACK,PLACE,,4. Howl ,2,,252030861,1498482,8,1,2.16,2.1344,2.1344,0
Lachlan Mosley,46018,Morphettville,EXPERT TIPS,FALSE,Thoroughbred,7,1,BACK,WIN,,1. There Goes My Hero ,1,,252030896,52670157,8,0,21,-1,-1,0
Lachlan Mosley,46018,Morphettville,EXPERT TIPS,FALSE,Thoroughbred,7,6,BACK,WIN,,6. Cosmic Spy ,1,,252030896,92995784,8,0,63.1,-1,-1,0
Mitch Lewis,46018,Randwick,EXPERT TIPS,FALSE,Thoroughbred,4,6,BACK,WIN,2,6. Just Party,3,,252029481,74814652,10,0,2.3,-3,-3,0
Mitch Lewis,46018,Randwick,EXPERT TIPS,FALSE,Thoroughbred,5,1,BACK,WIN,8.5,1. Scampi,1,,252029490,65261259,10,0,11.5,-1,-1,0
Mitch Lewis,46018,Randwick,EXPERT TIPS,FALSE,Thoroughbred,5,1,BACK,PLACE,8.5,1. Scampi,1,,252029491,65261259,10,0,2.65,-1,0,0
Mitch Lewis,46018,Randwick,EXPERT TIPS,FALSE,Thoroughbred,6,8,BACK,WIN,10,8. Rematch,1,,252029499,63363957,10,0,27.83,-1,-1,0
Mitch Lewis,46018,Randwick,EXPERT TIPS,FALSE,Thoroughbred,6,8,BACK,PLACE,10,8. Rematch,1,,252029500,63363957,10,0,6,-1,0,0
Mitch Lewis,46018,Randwick,EXPERT TIPS,FALSE,Thoroughbred,8,2,BACK,WIN,2.8,2. Snack Bar,3,BEST BET,252029517,68384211,10,0,4.1,-3,-3,-3
The Leg Up,46018,Randwick,EXPERT TIPS,FALSE,Thoroughbred,8,7,BACK,WIN,3.5,7. Stardeel,1,,252029517,77728523,10,0,6.94,-1,-1,0
Mitch Lewis,46018,Randwick,EXPERT TIPS,FALSE,Thoroughbred,9,14,LAY,WIN,6,14. Rotagilla,1,BEST BET,252029526,92996736,10,0,2.16,0.775862069,0.775862069,0.775862069
Michael Tye,46018,The Meadows,EXPERT TIPS,FALSE,Greyhounds,1,7,BACK,WIN,2.15,7. Broken Halo ,2,,252069210,93022002,8,0,2.78,-2,-2,0
Michael Tye,46018,The Meadows,EXPERT TIPS,FALSE,Greyhounds,10,6,BACK,WIN,3.9,6. Prison Break ,1,,252069255,81018152,8,0,4.2,-1,-1,0
Michael Tye,46018,The Meadows,EXPERT TIPS,FALSE,Greyhounds,11,8,LAY,WIN,6.5,8. Mighty Multi ,2,BEST BET,252069260,85446173,8,0,4.65,0.504109589,0.504109589,0.504109589
Michael Tye,46018,The Meadows,EXPERT TIPS,FALSE,Greyhounds,2,2,BACK,WIN,2.25,2. Distinction ,3,BEST BET,252069215,91532395,8,1,2.11,3.0636,0,3.0636
Michael Tye,46018,The Meadows,EXPERT TIPS,FALSE,Greyhounds,3,3,BACK,WIN,2.75,3. Paw Zuri ,2,,252069220,82155373,8,0,4.31,-2,-2,0
Michael Tye,46018,The Meadows,EXPERT TIPS,FALSE,Greyhounds,5,8,BACK,WIN,3.35,8. Ascend Ecstatic ,2,,252069230,76431618,8,0,2.78,-2,0,0
Michael Tye,46018,The Meadows,EXPERT TIPS,FALSE,Greyhounds,6,1,BACK,WIN,1.58,1. Belair Ethyl ,2,,252069235,93022013,8,1,1.28,0.5152,0,0
Braden Howlett,46019,Carrick,EXPERT TIPS,FALSE,Harness,1,2,BACK,WIN,4,2. YASTREMSKA LEIS,1,,252095517,92973915,8,0,11.5,-1,-1,0
Braden Howlett,46019,Carrick,EXPERT TIPS,FALSE,Harness,1,7,BACK,WIN,6,7. I GOTTA GO,1,,252095517,4861058,8,0,17.5,-1,-1,0
Braden Howlett,46019,Carrick,EXPERT TIPS,FALSE,Harness,2,7,BACK,WIN,2.5,7. SNOWIEWILLREV,3,BEST BET,252095519,92973928,8,0,4.62,-3,-3,-3
Braden Howlett,46019,Carrick,EXPERT TIPS,FALSE,Harness,3,9,BACK,WIN,8,9. JEREMY WELLS,1,,252095521,39085695,8,0,8,-1,-1,0
Braden Howlett,46019,Carrick,EXPERT TIPS,FALSE,Harness,3,9,BACK,PLACE,8,9. JEREMY WELLS,1,,252095522,39085695,8,1,2.42,1.3064,0,0
Braden Howlett,46019,Carrick,EXPERT TIPS,FALSE,Harness,4,8,BACK,PLACE,2,8. ITSMENOTU,2,,252095524,75676795,8,1,2,1.84,1.84,0
Braden Howlett,46019,Carrick,EXPERT TIPS,FALSE,Harness,5,2,BACK,WIN,8,2. ROCKANDAHARDPLACE,1,,252095525,1303775,8,0,7,-1,0,0
Braden Howlett,46019,Carrick,EXPERT TIPS,FALSE,Harness,5,2,BACK,PLACE,8,2. ROCKANDAHARDPLACE,1,,252095526,1303775,8,1,2.26,1.1592,0,0
Braden Howlett,46019,Carrick,EXPERT TIPS,FALSE,Harness,6,7,BACK,WIN,7,7. MONTGOMERY BURNS,1,,252095527,74190779,8,0,7.2,-1,-1,0
Braden Howlett,46019,Carrick,EXPERT TIPS,FALSE,Harness,6,7,BACK,PLACE,7,7. MONTGOMERY BURNS,1,,252095528,74190779,8,0,2.21,-1,0,0
Braden Howlett,46019,Carrick,EXPERT TIPS,FALSE,Harness,7,3,BACK,WIN,8,3. BARNY BILL,1,,252095529,57957351,8,0,14.19,-1,-1,0
Braden Howlett,46019,Carrick,EXPERT TIPS,FALSE,Harness,7,3,BACK,PLACE,2.5,3. BARNY BILL,2,,252095530,57957351,8,1,2.42,2.6128,0,0
Braden Howlett,46019,Carrick,EXPERT TIPS,FALSE,Harness,8,5,BACK,WIN,5,5. HAY MIKI,1,,252095531,68157923,8,0,4.48,-1,0,0
Braden Howlett,46019,Carrick,EXPERT TIPS,FALSE,Harness,9,3,BACK,WIN,4,3. MY WAY,1,,252095533,1391197,8,1,3.05,1.886,0,0
Braden Howlett,46019,Carrick,EXPERT TIPS,FALSE,Harness,9,8,BACK,WIN,6,8. RAY DAN,1,,252095533,74900458,8,0,8.32,-1,-1,0
Brett & Darren Carroll,46019,Cobram,EXPERT TIPS,FALSE,Harness,2,2,BACK,WIN,1.8,2. Lilstrepo,3,BEST BET,252095501,77614284,8,0,2.4,-3,-3,-3
Brett & Darren Carroll,46019,Cobram,EXPERT TIPS,FALSE,Harness,4,9,BACK,WIN,2.5,9. Sammy Haller,2,,252095505,92784804,8,0,2.64,-2,-2,0
Brett & Darren Carroll,46019,Cobram,EXPERT TIPS,FALSE,Harness,8,6,BACK,WIN,3,6. big Bad Ossie,1,,252095513,79216597,8,0,5.25,-1,-1,0
Stephen Christie,46019,Hobart,EXPERT TIPS,FALSE,Thoroughbred,1,2,BACK,WIN,2,2. Skin In The Game,2,,252030781,92995800,8,1,2.72,3.1648,3.1648,0
Stephen Christie,46019,Hobart,EXPERT TIPS,FALSE,Thoroughbred,2,8,BACK,WIN,2.8,8. Verhoeven,3,,252030787,84399641,8,0,7,-3,-3,0
Stephen Christie,46019,Hobart,EXPERT TIPS,FALSE,Thoroughbred,5,4,BACK,WIN,1.9,4. Southern Auroras,2,,252030805,90799059,8,0,1.62,-2,0,0
Stephen Christie,46019,Hobart,EXPERT TIPS,FALSE,Thoroughbred,6,6,BACK,WIN,2.2,6. Crack The Shutters,2,,252030811,80438370,8,0,2.93,-2,-2,0
Stephen Christie,46019,Hobart,EXPERT TIPS,FALSE,Thoroughbred,7,6,BACK,WIN,12.5,6. Montezulu,1,,252030817,51616113,8,0,43.73,-1,-1,0
Stephen Christie,46019,Hobart,EXPERT TIPS,FALSE,Thoroughbred,7,6,BACK,PLACE,12.5,6. Montezulu,1,,252030818,51616113,8,1,4.9,3.588,0,0
Brett & Darren Carroll,46020,Charlton,EXPERT TIPS,FALSE,Harness,2,9,BACK,WIN,3,9. Favouritehighlight,1,,252114968,27767798,8,0,5.61,-1,-1,0
Brett & Darren Carroll,46020,Charlton,EXPERT TIPS,FALSE,Harness,3,13,BACK,WIN,1.7,13. Tactically Perfect,3,BEST BET,252114970,93022470,8,1,1.9,2.484,2.484,2.484
Brett & Darren Carroll,46020,Charlton,EXPERT TIPS,FALSE,Harness,7,10,BACK,WIN,1.9,10. Backstage Pass,3,,252114978,5759990,8,0,1.99,-3,-3,0
Brett & Darren Carroll,46020,Charlton,EXPERT TIPS,FALSE,Harness,8,3,BACK,WIN,2.5,3. Wazowski,1,,252114980,73179274,8,0,3.03,-1,-1,0
The Leg Up,46020,Murwillumbah,EXPERT TIPS,FALSE,Thoroughbred,3,6,BACK,WIN,3.8,6. Bold Hoi Ho,1,,252095542,45737389,10,0,6.28,-1,-1,0
Scott Hill,46020,Pinjarra,EXPERT TIPS,FALSE,Harness,3,7,BACK,WIN,1.4,7. Sheer Rock Lady,5,BEST BET,252115220,88419218,8,1,1.73,3.358,3.358,3.358
Scott Hill,46020,Pinjarra,EXPERT TIPS,FALSE,Harness,4,5,BACK,WIN,1.5,5. Yawoma,3,,252115222,75356025,8,0,1.91,-3,-3,0
Scott Hill,46020,Pinjarra,EXPERT TIPS,FALSE,Harness,5,1,BACK,WIN,1.5,1. Balingup Boy,3,,252115224,48501828,8,0,1.94,-3,-3,0
Scott Hill,46020,Pinjarra,EXPERT TIPS,FALSE,Harness,7,8,BACK,WIN,2.5,8. You Fly With Me,2,,252115228,46661998,8,0,6.12,-2,-2,0
Scott Hill,46020,Pinjarra,EXPERT TIPS,FALSE,Harness,8,1,LAY,PLACE,2.2,1. Icy Cold,3,,252115231,68685283,8,1,2.34,-3,0,0
Scott Hill,46020,Pinjarra,EXPERT TIPS,FALSE,Harness,9,2,BACK,WIN,2.2,2. Galvinston John,2,,252115232,45376722,8,0,2.56,-2,-2,0
Michael Tye,46020,Sandown Park,EXPERT TIPS,FALSE,Greyhounds,11,4,LAY,WIN,3.7,4. Snowball One ,2,,252116293,82047895,8,0,3.09,0.880382775,0.880382775,0
Michael Tye,46020,Sandown Park,EXPERT TIPS,FALSE,Greyhounds,2,5,BACK,WIN,1.75,5. Zipping Columbus ,3,BEST BET,252116248,93054355,8,0,1.63,-3,0,-3
Michael Tye,46020,Sandown Park,EXPERT TIPS,FALSE,Greyhounds,3,3,BACK,WIN,4.6,3. Irish Zoe ,1,,252116253,84148561,8,0,2.93,-1,0,0
Michael Tye,46020,Sandown Park,EXPERT TIPS,FALSE,Greyhounds,4,2,BACK,WIN,2.4,2. Espoir ,3,,252116258,90886571,8,1,1.84,2.3184,0,0
Michael Tye,46020,Sandown Park,EXPERT TIPS,FALSE,Greyhounds,6,2,BACK,WIN,1.28,2. Consigliere ,4,,252116268,87416467,8,1,1.27,0.9936,0,0
Michael Tye,46020,Sandown Park,EXPERT TIPS,FALSE,Greyhounds,9,2,LAY,WIN,4.4,2. Motor City Rossi ,2,BEST BET,252116283,73954641,8,1,1.68,-2,-2,-2
Ryan Spice,46021,Albion Park,EXPERT TIPS,FALSE,Harness,10,1,BACK,WIN,3.8,1. Yankee C J,1,,252161087,15031216,8,0,2.98,-1,0,0
Ryan Spice,46021,Albion Park,EXPERT TIPS,FALSE,Harness,2,2,BACK,WIN,2,2. Miss Bluetrump,3,BEST BET,252161071,83205522,8,1,1.98,2.7048,0,2.7048
Ryan Spice,46021,Albion Park,EXPERT TIPS,FALSE,Harness,9,4,LAY,PLACE,4,4. Fakistra,1,BEST BET,252161086,81310634,8,0,8.2,0.127777778,0,0.127777778
Brett & Darren Carroll,46021,Mildura,EXPERT TIPS,FALSE,Harness,2,4,BACK,WIN,3,4. Miki Mark,1,,252151524,74900467,8,1,2.34,1.2328,0,0
Brett & Darren Carroll,46021,Mildura,EXPERT TIPS,FALSE,Harness,4,10,BACK,WIN,2,10. Hot Deal,2,,252151528,39594560,8,0,2.38,-2,-2,0
Brett & Darren Carroll,46021,Mildura,EXPERT TIPS,FALSE,Harness,7,5,BACK,WIN,2.5,5. Hooklineandsinker,1,,252151534,5117242,8,0,7.2,-1,-1,0
Brett & Darren Carroll,46021,Mildura,EXPERT TIPS,FALSE,Harness,8,3,BACK,WIN,1.8,3. Torque Intheusa,2,BEST BET,252151536,75086009,8,0,3.2,-2,-2,-2
Will Norman,46021,Newcastle,EXPERT TIPS,FALSE,Harness,1,5,BACK,WIN,2.5,5. Never Know Blaze,2,,252151496,62886274,8,0,2.54,-2,-2,0
Will Norman,46021,Newcastle,EXPERT TIPS,FALSE,Harness,3,6,BACK,WIN,4,6. Captain Dorian,1,,252151502,33668731,8,0,3.8,-1,0,0
Will Norman,46021,Newcastle,EXPERT TIPS,FALSE,Harness,5,7,BACK,WIN,4,7. Heza Doozie,1,,252151508,75435597,8,1,3.5,2.3,0,0
Will Norman,46021,Newcastle,EXPERT TIPS,FALSE,Harness,8,4,BACK,WIN,2.7,4. Mac Stubborn,3,BEST BET,252151517,23814288,8,0,3.5,-3,-3,-3
Mitch Lewis,46021,Orange,EXPERT TIPS,FALSE,Thoroughbred,2,1,BACK,WIN,2.5,1. Crusader Kings,2,BEST BET,252115348,78230301,10,0,3.95,-2,-2,-2
Mitch Lewis,46021,Orange,EXPERT TIPS,FALSE,Thoroughbred,4,4,LAY,WIN,7.5,4. Lego Master,1,BEST BET,252115354,93022311,10,0,4.76,0.239361702,0.239361702,0.239361702
Jackson Oldham,46022,Flemington,EXPERT TIPS,FALSE,Thoroughbred,1,3,BACK,WIN,4.15,3. Somewhere,2,BEST BET,252160998,93168045,8,1,5.37,8.0408,8.0408,8.0408
The Leg Up,46022,Flemington,EXPERT TIPS,FALSE,Thoroughbred,2,10,BACK,WIN,2.8,10. Yes I Know,1,BEST BET,252161007,4369873,8,0,3.82,-1,-1,-1
Jackson Oldham,46022,Flemington,EXPERT TIPS,FALSE,Thoroughbred,2,3,LAY,WIN,7.5,3. Ambassadorial,2,BEST BET,252161007,58069445,8,0,6.71,0.322241681,0.322241681,0.322241681
The Leg Up,46022,Flemington,EXPERT TIPS,FALSE,Thoroughbred,4,4,BACK,WIN,5,4. Garachico,1,,252161025,48198452,8,0,7.8,-1,-1,0
The Leg Up,46022,Flemington,EXPERT TIPS,FALSE,Thoroughbred,7,19,BACK,WIN,5,19. Tan Tat Delight,1,,252161052,93168077,8,0,9.4,-1,-1,0
Scott Hill,46022,Gloucester Park,EXPERT TIPS,FALSE,Harness,2,1,BACK,WIN,3.3,1. Mista Editorial ,1,,252192291,58855889,8,0,2.32,-1,0,0
Scott Hill,46022,Gloucester Park,EXPERT TIPS,FALSE,Harness,3,4,BACK,WIN,1.4,4. Soho Moonraker,5,BEST BET,252192294,93188245,8,1,1.75,3.45,3.45,3.45
Scott Hill,46022,Gloucester Park,EXPERT TIPS,FALSE,Harness,4,8,BACK,WIN,2,8. Blaze Away,3,,252192297,86034986,8,1,2.47,4.0572,4.0572,0
Scott Hill,46022,Gloucester Park,EXPERT TIPS,FALSE,Harness,5,4,BACK,WIN,3.3,4. Hunt The Magic,1,,252192300,55572265,8,0,14.26,-1,-1,0
Scott Hill,46022,Gloucester Park,EXPERT TIPS,FALSE,Harness,6,6,LAY,WIN,2.8,6. Cullen Star,3,,252192303,38415658,8,1,2.8,-3,-3,0
Scott Hill,46022,Gloucester Park,EXPERT TIPS,FALSE,Harness,7,4,BACK,WIN,3.3,4. Ginnivan,1,,252192306,81814008,8,0,3.72,-1,-1,0
Mitch Lewis,46022,Gosford,EXPERT TIPS,FALSE,Thoroughbred,1,3,BACK,WIN,3,3. Just Awesome,2,,252158830,93167890,10,0,3.66,-2,-2,0
Mitch Lewis,46022,Gosford,EXPERT TIPS,FALSE,Thoroughbred,4,3,BACK,WIN,2.5,3. Stormfield,3,BEST BET,252158848,76658899,10,0,2.78,-3,-3,-3
Mitch Lewis,46022,Gosford,EXPERT TIPS,FALSE,Thoroughbred,5,5,BACK,WIN,3.5,5. Acharnee,1,,252158854,93167911,10,0,3.15,-1,0,0
Mitch Lewis,46022,Gosford,EXPERT TIPS,FALSE,Thoroughbred,7,2,LAY,WIN,9,2. Shanoni,1,BEST BET,252158866,93167919,10,0,6.04,0.178571429,0.178571429,0.178571429
Melton,46022,Melton,EXPERT TIPS,FALSE,Harness,2,6,BACK,WIN,2.5,6. Gallico,2,,252191058,7207970,8,0,4.46,-2,-2,0
Melton,46022,Melton,EXPERT TIPS,FALSE,Harness,3,5,BACK,WIN,2,5. Breathe Easy,1,,252191061,5407711,8,1,2.09,1.0028,1.0028,0
Melton,46022,Melton,EXPERT TIPS,FALSE,Harness,4,1,BACK,WIN,1.9,1. My Little Bo,3,BEST BET,252191064,67503995,8,1,2.38,3.8088,3.8088,3.8088
