Date,Code,State,Venue,Tipster,Market_Id,Selection_Id,Bet_Type,Best_Bet,Bet_Text,Selection_Name,Win_Lose,Bsp,Tipster_Profit,Back_Profit,Lay_Profit
1/11/2023,Thoroughbred,VIC,Bendigo,Chris Camilleri,220486880,62294440,back,FALSE,Back 11. Alectrona,11. Alectrona,1,1.93,0.93,0.93,-1.00
1/11/2023,Thoroughbred,VIC,Bendigo,Chris Camilleri,220486916,62064028,lay,FALSE,Lay 8. Material Dreams,8. Material Dreams,1,9.32,-1.00,8.32,-1.00
1/11/2023,Thoroughbred,VIC,Bendigo,Chris Camilleri,220486925,11024322,back,FALSE,Back 2. Rich Fortune,2. Rich Fortune,0,4.88,-1.00,-1.00,0.26
1/11/2023,Thoroughbred,VIC,Bendigo,Glenn Ingram,220486889,62294442,back,FALSE,Back 3. Persian Spirit,3. Persian Spirit,0,4.16,-1.00,-1.00,0.32
1/11/2023,Thoroughbred,SA,Strathalbyn,Lachlan Mosley,220482930,61068588,back,FALSE,Back 11. Ruling Goddess,11. Ruling Goddess,1,12.00,11.00,11.00,-1.00
1/11/2023,Thoroughbred,SA,Strathalbyn,Lachlan Mosley,220482918,26800143,back,FALSE,Back 5. The Bull Mccabe,5. The Bull Mccabe,0,8.11,-1.00,-1.00,0.14
1/11/2023,Thoroughbred,SA,Strathalbyn,Lachlan Mosley,220482924,55978173,back,FALSE,Back 4. A Touch Frosty,4. A Touch Frosty,0,3.44,-1.00,-1.00,0.41
1/11/2023,Thoroughbred,SA,Strathalbyn,Lachlan Mosley,220482936,62294313,back,FALSE,Back 4. Lord Morton,4. Lord Morton,0,3.00,-1.00,-1.00,0.50
1/11/2023,Thoroughbred,SA,Strathalbyn,Lachlan Mosley,220482942,62294317,back,FALSE,Back 11. Gadidae,11. Gadidae,0,13.50,-1.00,-1.00,0.08
1/11/2023,Thoroughbred,SA,Strathalbyn,Lachlan Mosley,220482948,47787373,back,FALSE,Back 2. Commander Meroo,2. Commander Meroo,0,7.76,-1.00,-1.00,0.15
1/11/2023,Greyhounds,VIC,The Meadows,Michael Tye,220539953,58100373,back,FALSE,Back 8. Our Jojo,8. Our Jojo,1,1.49,0.49,0.49,-1.00
1/11/2023,Greyhounds,VIC,The Meadows,Michael Tye,220539973,56729581,lay,FALSE,Lay 8. Halloween,8. Halloween,0,3.83,0.35,-1.00,0.35
1/11/2023,Greyhounds,VIC,The Meadows,Michael Tye,220539948,61523282,back,FALSE,Back 6. Bernardo Beast,6. Bernardo Beast,0,5.20,-1.00,-1.00,0.24
1/11/2023,Greyhounds,VIC,The Meadows,Michael Tye,220539963,53305990,back,FALSE,Back 3. Voice Of Thunder,3. Voice Of Thunder,0,3.40,-1.00,-1.00,0.42
1/11/2023,Greyhounds,VIC,The Meadows,Michael Tye,220539983,43883769,back,FALSE,Back 6. Bold Contender,6. Bold Contender,0,12.73,-1.00,-1.00,0.09
3/11/2023,Thoroughbred,VIC,Moonee Valley,Daniel O'Sullivan,220591491,62355552,back,FALSE,Back 3. Linas Reel,Linas Reel,0,2.86,-1.00,-1.00,0.54
3/11/2023,Thoroughbred,VIC,Moonee Valley,Jackson Oldham,220591518,62355562,lay,FALSE,Lay 7. Ferlazzo,7. Ferlazzo,0,4.65,0.27,-1.00,0.27
3/11/2023,Thoroughbred,VIC,Moonee Valley,Jackson Oldham,220591482,2555635,lay,FALSE,Lay 9. Elba,9. Elba,0,5.28,0.23,-1.00,0.23
3/11/2023,Thoroughbred,VIC,Moonee Valley,Jackson Oldham,220591509,61861421,back,FALSE,Back 1. Prancing Spirit,1. Prancing Spirit,0,2.07,-1.00,-1.00,0.93
4/11/2023,Harness,QLD,Albion Park,Ryan Spice,220637308,50296081,back,FALSE,Back 1. Aardies Flash,Aardies Flash,1,1.62,0.62,0.62,-1.00
4/11/2023,Harness,QLD,Albion Park,Ryan Spice,220637320,28222654,back,FALSE,Back 2. Soextra,2. Soextra,1,1.49,0.49,0.49,-1.00
4/11/2023,Harness,QLD,Albion Park,Ryan Spice,220637314,40847071,lay,FALSE,Lay 6. Elouisa Dale,6. Elouisa Dale,0,65.00,0.02,-1.00,0.02
4/11/2023,Greyhounds,WA,Cannington,Jaycin Campbell,220688187,58100342,back,FALSE,Back 2. Bunji Man,Bunji Man,1,1.91,0.91,0.91,-1.00
4/11/2023,Greyhounds,WA,Cannington,Jaycin Campbell,220688172,60735511,lay,FALSE,Lay 7. Monkey Emoji,Monkey Emoji,0,2.75,0.57,-1.00,0.57
4/11/2023,Greyhounds,WA,Cannington,Jaycin Campbell,220688157,57451171,back,FALSE,Back 2. Runaway To Mars,Runaway To Mars,0,1.59,-1.00,-1.00,1.71
4/11/2023,Greyhounds,WA,Cannington,Jaycin Campbell,220688177,55860327,back,FALSE,Back 8. West On Boonie,West On Boonie,0,1.94,-1.00,-1.00,1.06
4/11/2023,Thoroughbred,QLD,Eagle Farm,Shane Ciurleo,220592508,62356015,back,FALSE,Back 2. Weigall Tiger,2. Weigall Tiger,1,3.15,2.15,2.15,-1.00
4/11/2023,Thoroughbred,QLD,Eagle Farm,Shane Ciurleo,220592487,3162628,lay,FALSE,Lay 5. Ring Of Steel,5. Ring Of Steel,0,3.69,0.37,-1.00,0.37
4/11/2023,Thoroughbred,QLD,Eagle Farm,Shane Ciurleo,220592522,38859800,back,FALSE,Back 5. Why We Drink,Why We Drink,0,15.90,-1.00,-1.00,0.07
4/11/2023,Thoroughbred,VIC,Flemington,Dean Evans,220591355,1523471,back,FALSE,Back 14. Moravia,Moravia,0,22.00,-1.00,-1.00,0.05
4/11/2023,Thoroughbred,VIC,Flemington,Dean Evans,220591355,3742425,back,FALSE,Back 16. Nadal,Nadal,0,40.00,-1.00,-1.00,0.03
4/11/2023,Thoroughbred,VIC,Flemington,Dean Evans,220591355,62355795,back,FALSE,Back 1. Shinzo,Shinzo,0,5.50,-1.00,-1.00,0.22
4/11/2023,Thoroughbred,VIC,Flemington,Dean Evans,220591355,62355805,back,FALSE,Back 17. Tiz Invincible,Tiz Invincible,0,19.00,-1.00,-1.00,0.06
4/11/2023,Thoroughbred,VIC,Flemington,Dean Evans,220591364,3815928,back,FALSE,Back 7. Gold Bullion,Gold Bullion,0,29.00,-1.00,-1.00,0.04
4/11/2023,Thoroughbred,VIC,Flemington,Dean Evans,220591364,54670672,back,FALSE,Back 3. Air Assault,Air Assault,0,18.50,-1.00,-1.00,0.06
4/11/2023,Thoroughbred,VIC,Flemington,Dean Evans,220591364,61861521,back,FALSE,Back 5. Sunsets,Sunsets,0,16.00,-1.00,-1.00,0.07
4/11/2023,Thoroughbred,VIC,Flemington,Dean Evans,220591373,43350769,back,FALSE,Back 4. Atishu,Atishu,0,4.26,-1.00,-1.00,0.31
4/11/2023,Thoroughbred,NSW,Rosehill,Dean Evans,220537758,49914881,back,FALSE,Back 5. Kovalica,Kovalica,0,10.49,-1.00,-1.00,0.11
4/11/2023,Thoroughbred,NSW,Rosehill,Linton Chataway,220593867,48401635,back,FALSE,Back 6. Tribeca Star,6. Tribeca Star,1,3.25,2.25,2.25,-1.00
4/11/2023,Thoroughbred,NSW,Rosehill,Linton Chataway,220593930,43986992,back,FALSE,Back 3. Way to the Stars,3. Way to the Stars,1,2.80,1.80,1.80,-1.00
4/11/2023,Thoroughbred,NSW,Rosehill,Linton Chataway,220593909,37516399,lay,FALSE,Lay 4. Private Eye,Private Eye,0,2.87,0.53,-1.00,0.53
4/11/2023,Thoroughbred,NSW,Rosehill,Linton Chataway,220537758,50663783,lay,FALSE,Lay 16. Amelias Jewel,Amelias Jewel,0,4.11,0.32,-1.00,0.32
4/11/2023,Thoroughbred,NSW,Rosehill,Linton Chataway,220593888,62356050,back,FALSE,Back 2. Shohei,Shohei,0,4.60,-1.00,-1.00,0.28
4/11/2023,Thoroughbred,,Santa Anita Park,Rory Flanagan,220562335,45501362,back,FALSE,Back Auguste Rodin,Auguste Rodin,1,3.41,2.41,2.41,-1.00
4/11/2023,Thoroughbred,,Santa Anita Park,Rory Flanagan,220562350,15627656,back,FALSE,Back Elite Power,Elite Power,1,3.30,2.30,2.30,-1.00
4/11/2023,Thoroughbred,,Santa Anita Park,Rory Flanagan,220562300,35983619,back,FALSE,Back Siskany,Siskany,0,1.74,-1.00,-1.00,1.36
4/11/2023,Thoroughbred,,Santa Anita Park,Rory Flanagan,220562305,13193020,back,FALSE,Back Reincarnate,Reincarnate,0,11.00,-1.00,-1.00,0.10
4/11/2023,Thoroughbred,,Santa Anita Park,Rory Flanagan,220562315,10107185,back,FALSE,Back Warm Heart,Warm Heart,0,4.28,-1.00,-1.00,0.31
4/11/2023,Thoroughbred,,Santa Anita Park,Rory Flanagan,220562320,39914133,back,FALSE,Back Eda,Eda,0,18.62,-1.00,-1.00,0.06
4/11/2023,Thoroughbred,,Santa Anita Park,Rory Flanagan,220562325,45004142,back,FALSE,Back Mawj,Mawj,0,5.83,-1.00,-1.00,0.21
4/11/2023,Thoroughbred,,Santa Anita Park,Rory Flanagan,220562330,695231,back,FALSE,Back Adare Manor,Adare Manor,0,8.19,-1.00,-1.00,0.14
4/11/2023,Thoroughbred,,Santa Anita Park,Rory Flanagan,220562340,46208265,back,FALSE,Back Derma Sotogake,Derma Sotogake,0,30.27,-1.00,-1.00,0.03
4/11/2023,Thoroughbred,,Santa Anita Park,Rory Flanagan,220562345,2463391,back,FALSE,Back Caravel,Caravel,0,9.56,-1.00,-1.00,0.12
5/11/2023,Thoroughbred,,Flemington,Dean Evans,205975546,41034865,back,FALSE,Back ,2. Zaaki,1,8.80,7.80,7.80,-1.00
5/11/2023,Thoroughbred,,Flemington,Dean Evans,205975532,48672220,back,FALSE,Back ,9. Bella Nipotina,0,8.20,-1.00,-1.00,0.14
5/11/2023,Thoroughbred,,Flemington,Dean Evans,205975539,26735651,back,FALSE,Back ,3. Cascadian,0,9.20,-1.00,-1.00,0.12
6/11/2023,Thoroughbred,VIC,Flemington,Bella Anderson,220749547,62432671,back,FALSE,Back 4. Blue Stratum,Blue Stratum,0,4.56,-1.00,-1.00,0.28
6/11/2023,Harness,SA,Globe Derby,Mark Lawrence,220739869,12050879,back,FALSE,Back 3. Wrangler,3. Wrangler,1,5.30,4.30,4.30,-1.00
6/11/2023,Harness,SA,Globe Derby,Mark Lawrence,220739861,62403145,lay,FALSE,Lay 5. Rock On Nifty,Rock On Nifty,0,15.23,0.07,-1.00,0.07
6/11/2023,Harness,SA,Globe Derby,Mark Lawrence,220739865,39098612,back,FALSE,Back 8. Roberts Delight,Roberts Delight,0,8.00,-1.00,-1.00,0.14
7/11/2023,Thoroughbred,WA,Ascot,Pros Vs Bookies,220684564,58313058,lay,FALSE,Lay 10. Keshi Boom,Keshi Boom,1,1.94,-1.00,0.94,-1.00
7/11/2023,Thoroughbred,WA,Bunbury,Pros Vs Bookies,220802477,11767676,lay,FALSE,Lay 4. Killarney,4. Killarney,0,6.01,0.20,-1.00,0.20
7/11/2023,Thoroughbred,VIC,Flemington,Andrew Hawkins,220749643,21513376,back,FALSE,Back 9. Vow And Declare,Vow And Declare,0,39.90,-1.00,-1.00,0.03
7/11/2023,Thoroughbred,VIC,Flemington,Andrew Hawkins,220749643,62476868,back,FALSE,Back 5. Vauban,Vauban,0,6.04,-1.00,-1.00,0.20
7/11/2023,Thoroughbred,VIC,Flemington,Andrew Hawkins,220749643,62476869,back,FALSE,Back 6. Soulcombe,Soulcombe,0,9.85,-1.00,-1.00,0.11
7/11/2023,Thoroughbred,VIC,Flemington,Andrew Hawkins,220749643,62476870,back,FALSE,Back 7. Absurde,Absurde,0,10.64,-1.00,-1.00,0.10
7/11/2023,Thoroughbred,VIC,Flemington,Bella Anderson,220749563,185780,back,FALSE,Back 1. Pounding,Pounding,0,5.14,-1.00,-1.00,0.24
7/11/2023,Thoroughbred,VIC,Flemington,Bella Anderson,220749579,56053803,back,FALSE,Back 10. Queen Of Dragon,Queen Of Dragons,0,4.95,-1.00,-1.00,0.25
7/11/2023,Thoroughbred,VIC,Flemington,Bella Anderson,220749595,2744898,back,TRUE,Back 1. Barber,Barber,0,2.16,-1.00,-1.00,0.86
7/11/2023,Thoroughbred,VIC,Flemington,Bella Anderson,220749627,40041046,back,FALSE,Back 3. Prince Jofra,Prince Jofra,0,6.80,-1.00,-1.00,0.17
7/11/2023,Thoroughbred,VIC,Flemington,Bella Anderson,220749643,14593677,back,FALSE,Back 1. Gold Trip,Gold Trip,0,6.87,-1.00,-1.00,0.17
7/11/2023,Thoroughbred,VIC,Flemington,Bella Anderson,220749675,61861550,back,FALSE,Back 1. Madame Pommery,Madame Pommery,0,5.80,-1.00,-1.00,0.21
7/11/2023,Thoroughbred,VIC,Flemington,Pros Vs Bookies,220749628,316550,lay,FALSE,Lay 1. Love Tap,1. Love Tap,0,2.56,0.64,-1.00,0.64
7/11/2023,Thoroughbred,VIC,Flemington,Pros Vs Bookies,220749644,62476868,lay,FALSE,Lay 5. Vauban,5. Vauban,0,2.69,0.59,-1.00,0.59
7/11/2023,Thoroughbred,VIC,Flemington,Pros Vs Bookies,220749644,14593677,lay,FALSE,Lay 1. Gold Trip,1. Gold Trip,0,2.84,0.54,-1.00,0.54
7/11/2023,Thoroughbred,VIC,Flemington,Pros Vs Bookies,220749611,62432687,lay,FALSE,Lay 3. Mr Waterville,3. Mr Waterville,0,3.34,0.43,-1.00,0.43
7/11/2023,Thoroughbred,VIC,Flemington,Pros Vs Bookies,220749563,185780,lay,FALSE,Lay 1. Pounding,Pounding,0,5.14,0.24,-1.00,0.24
7/11/2023,Thoroughbred,VIC,Flemington,Pros Vs Bookies,220749563,62432676,lay,FALSE,Lay 3. Sibaaq,3. Sibaaq,0,6.40,0.19,-1.00,0.19
7/11/2023,Thoroughbred,VIC,Flemington,Pros Vs Bookies,220749644,62476869,lay,FALSE,Lay 6. Soulcombe,Soulcombe,1,3.77,-1.00,2.77,-1.00
7/11/2023,Thoroughbred,VIC,Flemington,The Lay Back Team,220749643,62476868,back,FALSE,Back 5. Vauban,Vauban,0,6.04,-1.00,-1.00,0.20
7/11/2023,Thoroughbred,VIC,Flemington,The Lay Back Team,220749643,62476870,back,TRUE,Back 7. Absurde,Absurde,0,10.64,-1.00,-1.00,0.10
7/11/2023,Thoroughbred,VIC,Flemington,The Lay Back Team,220749644,62476870,back,TRUE,Back 7. Absurde,Absurde,0,3.93,-1.00,-1.00,0.34
7/11/2023,Thoroughbred,SA,Morphettville,Lachlan Mosley,220684444,62432376,back,FALSE,Back 4. Hit The Slopes,Hit The Slopes,0,4.17,-1.00,-1.00,0.32
7/11/2023,Thoroughbred,SA,Morphettville,Lachlan Mosley,220684451,52842057,back,FALSE,Back 3. San Lucido,San Lucido,0,3.50,-1.00,-1.00,0.40
7/11/2023,Thoroughbred,SA,Morphettville,Lachlan Mosley,220684458,62432391,lay,FALSE,Lay 6. Great Maximus,Great Maximus,1,2.08,-1.00,1.08,-1.00
7/11/2023,Thoroughbred,SA,Morphettville,Lachlan Mosley,220684465,61337568,back,FALSE,Back 3. Geeijo,Geeijo,0,2.95,-1.00,-1.00,0.51
7/11/2023,Thoroughbred,SA,Morphettville,Lachlan Mosley,220684472,906748,back,FALSE,Back 4. Footlights,Footlights,0,7.00,-1.00,-1.00,0.17
7/11/2023,Thoroughbred,SA,Morphettville,Lachlan Mosley,220684486,62432408,back,FALSE,Back 4. Prince Reichweit,Prince Reichweite,0,25.18,-1.00,-1.00,0.04
7/11/2023,Thoroughbred,SA,Morphettville,Lachlan Mosley,220684493,62432413,back,FALSE,Back 12. Alotafun,Alotafun,0,11.14,-1.00,-1.00,0.10
7/11/2023,Thoroughbred,SA,Morphettville,Lachlan Mosley,220684500,62432418,back,FALSE,Back 11. Charlesfort,Charlesfort,0,3.91,-1.00,-1.00,0.34
7/11/2023,Thoroughbred,NSW,Randwick,Linton Chataway,220683951,45168802,back,FALSE,Back 9. Ive Bean Tryin,Ive Bean Tryin,1,6.48,5.48,5.48,-1.00
7/11/2023,Thoroughbred,NSW,Randwick,Linton Chataway,220683923,417187,back,FALSE,Back 2. Emperor,2. Emperor,1,1.88,0.88,0.88,-1.00
7/11/2023,Thoroughbred,NSW,Randwick,Linton Chataway,220683958,39428510,lay,FALSE,Lay 2. Cotehele,2. Cotehele,0,4.14,0.32,-1.00,0.32
7/11/2023,Thoroughbred,NSW,Randwick,Linton Chataway,220683930,62433155,back,FALSE,Back 5. Iowna Merc,Iowna Merc,0,2.81,-1.00,-1.00,0.55
7/11/2023,Thoroughbred,NSW,Randwick,Linton Chataway,220683937,62433158,back,FALSE,Back 10. Soobooco,Soobooco,0,25.00,-1.00,-1.00,0.04
7/11/2023,Thoroughbred,NSW,Randwick,Linton Chataway,220683944,1232614,back,FALSE,Back 4. Wicklow,Wicklow,0,5.90,-1.00,-1.00,0.20
7/11/2023,Thoroughbred,NSW,Randwick,Pros Vs Bookies,220683916,55457550,lay,FALSE,Lay 5. Territory Expre,5. Territory Express,0,4.14,0.32,-1.00,0.32
8/11/2023,Harness,WA,Gloucester Park,Scott Hill,220851600,62434053,back,FALSE,Back 4. Paster Tedesco,Paster Tedesco,1,2.25,1.25,1.25,-1.00
8/11/2023,Harness,WA,Gloucester Park,Scott Hill,220851591,59199868,back,FALSE,Back 6. Ideal Muscle,Ideal Muscle,1,1.73,0.73,0.73,-1.00
8/11/2023,Harness,WA,Gloucester Park,Scott Hill,220851603,28551775,back,FALSE,Back 1. Have Ago Joe,Have Ago Joe,0,2.62,-1.00,-1.00,0.62
8/11/2023,Harness,WA,Gloucester Park,Scott Hill,220851606,39387677,back,FALSE,Back 1. Captains Cote,Captains Cote,0,3.40,-1.00,-1.00,0.42
8/11/2023,Harness,WA,Gloucester Park,Scott Hill,220851612,38868780,back,FALSE,Back 2. Per Ardua Ad Ast,Per Ardua Ad Astra,0,3.33,-1.00,-1.00,0.43
8/11/2023,Harness,WA,Gloucester Park,Scott Hill,220851615,40796141,back,FALSE,Back 5. Loucid Dreams,Loucid Dreams,0,8.53,-1.00,-1.00,0.13
8/11/2023,Thoroughbred,TAS,Launceston,Steve Christie,220841538,62558610,back,FALSE,Back 4. Quicken Up,Quicken Up,1,4.10,3.10,3.10,-1.00
8/11/2023,Thoroughbred,TAS,Launceston,Steve Christie,220841583,2009481,back,FALSE,Back 2. Stone Cold Stunn,Stone Cold Stunner,1,1.61,0.61,0.61,-1.00
8/11/2023,Thoroughbred,TAS,Launceston,Steve Christie,220841547,56872925,back,FALSE,Back 14. Kaboom Kaboom,Kaboom Kaboom,0,15.40,-1.00,-1.00,0.07
8/11/2023,Thoroughbred,TAS,Launceston,Steve Christie,220841553,2510342,back,FALSE,Back 12. Mindful,Mindful,0,11.97,-1.00,-1.00,0.09
8/11/2023,Thoroughbred,TAS,Launceston,Steve Christie,220841559,62558632,back,FALSE,Back 5. Knot Dancing,Knot Dancing,0,5.60,-1.00,-1.00,0.22
8/11/2023,Thoroughbred,TAS,Launceston,Steve Christie,220841565,58371389,back,FALSE,Back 1. Creative Licence,Creative Licence,0,3.19,-1.00,-1.00,0.46
8/11/2023,Thoroughbred,TAS,Launceston,Steve Christie,220841571,42412997,back,FALSE,Back 2. Geegee Lucky Jes,Geegee Lucky Jess,0,4.20,-1.00,-1.00,0.31
8/11/2023,Thoroughbred,TAS,Launceston,Steve Christie,220841577,22185551,back,FALSE,Back 3. Sir Simon,Sir Simon,0,2.96,-1.00,-1.00,0.51
8/11/2023,Greyhounds,VIC,The Meadows,Michael Tye,220910703,59848400,back,FALSE,Back 8. Mepunga Shine,Mepunga Shine,1,4.75,3.75,3.75,-1.00
8/11/2023,Greyhounds,VIC,The Meadows,Michael Tye,220910673,61408879,back,FALSE,Back 2. Stormy Day,Stormy Day,1,1.89,0.89,0.89,-1.00
8/11/2023,Greyhounds,VIC,The Meadows,Michael Tye,220910678,61372219,lay,FALSE,Lay 8. Misty Black,Misty Black,0,6.01,0.20,-1.00,0.20
8/11/2023,Greyhounds,VIC,The Meadows,Michael Tye,220910693,55060844,lay,FALSE,Lay 7. Isles Entity,Isles Entity,0,6.73,0.17,-1.00,0.17
8/11/2023,Greyhounds,VIC,The Meadows,Michael Tye,220910713,60491022,back,FALSE,Back 4. Morton,Morton,1,1.15,0.15,0.15,-1.00
8/11/2023,Greyhounds,VIC,The Meadows,Michael Tye,220910698,62591672,back,FALSE,Back 1. Lassard,Lassard,0,3.11,-1.00,-1.00,0.47
9/11/2023,Greyhounds,QLD,Albion Park,Jaycin Campbell,220958805,62632865,back,FALSE,Back 1. Jens Joy,Jens Joy,1,1.63,0.63,0.63,-1.00
9/11/2023,Greyhounds,QLD,Albion Park,Jaycin Campbell,220958780,62632860,lay,FALSE,Lay 4. Hilltop Star,Hilltop Star,0,5.64,0.22,-1.00,0.22
9/11/2023,Greyhounds,QLD,Albion Park,Jaycin Campbell,220958810,62632869,back,FALSE,Back 2. Inconspicuous,Inconspicuous,0,2.90,-1.00,-1.00,0.53
9/11/2023,Greyhounds,QLD,Albion Park,Jaycin Campbell,220958820,47462760,back,FALSE,Back 3. Villante,Villante,0,7.67,-1.00,-1.00,0.15
9/11/2023,Greyhounds,QLD,Albion Park,Jaycin Campbell,220958825,46992238,lay,FALSE,Lay 8. Pretty Cindy,Pretty Cindy,1,3.23,-1.00,2.23,-1.00
9/11/2023,Thoroughbred,VIC,Flemington,Glenn Ingram,220854077,2326621,back,FALSE,Back 2. Euphoric,Euphoric,0,5.30,-1.00,-1.00,0.23
9/11/2023,Thoroughbred,VIC,Flemington,Jackson Oldham,220842013,61861524,lay,FALSE,Lay 1. Tropical Squall,Tropical Squall,0,7.00,0.17,-1.00,0.17
9/11/2023,Thoroughbred,VIC,Flemington,Jackson Oldham,220841950,62558784,back,FALSE,Back 9. Tessas Choice,Tessas Choice,0,8.45,-1.00,-1.00,0.13
9/11/2023,Thoroughbred,VIC,Flemington,Jackson Oldham,220841959,56645428,back,FALSE,Back 5. City of Lights,City Of Lights,0,5.79,-1.00,-1.00,0.21
9/11/2023,Thoroughbred,VIC,Flemington,Jackson Oldham,220842022,62558826,back,FALSE,Back 4. Gregolimo,Gregolimo,0,2.30,-1.00,-1.00,0.77
9/11/2023,Thoroughbred,VIC,Flemington,Jackson Oldham,220854086,50990069,back,FALSE,Back 3. Saltaire,Saltaire,0,7.00,-1.00,-1.00,0.17
9/11/2023,Thoroughbred,VIC,Flemington,Linton Chataway,220854077,2326621,lay,FALSE,Lay 2. Euphoric,Euphoric,0,5.30,0.23,-1.00,0.23
9/11/2023,Thoroughbred,SA,Gawler,Lachlan Mosley,220909118,62591831,back,FALSE,Back 9. Manuka Bay,Manuka Bay,0,4.20,-1.00,-1.00,0.31
9/11/2023,Thoroughbred,SA,Gawler,Lachlan Mosley,220909124,62591835,back,FALSE,Back 5. First Tosen,First Tosen,0,3.47,-1.00,-1.00,0.40
9/11/2023,Thoroughbred,SA,Gawler,Lachlan Mosley,220909130,35271471,back,FALSE,Back 8. Gogolf Guru,Gogolf Guru,0,16.00,-1.00,-1.00,0.07
9/11/2023,Thoroughbred,SA,Gawler,Lachlan Mosley,220909136,62591841,back,FALSE,Back 2. The Ice Cutter,The Ice Cutter,0,17.50,-1.00,-1.00,0.06
9/11/2023,Thoroughbred,SA,Gawler,Lachlan Mosley,220909148,42268109,back,FALSE,Back 7. No Entitlement,No Entitlement,0,5.87,-1.00,-1.00,0.21
9/11/2023,Thoroughbred,NSW,Hawkesbury,Linton Chataway,220910473,6529546,lay,FALSE,Lay 5. Steely,Steely,0,5.39,0.23,-1.00,0.23
9/11/2023,Thoroughbred,NSW,Hawkesbury,Linton Chataway,220910433,62097572,back,FALSE,Back 1. Magnatear,Magnatear,0,1.94,-1.00,-1.00,1.06
9/11/2023,Thoroughbred,NSW,Hawkesbury,Linton Chataway,220910449,510682,lay,FALSE,Lay 2. Jumeirah Beach,Jumeirah Beach,1,5.20,-1.00,4.20,-1.00
9/11/2023,Harness,VIC,Yarra Valley,Darren And Brett Carroll,220903300,50686142,back,FALSE,Back 9. Franco Novelist,Franco Novelist,1,2.80,1.80,1.80,-1.00
9/11/2023,Harness,VIC,Yarra Valley,Darren And Brett Carroll,220903296,62559070,lay,FALSE,Lay 10. Shoobees Spiri,Shoobees Spirit,0,6.52,0.18,-1.00,0.18
10/11/2023,Harness,TAS,Hobart,Jamie Cockshutt,220962515,4920538,back,FALSE,Back 1. Justify,Justify,1,2.42,1.42,1.42,-1.00
10/11/2023,Harness,TAS,Hobart,Jamie Cockshutt,220962519,8728068,back,FALSE,Back 3. Baby You A Song,Baby You A Song,1,1.53,0.53,0.53,-1.00
10/11/2023,Harness,TAS,Hobart,Jamie Cockshutt,220962507,45921210,back,FALSE,Back 3. Budgiesmuggler,Budgiesmuggler,1,1.50,0.50,0.50,-1.00
10/11/2023,Harness,TAS,Hobart,Jamie Cockshutt,220962509,39232219,back,FALSE,Back 1. Hy Leinvincible,Hy Leinvincible,1,1.18,0.18,0.18,-1.00
10/11/2023,Harness,TAS,Hobart,Jamie Cockshutt,220962511,53652655,back,FALSE,Back 2. Magic Joe,Magic Joe,0,2.44,-1.00,-1.00,0.69
10/11/2023,Harness,TAS,Hobart,Jamie Cockshutt,220962513,6773527,back,FALSE,Back 6. Lancelot,Lancelot,0,5.79,-1.00,-1.00,0.21
10/11/2023,Harness,TAS,Hobart,Jamie Cockshutt,220962517,42863302,back,FALSE,Back 2. Syzate,Syzate,0,2.53,-1.00,-1.00,0.65
10/11/2023,Harness,TAS,Hobart,Jamie Cockshutt,220962521,44995685,back,FALSE,Back 1. Bonny My Boy,Bonny My Boy,0,3.51,-1.00,-1.00,0.40
10/11/2023,Greyhounds,VIC,Traralgon,Pros Vs Bookies,221003588,48339050,back,FALSE,Back 3. Why Not Bryce,Why Not Bryce,0,5.80,-1.00,-1.00,0.21
11/11/2023,Greyhounds,WA,Cannington,Jaycin Campbell,221058642,57957109,back,FALSE,Back 1. Inside Scoop,Inside Scoop,1,1.79,0.79,0.79,-1.00
11/11/2023,Greyhounds,WA,Cannington,Jaycin Campbell,221058657,58712460,back,FALSE,Back 2. Penny Magic,Penny Magic,0,9.00,-1.00,-1.00,0.13
11/11/2023,Thoroughbred,VIC,Flemington,Bella Anderson,220955882,62633120,back,FALSE,Back 6. Schwarz,6. Schwarz,1,2.45,1.45,1.45,-1.00
11/11/2023,Thoroughbred,VIC,Flemington,Bella Anderson,220955909,43526842,back,FALSE,Back 8. Imperatriz,Imperatriz,1,2.31,1.31,1.31,-1.00
11/11/2023,Thoroughbred,VIC,Flemington,Bella Anderson,220955864,54670955,back,FALSE,Back 8. Typhoon Harmony,Typhoon Harmony,0,11.86,-1.00,-1.00,0.09
11/11/2023,Thoroughbred,VIC,Flemington,Bella Anderson,220955873,55414993,back,FALSE,Back 2. Itsourtime,Itsourtime,0,4.30,-1.00,-1.00,0.30
11/11/2023,Thoroughbred,VIC,Flemington,Bella Anderson,220955891,62633128,back,FALSE,Back 2. Duke De Sessa,Duke De Sessa,0,5.32,-1.00,-1.00,0.23
11/11/2023,Thoroughbred,VIC,Flemington,Bella Anderson,220955900,42201196,back,FALSE,Back 1. Mustang Valley,Mustang Valley,0,24.00,-1.00,-1.00,0.04
11/11/2023,Thoroughbred,VIC,Flemington,Bella Anderson,220955918,48844178,back,FALSE,Back 6. Fangirl,Fangirl,0,2.50,-1.00,-1.00,0.67
11/11/2023,Thoroughbred,VIC,Flemington,Bella Anderson,220955927,39233188,back,FALSE,Back 1. Zaaki,Zaaki,0,4.77,-1.00,-1.00,0.27
11/11/2023,Thoroughbred,VIC,Flemington,Bella Anderson,220955936,49739594,back,FALSE,Back 13. Mornington Glor,Mornington Glory,0,6.29,-1.00,-1.00,0.19
11/11/2023,Thoroughbred,VIC,Flemington,Dean Evans,220955909,944820,back,FALSE,Back 5. Airman,Airman,0,42.98,-1.00,-1.00,0.02
11/11/2023,Thoroughbred,VIC,Flemington,Dean Evans,220955909,38608112,back,FALSE,Back 6. Bella Nipotina,Bella Nipotina,0,16.44,-1.00,-1.00,0.06
11/11/2023,Thoroughbred,VIC,Flemington,Dean Evans,220955909,47637356,back,FALSE,Back 7. In Secret,In Secret,0,3.82,-1.00,-1.00,0.36
11/11/2023,Thoroughbred,VIC,Flemington,Dean Evans,220955909,47871420,back,FALSE,Back 2. Buenos Noches,Buenos Noches,0,17.74,-1.00,-1.00,0.06
11/11/2023,Thoroughbred,VIC,Flemington,Dean Evans,220955918,48844178,back,FALSE,Back 6. Fangirl,Fangirl,0,2.50,-1.00,-1.00,0.67
11/11/2023,Thoroughbred,VIC,Flemington,Dean Evans,220955927,39233188,back,FALSE,Back 1. Zaaki,Zaaki,0,4.77,-1.00,-1.00,0.27
11/11/2023,Thoroughbred,VIC,Flemington,Dean Evans,220955927,61593416,back,FALSE,Back 7. Buckaroo,Buckaroo,0,30.56,-1.00,-1.00,0.03
11/11/2023,Thoroughbred,VIC,Flemington,Dean Evans,220955927,61593444,back,FALSE,Back 9. Duais,Duais,0,7.88,-1.00,-1.00,0.15
11/11/2023,Thoroughbred,VIC,Flemington,Jackson Oldham,220955864,28659458,back,FALSE,Back 4. Excelleration,Excelleration,0,9.29,-1.00,-1.00,0.12
11/11/2023,Thoroughbred,VIC,Flemington,Jackson Oldham,220955882,62633120,lay,FALSE,Lay 6. Schwarz,Schwarz,1,2.45,-1.00,1.45,-1.00
11/11/2023,Thoroughbred,VIC,Flemington,Jackson Oldham,220955900,62633136,back,FALSE,Back 12. Premise,Premise,0,32.10,-1.00,-1.00,0.03
11/11/2023,Thoroughbred,VIC,Flemington,Jackson Oldham,220955936,62633146,back,FALSE,Back 2. Anilla,Anilla,0,13.50,-1.00,-1.00,0.08
11/11/2023,Thoroughbred,VIC,Flemington,The Lay Back Team,220955900,43636322,back,FALSE,Back 6. Deny Knowledge,Deny Knowledge,1,4.33,3.33,3.33,-1.00
11/11/2023,Thoroughbred,VIC,Flemington,The Lay Back Team,220955882,62633120,back,FALSE,Back 6. Schwarz,Schwarz,1,2.45,1.45,1.45,-1.00
11/11/2023,Thoroughbred,VIC,Flemington,The Lay Back Team,220955927,62633143,lay,FALSE,Lay 4. West Wind Blows,West Wind Blows,0,2.91,0.52,-1.00,0.52
11/11/2023,Thoroughbred,VIC,Flemington,The Lay Back Team,220955864,54670955,back,FALSE,Back 8. Typhoon Harmony,Typhoon Harmony,0,11.86,-1.00,-1.00,0.09
11/11/2023,Thoroughbred,VIC,Flemington,The Lay Back Team,220955864,56939322,back,FALSE,Back 6. Von Hauke,Von Hauke,0,3.35,-1.00,-1.00,0.43
11/11/2023,Thoroughbred,VIC,Flemington,The Lay Back Team,220955873,44415781,back,FALSE,Back 7. Vespertine,Vespertine,0,27.00,-1.00,-1.00,0.04
11/11/2023,Thoroughbred,VIC,Flemington,The Lay Back Team,220955873,45120010,back,FALSE,Back 6. Po Kare Kare,Po Kare Kare,0,18.86,-1.00,-1.00,0.06
11/11/2023,Thoroughbred,VIC,Flemington,The Lay Back Team,220955873,55414993,back,FALSE,Back 2. Itsourtime,Itsourtime,0,4.30,-1.00,-1.00,0.30
11/11/2023,Thoroughbred,VIC,Flemington,The Lay Back Team,220955873,62633114,back,FALSE,Back 5. Parisal,Parisal,0,2.92,-1.00,-1.00,0.52
11/11/2023,Thoroughbred,VIC,Flemington,The Lay Back Team,220955891,61593424,back,TRUE,Back 11. So Dazzling,So Dazzling,0,12.14,-1.00,-1.00,0.09
11/11/2023,Thoroughbred,VIC,Flemington,The Lay Back Team,220955891,62633128,back,TRUE,Back 2. Duke De Sessa,Duke De Sessa,0,5.32,-1.00,-1.00,0.23
11/11/2023,Thoroughbred,VIC,Flemington,The Lay Back Team,220955900,46652776,back,FALSE,Back 5. Thalassophile,Thalassophile,0,11.16,-1.00,-1.00,0.10
11/11/2023,Thoroughbred,VIC,Flemington,The Lay Back Team,220955900,49244170,back,TRUE,Back 4. Steinem,Steinem,0,7.75,-1.00,-1.00,0.15
11/11/2023,Thoroughbred,VIC,Flemington,The Lay Back Team,220955909,47637356,back,FALSE,Back 7. In Secret,In Secret,0,3.82,-1.00,-1.00,0.36
11/11/2023,Thoroughbred,VIC,Flemington,The Lay Back Team,220955918,48844178,back,TRUE,Back 6. Fangirl,Fangirl,0,2.50,-1.00,-1.00,0.67
11/11/2023,Thoroughbred,VIC,Flemington,The Lay Back Team,220955927,61593416,back,FALSE,Back 7. Buckaroo,Buckaroo,0,30.56,-1.00,-1.00,0.03
11/11/2023,Thoroughbred,VIC,Flemington,The Lay Back Team,220955927,62633145,back,FALSE,Back 11. Prowess,Prowess,0,7.16,-1.00,-1.00,0.16
11/11/2023,Thoroughbred,SA,Morphettville,Lachlan Mosley,220954341,54138856,back,FALSE,Back 3. Delcredere,Delcredere,1,1.74,0.74,0.74,-1.00
11/11/2023,Thoroughbred,SA,Morphettville,Lachlan Mosley,220954347,49977265,back,FALSE,Back 4. Jilladora,Jilladora,0,4.74,-1.00,-1.00,0.27
11/11/2023,Thoroughbred,SA,Morphettville,Lachlan Mosley,220954371,62632847,back,FALSE,Back 10. Angelic Appeal,Angelic Appeal,0,13.56,-1.00,-1.00,0.08
11/11/2023,Thoroughbred,NSW,Rosehill,The Lay Back Team,220959855,47591322,back,TRUE,Back 2. Roots,Roots,1,4.03,3.03,3.03,-1.00
11/11/2023,Thoroughbred,NSW,Rosehill,The Lay Back Team,220959863,62633973,back,FALSE,Back 1. Shangri La Expre,Shangri La Express,1,2.42,1.42,1.42,-1.00
11/11/2023,Thoroughbred,NSW,Rosehill,The Lay Back Team,220959863,14695117,back,FALSE,Back 4. Scampi,Scampi,0,6.83,-1.00,-1.00,0.17
12/11/2023,Thoroughbred,VIC,Ararat,Chris Camilleri,221058170,62326731,back,FALSE,Back 1. Hay Joe,Hay Joe,1,3.30,2.30,2.30,-1.00
12/11/2023,Thoroughbred,VIC,Ararat,Chris Camilleri,221058205,41831879,back,FALSE,Back 3. Boldinho,Boldinho,1,2.59,1.59,1.59,-1.00
12/11/2023,Thoroughbred,VIC,Ararat,Chris Camilleri,221058212,62660983,lay,FALSE,Lay 2. Makusha,Makusha,0,4.61,0.28,-1.00,0.28
12/11/2023,Thoroughbred,VIC,Ararat,Chris Camilleri,221058177,61896040,back,FALSE,Back 10. House Of Pradah,House Of Pradah,0,3.30,-1.00,-1.00,0.43
12/11/2023,Thoroughbred,SA,Naracoorte,Lachlan Mosley,221054261,26310831,back,FALSE,Back 7. Mr Marathon Man,Mr Marathon Man,0,13.50,-1.00,-1.00,0.08
12/11/2023,Thoroughbred,SA,Naracoorte,Lachlan Mosley,221054273,58312707,back,FALSE,Back 13. Social Dancer,Social Dancer,0,4.97,-1.00,-1.00,0.25
12/11/2023,Thoroughbred,SA,Naracoorte,Lachlan Mosley,221054279,37379211,back,FALSE,Back 6. Harry Hot Pants,Harry Hot Pants,0,10.03,-1.00,-1.00,0.11
12/11/2023,Thoroughbred,SA,Naracoorte,Lachlan Mosley,221054285,47016387,back,FALSE,Back 5. Peacemaker,Peacemaker,0,3.57,-1.00,-1.00,0.39
12/11/2023,Thoroughbred,SA,Naracoorte,Lachlan Mosley,221054297,56357602,back,FALSE,Back 1. Ofcourse I Will,Ofcourse I Will,0,9.12,-1.00,-1.00,0.12
13/11/2023,Harness,SA,Globe Derby,Mark Lawrence,221121074,10581240,back,FALSE,Back 1. Rocking With Cha,Rocking With Charm,1,3.30,2.30,2.30,-1.00
13/11/2023,Harness,SA,Globe Derby,Mark Lawrence,221121080,38014016,lay,FALSE,Lay 4. Giftedfromthehe,Giftedfromtheheart,0,24.40,0.04,-1.00,0.04
13/11/2023,Harness,SA,Globe Derby,Mark Lawrence,221121072,20060362,back,FALSE,Back 7. Passionate Pursu,Passionate Pursuit,0,5.71,-1.00,-1.00,0.21
14/11/2023,Harness,QLD,Albion Park,Ryan Spice,221174014,62669970,back,FALSE,Back 4. Pennie Packer,4. Pennie Packer,1,1.62,0.62,0.62,-1.00
14/11/2023,Harness,QLD,Albion Park,Ryan Spice,221174018,8435072,lay,FALSE,Lay 2. Rancho Man,2. Rancho Man,0,44.00,0.02,-1.00,0.02
14/11/2023,Harness,WA,Gloucester Park,Scott Hill,221179682,462326,back,FALSE,Back 8. Shell Shock,Shell Shock,0,5.20,-1.00,-1.00,0.24
14/11/2023,Harness,WA,Gloucester Park,Scott Hill,221179685,55755045,back,FALSE,Back 5. Sista Sammy,Sista Sammy,0,2.08,-1.00,-1.00,0.93
14/11/2023,Harness,WA,Gloucester Park,Scott Hill,221179688,20357233,back,FALSE,Back 3. Rupert Of Lincol,Rupert Of Lincoln,0,24.24,-1.00,-1.00,0.04
14/11/2023,Harness,WA,Gloucester Park,Scott Hill,221179691,42194837,back,FALSE,Back 4. Jolted Charm,Jolted Charm,0,3.70,-1.00,-1.00,0.37
14/11/2023,Harness,WA,Gloucester Park,Scott Hill,221179694,17650346,back,FALSE,Back 8. Triple Brie,Triple Brie,0,17.89,-1.00,-1.00,0.06
14/11/2023,Harness,WA,Gloucester Park,Scott Hill,221179697,28672131,back,FALSE,Back 1. All Aussie Mach,All Aussie Mach,0,2.77,-1.00,-1.00,0.57
14/11/2023,Thoroughbred,NSW,Gosford,Linton Chataway,221171635,62685265,back,FALSE,Back 4. Silent Raindrops,Silent Raindrops,1,7.40,6.40,6.40,-1.00
14/11/2023,Thoroughbred,NSW,Gosford,Linton Chataway,221171645,55979243,back,FALSE,Back 6. Martial Music,Martial Music,1,4.94,3.94,3.94,-1.00
14/11/2023,Thoroughbred,NSW,Gosford,Linton Chataway,221171660,62685296,lay,FALSE,Lay 5. Kadall,Kadall,0,3.09,0.48,-1.00,0.48
14/11/2023,Thoroughbred,NSW,Gosford,Linton Chataway,221171650,62685282,back,FALSE,Back 13. Tigon Princess,Tigon Princess,0,4.18,-1.00,-1.00,0.31
14/11/2023,Thoroughbred,NSW,Gosford,Linton Chataway,221171655,54439952,back,FALSE,Back 8. Mathkhoora,Mathkhoora,0,3.25,-1.00,-1.00,0.44
14/11/2023,Thoroughbred,VIC,Mornington,Jackson Oldham,221171709,62685437,lay,FALSE,Lay 3. Our Goddess,Our Goddess,0,10.28,0.11,-1.00,0.11
14/11/2023,Thoroughbred,VIC,Mornington,Jackson Oldham,221171681,62685422,back,FALSE,Back 6. Heiress,Heiress,0,2.95,-1.00,-1.00,0.51
15/11/2023,Thoroughbred,WA,Ascot,Pros Vs Bookies,221212278,24644507,lay,FALSE,Lay 10. Cher,Cher,0,5.72,0.21,-1.00,0.21
15/11/2023,Thoroughbred,WA,Ascot,Pros Vs Bookies,221212264,62789730,lay,FALSE,Lay 8. Red Tori,Red Tori,1,3.38,-1.00,2.38,-1.00
15/11/2023,Thoroughbred,VIC,Ballarat,Glenn Ingram,221209380,62788732,back,FALSE,Back 10. Royal Invader,Royal Invader,0,2.51,-1.00,-1.00,0.66
15/11/2023,Thoroughbred,VIC,Ballarat,Jackson Oldham,221209356,3879227,lay,FALSE,Lay 6. Sachem,Sachem,0,10.80,0.10,-1.00,0.10
15/11/2023,Thoroughbred,VIC,Ballarat,Jackson Oldham,221209372,27356263,back,FALSE,Back 8. Manchego,Manchego,0,3.35,-1.00,-1.00,0.43
15/11/2023,Thoroughbred,VIC,Ballarat,Pros Vs Bookies,221209324,62788692,lay,3,Lay 3. Glowlight,Glowlight,0,4.18,0.31,-1.00,0.31
15/11/2023,Thoroughbred,QLD,Doomben,Pros Vs Bookies,221212854,62789008,lay,FALSE,Lay 3. Impendor,Impendor,0,4.80,0.26,-1.00,0.26
15/11/2023,Thoroughbred,QLD,Doomben,Shane Ciurleo,221212868,3039296,lay,FALSE,Lay 5. Porky,Porky,1,4.89,-1.00,3.89,-1.00
15/11/2023,Thoroughbred,QLD,Doomben,Shane Ciurleo,221212882,41408193,back,FALSE,Back 6. Evocator,Evocator,0,2.52,-1.00,-1.00,0.66
15/11/2023,Thoroughbred,QLD,Doomben,Shane Ciurleo,221212889,17225335,lay,FALSE,Lay 2. John Rambo,John Rambo,1,2.40,-1.00,1.40,-1.00
15/11/2023,Thoroughbred,SA,Murray Bridge,Lachlan Mosley,221214486,48872107,back,FALSE,Back 6. Commander Meroo,Commander Meroo,1,9.95,8.95,8.95,-1.00
15/11/2023,Thoroughbred,SA,Murray Bridge,Lachlan Mosley,221214462,49914335,back,FALSE,Back 1. Call Me Vexatiou,Call Me Vexatious,1,3.38,2.38,2.38,-1.00
15/11/2023,Thoroughbred,SA,Murray Bridge,Lachlan Mosley,221214468,61105131,back,FALSE,Back 3. Exopipi,Exopipi,0,3.00,-1.00,-1.00,0.50
15/11/2023,Thoroughbred,SA,Murray Bridge,Lachlan Mosley,221214474,1154118,back,FALSE,Back 8. Dual Fuel,Dual Fuel,0,4.30,-1.00,-1.00,0.30
15/11/2023,Greyhounds,QLD,Rockhampton,Jaycin Campbell,221257578,62064737,back,FALSE,Back 3. Scarsdale,Scarsdale,1,1.40,0.40,0.40,-1.00
15/11/2023,Greyhounds,QLD,Rockhampton,Jaycin Campbell,221257593,62809773,back,FALSE,Back 1. Cyndies Hope,Cyndies Hope,0,2.70,-1.00,-1.00,0.59
15/11/2023,Greyhounds,QLD,Rockhampton,Jaycin Campbell,221257598,58345163,back,FALSE,Back 3. Shell And Sea,Shell And Sea,0,2.30,-1.00,-1.00,0.77
15/11/2023,Greyhounds,QLD,Rockhampton,Jaycin Campbell,221257603,48174806,lay,FALSE,Lay 6. Here Wolfe,Here Wolfe,1,6.33,-1.00,5.33,-1.00
15/11/2023,Thoroughbred,NSW,Rosehill,Linton Chataway,221215213,4881537,back,FALSE,Back 2. Fleetwood,Fleetwood,1,2.61,1.61,1.61,-1.00
15/11/2023,Thoroughbred,NSW,Rosehill,Linton Chataway,221215237,62788863,lay,FALSE,Lay 8. The Englishman,The Englishman,1,8.12,-1.00,7.12,-1.00
15/11/2023,Thoroughbred,NSW,Rosehill,Pros Vs Bookies,221215237,51918066,lay,FALSE,Lay 4. State Of Americ,State Of America,0,3.35,0.43,-1.00,0.43
15/11/2023,Thoroughbred,NSW,Rosehill,Pros Vs Bookies,221215213,56291356,lay,FALSE,Lay 7. Armed Forces,Armed Forces,0,3.85,0.35,-1.00,0.35
15/11/2023,Thoroughbred,NSW,Rosehill,Pros Vs Bookies,221215229,2268336,lay,FALSE,Lay 6. The King,The King,0,5.10,0.24,-1.00,0.24
15/11/2023,Thoroughbred,NSW,Rosehill,Pros Vs Bookies,221215221,62788861,lay,FALSE,Lay 5. Miss Hades,Miss Hades,1,4.39,-1.00,3.39,-1.00
15/11/2023,Greyhounds,VIC,The Meadows,Michael Tye,221257341,58534325,lay,FALSE,Lay 8. August Bob,August Bob,0,4.08,0.32,-1.00,0.32
15/11/2023,Greyhounds,VIC,The Meadows,Michael Tye,221257361,48844032,lay,FALSE,Lay 8. Lupini Monelli,Lupini Monelli,0,6.75,0.17,-1.00,0.17
15/11/2023,Greyhounds,VIC,The Meadows,Michael Tye,221257321,62809780,back,FALSE,Back 4. Oscar Intention,Oscar Intention,0,5.70,-1.00,-1.00,0.21
15/11/2023,Greyhounds,VIC,The Meadows,Michael Tye,221257346,45143138,back,FALSE,Back 3. Max Power,Max Power,0,2.98,-1.00,-1.00,0.51
15/11/2023,Greyhounds,VIC,The Meadows,Michael Tye,221257366,57655560,back,FALSE,Back 2. Benjis Button,Benjis Button,0,7.00,-1.00,-1.00,0.17
15/11/2023,Greyhounds,VIC,The Meadows,Michael Tye,221257371,50881193,back,FALSE,Back 8. Creditor,Creditor,0,5.50,-1.00,-1.00,0.22
16/11/2023,Greyhounds,QLD,Albion Park,Jaycin Campbell,221303353,41540119,back,FALSE,Back 1. Springtime Rose,Springtime Rose,1,1.60,0.60,0.60,-1.00
16/11/2023,Greyhounds,QLD,Albion Park,Jaycin Campbell,221303378,59958093,lay,FALSE,Lay 2. Scarlatti,Scarlatti,0,3.45,0.41,-1.00,0.41
16/11/2023,Greyhounds,QLD,Albion Park,Jaycin Campbell,221303368,54518833,back,FALSE,Back 1. Lederhosen Boy,Lederhosen Boy,0,3.20,-1.00,-1.00,0.45
16/11/2023,Greyhounds,QLD,Albion Park,Jaycin Campbell,221303388,45142980,back,FALSE,Back 1. Tomahawk Hayze,Tomahawk Hayze,0,3.10,-1.00,-1.00,0.48
16/11/2023,Harness,VIC,Kilmore,Darren And Brett Carroll,221257425,40878750,back,FALSE,Back 1. Buslin Brody,Buslin Brody,1,2.29,1.29,1.29,-1.00
16/11/2023,Harness,VIC,Kilmore,Darren And Brett Carroll,221257419,637890,lay,FALSE,Lay 5. Ivar,Ivar,0,3.35,0.43,-1.00,0.43
16/11/2023,Harness,VIC,Kilmore,Darren And Brett Carroll,221257421,49950132,back,FALSE,Back 7. Brookies Babe,Brookies Babe,0,6.17,-1.00,-1.00,0.19
16/11/2023,Harness,VIC,Kilmore,Darren And Brett Carroll,221257427,43167390,back,FALSE,Back 9. Momentum Swing,Momentum Swing,0,2.93,-1.00,-1.00,0.52
16/11/2023,Thoroughbred,VIC,Pakenham,Jackson Oldham,221257020,62809021,lay,FALSE,Lay 5. Onlygoldwilldo,Onlygoldwilldo,0,4.21,0.31,-1.00,0.31
16/11/2023,Thoroughbred,VIC,Pakenham,Jackson Oldham,221257041,62063993,back,FALSE,Back 9. Queen Starlight,Queen Starlight,0,3.02,-1.00,-1.00,0.50
16/11/2023,Thoroughbred,VIC,Pakenham,Linton Chataway,221257062,62809061,lay,FALSE,Lay 14. I Never Dreame,I Never Dreamed,0,5.31,0.23,-1.00,0.23
16/11/2023,Greyhounds,VIC,Sandown Park,Michael Tye,221303583,62433274,back,FALSE,Back 3. Urana Zoom,Urana Zoom,1,4.30,3.30,3.30,-1.00
16/11/2023,Greyhounds,VIC,Sandown Park,Michael Tye,221303563,46626083,lay,FALSE,Lay 2. Dundee Smokey,Dundee Smokey,0,4.80,0.26,-1.00,0.26
16/11/2023,Greyhounds,VIC,Sandown Park,Michael Tye,221303538,61489870,back,FALSE,Back 2. House Of Turbo,House Of Turbo,0,2.01,-1.00,-1.00,0.99
16/11/2023,Greyhounds,VIC,Sandown Park,Michael Tye,221303568,60607706,back,FALSE,Back 6. Smooth Plane,Smooth Plane,0,2.68,-1.00,-1.00,0.60
16/11/2023,Greyhounds,VIC,Sandown Park,Michael Tye,221303573,61288754,back,FALSE,Back 6. Whodat Shanlyn,Whodat Shanlyn,0,3.72,-1.00,-1.00,0.37
17/11/2023,Thoroughbred,NSW,Canterbury,Linton Chataway,221303658,62838910,back,FALSE,Back 1. Jagjit,Jagjit,1,1.68,0.68,0.68,-1.00
17/11/2023,Thoroughbred,NSW,Canterbury,Linton Chataway,221303666,62064494,back,FALSE,Back 13. Waterski,Waterski,0,7.20,-1.00,-1.00,0.16
17/11/2023,Thoroughbred,NSW,Canterbury,Linton Chataway,221303675,40752818,lay,FALSE,Lay 1. Money From The ,Money From The Sky,1,12.32,-1.00,11.32,-1.00
17/11/2023,Thoroughbred,NSW,Canterbury,Linton Chataway,221303688,53882871,back,FALSE,Back 5. Genetic Freak,Genetic Freak,0,3.58,-1.00,-1.00,0.39
17/11/2023,Harness,WA,Gloucester Park,Scott Hill,221294799,28646811,back,FALSE,Back 1. Longreach Bay,Longreach Bay,1,1.84,0.84,0.84,-1.00
17/11/2023,Harness,WA,Gloucester Park,Scott Hill,221294805,41553019,back,FALSE,Back 1. Rockmyster,Rockmyster,1,1.48,0.48,0.48,-1.00
17/11/2023,Harness,WA,Gloucester Park,Scott Hill,221294808,26790758,back,FALSE,Back 4. Steel The Show,Steel The Show,1,1.31,0.31,0.31,-1.00
17/11/2023,Harness,WA,Gloucester Park,Scott Hill,221294802,45120549,back,FALSE,Back 3. Mighthavtime,Mighthavtime,0,9.51,-1.00,-1.00,0.12
17/11/2023,Harness,WA,Gloucester Park,Scott Hill,221294811,52879564,back,FALSE,Back 4. Street Hawk,Street Hawk,0,6.77,-1.00,-1.00,0.17
17/11/2023,Harness,WA,Gloucester Park,Scott Hill,221294817,49280133,back,FALSE,Back 1. Stamford,Stamford,0,1.80,-1.00,-1.00,1.25
17/11/2023,Harness,WA,Gloucester Park,Scott Hill,221294820,61391449,back,FALSE,Back 8. Allaglow,Allaglow,0,11.00,-1.00,-1.00,0.10
17/11/2023,Harness,WA,Gloucester Park,Scott Hill,221294823,42424783,back,FALSE,Back 4. Bellezza Nera,Bellezza Nera,0,3.95,-1.00,-1.00,0.34
17/11/2023,Thoroughbred,TAS,Launceston,Steve Christie,221297488,62839236,back,FALSE,Back 2. Lordosis,Lordosis,1,3.29,2.29,2.29,-1.00
17/11/2023,Thoroughbred,TAS,Launceston,Steve Christie,221297482,62839228,back,FALSE,Back 8. Positive Press,Positive Press,1,1.94,0.94,0.94,-1.00
17/11/2023,Thoroughbred,TAS,Launceston,Steve Christie,221297494,62839251,back,FALSE,Back 9. Miss Chica Mala,Miss Chica Mala,0,8.01,-1.00,-1.00,0.14
17/11/2023,Thoroughbred,TAS,Launceston,Steve Christie,221297500,62839256,back,FALSE,Back 7. Crafty Boss,Crafty Boss,0,2.34,-1.00,-1.00,0.74
17/11/2023,Thoroughbred,TAS,Launceston,Steve Christie,221297506,36594155,back,FALSE,Back 5. Just A Tribute,Just A Tribute,0,6.02,-1.00,-1.00,0.20
17/11/2023,Thoroughbred,TAS,Launceston,Steve Christie,221297512,42392827,back,FALSE,Back 4. Better Than Bank,Better Than Banksy,0,12.50,-1.00,-1.00,0.09
17/11/2023,Thoroughbred,TAS,Launceston,Steve Christie,221297518,900498,back,FALSE,Back 3. Ensnare,Ensnare,0,16.66,-1.00,-1.00,0.06
17/11/2023,Thoroughbred,TAS,Launceston,Steve Christie,221297524,56053556,back,FALSE,Back 5. Geegees Hisword,Geegees Hisword,0,12.50,-1.00,-1.00,0.09
17/11/2023,Thoroughbred,TAS,Launceston,Steve Christie,221297530,4789085,back,FALSE,Back 3. Chicane,Chicane,0,5.60,-1.00,-1.00,0.22
17/11/2023,Thoroughbred,VIC,Moonee Valley,Daniel O'Sullivan,221297886,54138954,back,FALSE,Back 2. Let Fly,Let Fly,0,3.23,-1.00,-1.00,0.45
17/11/2023,Thoroughbred,VIC,Moonee Valley,Jackson Oldham,221297862,2142799,back,FALSE,Back 4. Jambalaya,Jambalaya,1,2.19,1.19,1.19,-1.00
17/11/2023,Thoroughbred,VIC,Moonee Valley,Jackson Oldham,221297894,62840239,lay,FALSE,Lay 9. Perovic,Perovic,0,8.60,0.13,-1.00,0.13
17/11/2023,Thoroughbred,VIC,Moonee Valley,Jackson Oldham,221297910,28276191,back,FALSE,Back 1. Mamaragan,Mamaragan,0,3.28,-1.00,-1.00,0.44
17/11/2023,Thoroughbred,VIC,Seymour,Glenn Ingram,221303901,62840106,back,FALSE,Back 8. Varane,Varane,1,2.79,1.79,1.79,-1.00
18/11/2023,Thoroughbred,WA,Ascot,Pros Vs Bookies,221304681,61594056,lay,FALSE,Lay 3. Oscars Fortune,Oscars Fortune,0,3.78,0.36,-1.00,0.36
18/11/2023,Thoroughbred,WA,Ascot,Terry Leighton,221304660,62841080,back,FALSE,Back 3. Keshi Boom,Keshi Boom,1,1.73,0.73,0.73,-1.00
18/11/2023,Thoroughbred,WA,Ascot,Terry Leighton,221304632,3583173,back,FALSE,Back 7. Mountain Ash,Mountain Ash,0,3.15,-1.00,-1.00,0.47
18/11/2023,Thoroughbred,WA,Ascot,Terry Leighton,221304639,53089449,back,FALSE,Back 2. Special Sort,Special Sort,0,5.61,-1.00,-1.00,0.22
18/11/2023,Thoroughbred,WA,Ascot,Terry Leighton,221304646,57626460,back,FALSE,Back 4. War Gem,War Gem,0,17.30,-1.00,-1.00,0.06
18/11/2023,Thoroughbred,WA,Ascot,Terry Leighton,221304653,26982598,back,FALSE,Back 2. Ginger Baker,Ginger Baker,0,17.00,-1.00,-1.00,0.06
18/11/2023,Thoroughbred,WA,Ascot,Terry Leighton,221304667,56528661,back,FALSE,Back 7. Duchess Of Gossi,Duchess Of Gossip,0,2.80,-1.00,-1.00,0.56
18/11/2023,Thoroughbred,WA,Ascot,Terry Leighton,221304674,49740863,back,FALSE,Back 6. My Bella Mae,My Bella Mae,0,3.71,-1.00,-1.00,0.37
18/11/2023,Thoroughbred,WA,Ascot,Terry Leighton,221304681,61594056,back,FALSE,Back 3. Oscars Fortune,Oscars Fortune,0,3.78,-1.00,-1.00,0.36
18/11/2023,Greyhounds,WA,Cannington,Jaycin Campbell,221392676,57593705,lay,FALSE,Lay 1. Molfetta Cruise,Molfetta Cruise,0,3.78,0.36,-1.00,0.36
18/11/2023,Greyhounds,WA,Cannington,Jaycin Campbell,221392666,61027965,back,FALSE,Back 2. Pepper Grinder,Pepper Grinder,0,2.90,-1.00,-1.00,0.53
18/11/2023,Greyhounds,WA,Cannington,Jaycin Campbell,221392681,53148880,back,FALSE,Back 4. Ninetymile Rose,Ninetymile Rose,0,2.23,-1.00,-1.00,0.81
18/11/2023,Greyhounds,WA,Cannington,Jaycin Campbell,221392701,62908760,back,FALSE,Back 7. Fish Finder,Fish Finder,0,9.65,-1.00,-1.00,0.12
18/11/2023,Thoroughbred,VIC,Caulfield,Bella Anderson,221297620,62840219,back,FALSE,Back 7. Claidheamh Mor,Claidheamh Mor,1,8.23,7.23,7.23,-1.00
18/11/2023,Thoroughbred,VIC,Caulfield,Bella Anderson,221297604,62840202,back,FALSE,Back 6. Joliestar,Joliestar,1,5.06,4.06,4.06,-1.00
18/11/2023,Thoroughbred,VIC,Caulfield,Bella Anderson,221297588,232626,back,FALSE,Back 4. Hypothetical,Hypothetical,1,4.71,3.71,3.71,-1.00
18/11/2023,Thoroughbred,VIC,Caulfield,Bella Anderson,221297564,41810010,back,FALSE,Back 11. Treporti,Treporti,0,5.80,-1.00,-1.00,0.21
18/11/2023,Thoroughbred,VIC,Caulfield,Bella Anderson,221297572,4034032,back,FALSE,Back 6. Maracana,Maracana,0,6.72,-1.00,-1.00,0.17
18/11/2023,Thoroughbred,VIC,Caulfield,Bella Anderson,221297580,62840186,back,FALSE,Back 7. Commemorative,Commemorative,0,4.18,-1.00,-1.00,0.31
18/11/2023,Thoroughbred,VIC,Caulfield,Bella Anderson,221297596,49514137,back,FALSE,Back 1. Arkansaw Kid,Arkansaw Kid,0,4.01,-1.00,-1.00,0.33
18/11/2023,Thoroughbred,VIC,Caulfield,Bella Anderson,221297612,62840206,back,FALSE,Back 2. I Am Me,I Am Me,0,7.08,-1.00,-1.00,0.16
18/11/2023,Thoroughbred,VIC,Caulfield,Bella Anderson,221297628,43350737,back,FALSE,Back 1. Queen Of The Bal,Queen Of The Ball,0,3.33,-1.00,-1.00,0.43
18/11/2023,Thoroughbred,VIC,Caulfield,Jackson Oldham,221297564,21933265,lay,FALSE,Lay 10. Forbidden City,Forbidden City,0,5.56,0.22,-1.00,0.22
18/11/2023,Thoroughbred,VIC,Caulfield,Jackson Oldham,221297628,50528449,back,FALSE,Back 2. She Dances,She Dances,0,2.71,-1.00,-1.00,0.58
18/11/2023,Thoroughbred,VIC,Caulfield,Pros Vs Bookies,221297588,62840192,lay,FALSE,Lay 11. Sghirripa,Sghirripa,0,2.89,0.53,-1.00,0.53
18/11/2023,Thoroughbred,VIC,Caulfield,Pros Vs Bookies,221297628,43350737,lay,FALSE,Lay 1. Queen Of The Ba,Queen Of The Ball,0,3.33,0.43,-1.00,0.43
18/11/2023,Thoroughbred,VIC,Caulfield,Pros Vs Bookies,221297580,62840188,lay,FALSE,Lay 12. Miraval Rose,Miraval Rose,0,3.62,0.38,-1.00,0.38
18/11/2023,Thoroughbred,VIC,Caulfield,Pros Vs Bookies,221297596,49514137,lay,FALSE,Lay 1. Arkansaw Kid,Arkansaw Kid,0,4.01,0.33,-1.00,0.33
18/11/2023,Thoroughbred,VIC,Caulfield,Pros Vs Bookies,221297580,62840186,lay,TRUE,Lay 7. Commemorative,Commemorative,0,4.18,0.31,-1.00,0.31
18/11/2023,Thoroughbred,VIC,Caulfield,Pros Vs Bookies,221297604,9291771,lay,FALSE,Lay 3. Skybird,Skybird,0,4.22,0.31,-1.00,0.31
18/11/2023,Thoroughbred,VIC,Caulfield,The Lay Back Team,221297628,8650839,back,FALSE,Back 3. Rose Quartz,Rose Quartz,1,6.91,5.91,5.91,-1.00
18/11/2023,Thoroughbred,VIC,Caulfield,The Lay Back Team,221297588,232626,back,FALSE,Back 4. Hypothetical,Hypothetical,1,4.71,3.71,3.71,-1.00
18/11/2023,Thoroughbred,VIC,Caulfield,The Lay Back Team,221297612,62840211,back,FALSE,Back 11. Magic Time,Magic Time,1,4.67,3.67,3.67,-1.00
18/11/2023,Thoroughbred,VIC,Caulfield,The Lay Back Team,221297588,62840192,lay,TRUE,Lay 11. Sghirripa,Sghirripa,0,2.89,0.53,-1.00,0.53
18/11/2023,Thoroughbred,VIC,Caulfield,The Lay Back Team,221297628,43350737,lay,FALSE,Lay 1. Queen Of The Ba,Queen Of The Ball,0,3.33,0.43,-1.00,0.43
18/11/2023,Thoroughbred,VIC,Caulfield,The Lay Back Team,221297580,61337181,back,FALSE,Back 1. De Sonic Boom,De Sonic Boom,0,19.50,-1.00,-1.00,0.05
18/11/2023,Thoroughbred,VIC,Caulfield,The Lay Back Team,221297580,62840186,back,FALSE,Back 7. Commemorative,Commemorative,0,4.18,-1.00,-1.00,0.31
18/11/2023,Thoroughbred,VIC,Caulfield,The Lay Back Team,221297596,49514137,back,TRUE,Back 1. Arkansaw Kid,Arkansaw Kid,0,4.01,-1.00,-1.00,0.33
18/11/2023,Thoroughbred,VIC,Caulfield,The Lay Back Team,221297596,51033101,back,FALSE,Back 3. Snapback,Snapback,0,6.00,-1.00,-1.00,0.20
18/11/2023,Thoroughbred,VIC,Caulfield,The Lay Back Team,221297604,62840199,back,FALSE,Back 1. Kimochi,Kimochi,0,12.38,-1.00,-1.00,0.09
18/11/2023,Thoroughbred,VIC,Caulfield,The Lay Back Team,221297604,62840200,back,FALSE,Back 2. Coeur Volante,Coeur Volante,0,4.00,-1.00,-1.00,0.33
18/11/2023,Thoroughbred,VIC,Caulfield,The Lay Back Team,221297612,54671089,back,FALSE,Back 1. Vilana,Vilana,0,13.81,-1.00,-1.00,0.08
18/11/2023,Thoroughbred,VIC,Caulfield,The Lay Back Team,221297612,62840207,back,FALSE,Back 3. Strait Acer,Strait Acer,0,15.82,-1.00,-1.00,0.07
18/11/2023,Thoroughbred,VIC,Caulfield,The Lay Back Team,221297612,62840209,back,FALSE,Back 6. The Inferno,The Inferno,0,37.01,-1.00,-1.00,0.03
18/11/2023,Thoroughbred,VIC,Caulfield,The Lay Back Team,221297620,58883347,back,FALSE,Back 3. Brayden Star,Brayden Star,0,6.99,-1.00,-1.00,0.17
18/11/2023,Thoroughbred,VIC,Caulfield,The Lay Back Team,221297620,62136097,back,TRUE,Back 5. Maktoob,Maktoob,0,5.47,-1.00,-1.00,0.22
18/11/2023,Thoroughbred,VIC,Caulfield,The Lay Back Team,221297620,62840221,back,FALSE,Back 10. Convener,Convener,0,14.34,-1.00,-1.00,0.07
18/11/2023,Thoroughbred,VIC,Caulfield,The Lay Back Team,221297620,62840225,back,FALSE,Back 14. Grand Pierro,Grand Pierro,0,26.70,-1.00,-1.00,0.04
18/11/2023,Thoroughbred,VIC,Caulfield,The Lay Back Team,221297628,50528449,back,FALSE,Back 2. She Dances,She Dances,0,2.71,-1.00,-1.00,0.58
18/11/2023,Thoroughbred,SA,Morphettville,Lachlan Mosley,221299186,58635473,back,FALSE,Back 4. Poison Chalice,Poison Chalice,1,2.00,1.00,1.00,-1.00
18/11/2023,Thoroughbred,SA,Morphettville,Lachlan Mosley,221299192,61336710,back,FALSE,Back 14. Zarkana,Zarkana,0,4.59,-1.00,-1.00,0.28
18/11/2023,Thoroughbred,SA,Morphettville,Lachlan Mosley,221299198,61631181,back,FALSE,Back 1. All So Clear,All So Clear,0,4.10,-1.00,-1.00,0.32
18/11/2023,Thoroughbred,SA,Morphettville,Lachlan Mosley,221299204,51454762,back,FALSE,Back 4. Lope De Wolf,Lope De Wolf,0,12.08,-1.00,-1.00,0.09
18/11/2023,Thoroughbred,SA,Morphettville,Lachlan Mosley,221299222,56905275,back,FALSE,Back 9. Second To Nun,Second To Nun,0,5.92,-1.00,-1.00,0.20
18/11/2023,Thoroughbred,SA,Morphettville,Pros Vs Bookies,221299216,62097843,lay,FALSE,Lay 10. Cherokee Miss,Cherokee Miss,0,6.80,0.17,-1.00,0.17
18/11/2023,Thoroughbred,NSW,Newcastle,Linton Chataway,221297693,42879437,lay,FALSE,Lay 1. Mazu,Mazu,0,3.25,0.45,-1.00,0.45
18/11/2023,Thoroughbred,NSW,Newcastle,Linton Chataway,221297661,62840277,lay,FALSE,Lay 2. Missy Moola,Missy Moola,0,18.02,0.06,-1.00,0.06
18/11/2023,Thoroughbred,NSW,Newcastle,Linton Chataway,221297637,703907,back,FALSE,Back 2. Market Magic,Market Magic,0,3.18,-1.00,-1.00,0.46
18/11/2023,Thoroughbred,NSW,Newcastle,Linton Chataway,221297669,49183195,back,FALSE,Back 12. Imintowin,Imintowin,0,2.18,-1.00,-1.00,0.85
18/11/2023,Thoroughbred,NSW,Newcastle,Linton Chataway,221297677,62840285,back,FALSE,Back 11. Andalus,Andalus,0,16.50,-1.00,-1.00,0.06
18/11/2023,Thoroughbred,NSW,Newcastle,Linton Chataway,221297685,62840292,back,FALSE,Back 9. Until Valhalla,Until Valhalla,0,6.83,-1.00,-1.00,0.17
18/11/2023,Thoroughbred,NSW,Newcastle,Pros Vs Bookies,221297686,2537241,lay,FALSE,Lay 1. Kintyre,Kintyre,1,2.42,-1.00,1.42,-1.00
18/11/2023,Thoroughbred,NSW,Newcastle,The Lay Back Team,221297685,62840292,lay,FALSE,Lay 9. Until Valhalla,Until Valhalla,0,6.83,0.17,-1.00,0.17
18/11/2023,Thoroughbred,NSW,Newcastle,The Lay Back Team,221297685,62326202,back,FALSE,Back 3. Invincible Spy,Invincible Spy,0,6.77,-1.00,-1.00,0.17
18/11/2023,Thoroughbred,NSW,Newcastle,The Lay Back Team,221297693,62840297,back,FALSE,Back 17. Military Expert,Military Expert,0,12.43,-1.00,-1.00,0.09
18/11/2023,Thoroughbred,QLD,Sunshine Coast,Shane Ciurleo,221298250,52900805,lay,FALSE,Lay 2. Felix The Scat,Felix The Scat,0,6.58,0.18,-1.00,0.18
18/11/2023,Thoroughbred,QLD,Sunshine Coast,Shane Ciurleo,221298243,52546184,back,FALSE,Back 5. Rising Pacific,Rising Pacific,0,2.47,-1.00,-1.00,0.68
18/11/2023,Thoroughbred,QLD,Sunshine Coast,Shane Ciurleo,221298285,55244367,back,FALSE,Back 4. Knights Choice,Knights Choice,0,3.75,-1.00,-1.00,0.36
18/11/2023,Thoroughbred,QLD,Sunshine Coast,Shane Ciurleo,221298292,40688401,back,FALSE,Back 1. Prince Of Boom,Prince Of Boom,0,3.31,-1.00,-1.00,0.43
19/11/2023,Thoroughbred,VIC,Donald,Glenn Ingram,221388142,50405529,back,FALSE,Back 3. Morpurgo,Morpurgo,0,3.61,-1.00,-1.00,0.38
19/11/2023,Thoroughbred,VIC,Geelong,Linton Chataway,221388225,41810007,lay,FALSE,Lay 8. Power Crunch,Power Crunch,0,3.52,0.40,-1.00,0.40
19/11/2023,Harness,TAS,Launceston,Jamie Cockshutt,221390731,59725699,back,FALSE,Back 4. Millies Creation,Millies Creation,1,3.44,2.44,2.44,-1.00
19/11/2023,Harness,TAS,Launceston,Jamie Cockshutt,221390735,44163643,back,FALSE,Back 1. Andaman Bay,Andaman Bay,1,2.22,1.22,1.22,-1.00
19/11/2023,Harness,TAS,Launceston,Jamie Cockshutt,221390725,55469870,back,FALSE,Back 2. Reely Nauti,Reely Nauti,1,1.39,0.39,0.39,-1.00
19/11/2023,Harness,TAS,Launceston,Jamie Cockshutt,221390723,38345328,back,FALSE,Back 4. De Goey,De Goey,1,1.18,0.18,0.18,-1.00
19/11/2023,Harness,TAS,Launceston,Jamie Cockshutt,221390739,52900454,back,FALSE,Back 4. Nyack,Nyack,1,1.10,0.10,0.10,-1.00
19/11/2023,Harness,TAS,Launceston,Jamie Cockshutt,221390729,54085819,back,FALSE,Back 10. Letsgobro,Letsgobro,0,3.23,-1.00,-1.00,0.45
19/11/2023,Harness,TAS,Launceston,Jamie Cockshutt,221390733,19239986,back,FALSE,Back 4. Villacci,Villacci,0,2.52,-1.00,-1.00,0.66
19/11/2023,Harness,TAS,Launceston,Jamie Cockshutt,221390737,62327624,back,FALSE,Back 7. Iden Lady Lincol,Iden Lady Lincoln,0,1.58,-1.00,-1.00,1.74
19/11/2023,Harness,TAS,Launceston,Jamie Cockshutt,221390741,42170723,back,FALSE,Back 4. Lafond,Lafond,0,2.37,-1.00,-1.00,0.73
19/11/2023,Thoroughbred,SA,Strathalbyn,Lachlan Mosley,221388212,42351052,back,FALSE,Back 5. Gogolf Guru,Gogolf Guru,1,9.55,8.55,8.55,-1.00
19/11/2023,Thoroughbred,SA,Strathalbyn,Lachlan Mosley,221388188,45942700,back,FALSE,Back 6. San Lucido,San Lucido,1,2.95,1.95,1.95,-1.00
19/11/2023,Thoroughbred,SA,Strathalbyn,Lachlan Mosley,221388176,62869202,back,FALSE,Back 2. Cararada,Cararada,0,1.65,-1.00,-1.00,1.54
19/11/2023,Thoroughbred,SA,Strathalbyn,Lachlan Mosley,221388206,62869222,back,FALSE,Back 2. Headphones,Headphones,0,3.67,-1.00,-1.00,0.37
19/11/2023,Thoroughbred,SA,Strathalbyn,Lachlan Mosley,221388218,62869228,back,FALSE,Back 3. The Ice Cutter,The Ice Cutter,0,8.67,-1.00,-1.00,0.13
20/11/2023,Greyhounds,VIC,Ballarat,Michael Tye,221471205,62990410,back,FALSE,Back 6. Miss Gravity,Miss Gravity,1,4.00,3.00,3.00,-1.00
20/11/2023,Greyhounds,VIC,Ballarat,Michael Tye,221471155,62990396,back,FALSE,Back 5. Coalman Jack,Coalman Jack,1,3.80,2.80,2.80,-1.00
20/11/2023,Greyhounds,VIC,Ballarat,Michael Tye,221471175,53720209,back,FALSE,Back 1. Talk Out Loud,Talk Out Loud,0,2.86,-1.00,-1.00,0.54
20/11/2023,Greyhounds,VIC,Ballarat,Michael Tye,221471190,55979085,back,FALSE,Back 7. Tinker Ken,Tinker Ken,0,3.64,-1.00,-1.00,0.38
20/11/2023,Greyhounds,VIC,Ballarat,Michael Tye,221471200,62990407,back,FALSE,Back 2. Lovisa Bale,Lovisa Bale,0,3.77,-1.00,-1.00,0.36
20/11/2023,Harness,VIC,Hamilton,Darren And Brett Carroll,221428189,2361976,back,FALSE,Back 2. Midnight Dancer,Midnight Dancer,1,1.36,0.36,0.36,-1.00
20/11/2023,Harness,VIC,Hamilton,Darren And Brett Carroll,221428201,643721,lay,FALSE,Lay 4. Flying Sparks,Flying Sparks,0,4.29,0.30,-1.00,0.30
21/11/2023,Harness,QLD,Albion Park,Ryan Spice,221467175,62145123,back,FALSE,Back 6. Darcys Fireball,Darcys Fireball,1,1.88,0.88,0.88,-1.00
21/11/2023,Harness,QLD,Albion Park,Ryan Spice,221467185,45329518,lay,FALSE,Lay 3. Catseye Beach,Catseye Beach,0,8.40,0.14,-1.00,0.14
21/11/2023,Harness,QLD,Albion Park,Ryan Spice,221467187,50397621,back,FALSE,Back 6. Bold Medley Jujo,Bold Medley Jujon,0,4.40,-1.00,-1.00,0.29
21/11/2023,Harness,WA,Gloucester Park,Scott Hill,221467216,49075833,back,FALSE,Back 6. Major Overs,Major Overs,0,1.82,-1.00,-1.00,1.22
21/11/2023,Harness,WA,Gloucester Park,Scott Hill,221467225,17995612,back,FALSE,Back 6. Rockaball,Rockaball,0,3.20,-1.00,-1.00,0.45
21/11/2023,Harness,WA,Gloucester Park,Scott Hill,221467228,62886481,back,FALSE,Back 11. Meraviglia,Meraviglia,0,5.20,-1.00,-1.00,0.24
21/11/2023,Harness,WA,Gloucester Park,Scott Hill,221467231,11379396,back,FALSE,Back 11. Montego,Montego,0,26.57,-1.00,-1.00,0.04
21/11/2023,Harness,WA,Gloucester Park,Scott Hill,221467234,44387362,back,FALSE,Back 8. Paster Tedesco,Paster Tedesco,0,2.51,-1.00,-1.00,0.66
21/11/2023,Harness,VIC,Mildura,Darren And Brett Carroll,221467169,42099172,back,FALSE,Back 7. Im Stuck Man,Im Stuck Man,1,10.27,9.27,9.27,-1.00
21/11/2023,Harness,VIC,Mildura,Darren And Brett Carroll,221467155,28309632,back,FALSE,Back 1. Feisty Phoebe,Feisty Phoebe,1,4.37,3.37,3.37,-1.00
21/11/2023,Harness,VIC,Mildura,Darren And Brett Carroll,221467167,8970965,back,FALSE,Back 4. Wonderforce,Wonderforce,1,3.10,2.10,2.10,-1.00
21/11/2023,Harness,VIC,Mildura,Darren And Brett Carroll,221467153,62869993,back,FALSE,Back 10. Houston Street,Houston Street,1,2.60,1.60,1.60,-1.00
21/11/2023,Harness,VIC,Mildura,Darren And Brett Carroll,221467157,48459232,back,FALSE,Back 11. Rio Rock,Rio Rock,1,2.08,1.08,1.08,-1.00
21/11/2023,Harness,VIC,Mildura,Darren And Brett Carroll,221467163,51251980,lay,FALSE,Lay 7. Just Burnforu,Just Burnforu,0,5.00,0.25,-1.00,0.25
21/11/2023,Harness,VIC,Mildura,Darren And Brett Carroll,221467173,52238339,back,FALSE,Back 6. Jay Miller,Jay Miller,0,3.35,-1.00,-1.00,0.43
21/11/2023,Thoroughbred,NSW,Newcastle,Linton Chataway,221458632,36058161,back,FALSE,Back 3. Shuri,Shuri,1,1.99,0.99,0.99,-1.00
21/11/2023,Thoroughbred,NSW,Newcastle,Linton Chataway,221458657,39890622,lay,FALSE,Lay 10. In A Step,In A Step,0,5.70,0.21,-1.00,0.21
21/11/2023,Thoroughbred,NSW,Newcastle,Linton Chataway,221458627,56904806,back,FALSE,Back 13. Razella,Razella,0,4.20,-1.00,-1.00,0.31
21/11/2023,Thoroughbred,NSW,Newcastle,Linton Chataway,221458642,61287732,back,FALSE,Back 8. Jared,Jared,0,1.81,-1.00,-1.00,1.23
21/11/2023,Thoroughbred,NSW,Newcastle,Linton Chataway,221458652,62907925,back,FALSE,Back 5. Divine Vicky,Divine Vicky,0,2.74,-1.00,-1.00,0.58
21/11/2023,Thoroughbred,QLD,Rockhampton,Linton Chataway,221467748,60857599,lay,FALSE,Lay 5. Nasha,Nasha,0,4.25,0.31,-1.00,0.31
22/11/2023,Thoroughbred,SA,Balaklava,Lachlan Mosley,221513045,62432376,back,FALSE,Back 4. Hit The Slopes,Hit The Slopes,1,1.61,0.61,0.61,-1.00
22/11/2023,Thoroughbred,SA,Balaklava,Lachlan Mosley,221513033,63025796,back,FALSE,Back 6. Alexein,Alexein,0,20.79,-1.00,-1.00,0.05
22/11/2023,Thoroughbred,SA,Balaklava,Lachlan Mosley,221513051,43154264,back,FALSE,Back 1. Fleurieu Flipper,Fleurieu Flipper,0,2.86,-1.00,-1.00,0.54
22/11/2023,Thoroughbred,SA,Balaklava,Lachlan Mosley,221513057,708483,back,FALSE,Back 1. Jimmys Edge,Jimmys Edge,0,4.11,-1.00,-1.00,0.32
22/11/2023,Thoroughbred,SA,Balaklava,Lachlan Mosley,221513063,48401522,back,FALSE,Back 7. Lotto Fight,Lotto Fight,0,4.63,-1.00,-1.00,0.28
22/11/2023,Thoroughbred,WA,Bunbury,Pros Vs Bookies,221520703,42400939,lay,FALSE,Lay 4. Hesket,Hesket,0,3.60,0.38,-1.00,0.38
22/11/2023,Thoroughbred,WA,Bunbury,Pros Vs Bookies,221520717,53185120,lay,FALSE,Lay 6. Stormy Tawny,Stormy Tawny,1,4.70,-1.00,3.70,-1.00
22/11/2023,Thoroughbred,QLD,Doomben,Pros Vs Bookies,221515412,63026785,lay,FALSE,Lay 10. Leitzel,Leitzel,0,5.80,0.21,-1.00,0.21
22/11/2023,Thoroughbred,TAS,Launceston,Steve Christie,221515868,56872925,back,FALSE,Back 14. Kaboom Kaboom,Kaboom Kaboom,1,7.43,6.43,6.43,-1.00
22/11/2023,Thoroughbred,TAS,Launceston,Steve Christie,221515893,44966287,back,FALSE,Back 5. Romanesco Fresco,Romanesco Fresco,1,5.25,4.25,4.25,-1.00
22/11/2023,Thoroughbred,TAS,Launceston,Steve Christie,221515873,11151476,back,FALSE,Back 6. Thelma,Thelma,1,4.97,3.97,3.97,-1.00
22/11/2023,Thoroughbred,TAS,Launceston,Steve Christie,221515888,58371413,back,FALSE,Back 1. Capital Cheval,Capital Cheval,1,2.50,1.50,1.50,-1.00
22/11/2023,Thoroughbred,TAS,Launceston,Steve Christie,221515858,52204767,back,FALSE,Back 3. Johnnie Pinch,Johnnie Pinch,0,7.33,-1.00,-1.00,0.16
22/11/2023,Thoroughbred,TAS,Launceston,Steve Christie,221515863,50528221,back,FALSE,Back 3. Rohzhae,Rohzhae,0,2.99,-1.00,-1.00,0.50
22/11/2023,Thoroughbred,TAS,Launceston,Steve Christie,221515878,50294181,back,FALSE,Back 2. Coup De Spry,Coup De Spry,0,4.84,-1.00,-1.00,0.26
22/11/2023,Thoroughbred,TAS,Launceston,Steve Christie,221515883,19965275,back,FALSE,Back 4. Arty Lucas,Arty Lucas,0,15.00,-1.00,-1.00,0.07
22/11/2023,Greyhounds,QLD,Rockhampton,Jaycin Campbell,221571160,54867524,lay,FALSE,Lay 7. Kingsbrae Smoke,Kingsbrae Smokey,0,1.99,1.01,-1.00,1.01
22/11/2023,Greyhounds,QLD,Rockhampton,Jaycin Campbell,221571115,63052869,back,FALSE,Back 3. Perfect Nando,Perfect Nando,0,12.00,-1.00,-1.00,0.09
22/11/2023,Greyhounds,QLD,Rockhampton,Jaycin Campbell,221571125,39499469,back,FALSE,Back 2. Five Putt Cal,Five Putt Cal,0,3.35,-1.00,-1.00,0.43
22/11/2023,Greyhounds,QLD,Rockhampton,Jaycin Campbell,221571130,49268746,back,FALSE,Back 6. Burnt Me,Burnt Me,0,4.98,-1.00,-1.00,0.25
22/11/2023,Greyhounds,QLD,Rockhampton,Jaycin Campbell,221571145,47612953,back,FALSE,Back 5. White Like Snow,White Like Snow,0,2.88,-1.00,-1.00,0.53
22/11/2023,Thoroughbred,VIC,Sandown,Glenn Ingram,221515343,63026421,back,FALSE,Back 3. Alectrona,Alectrona,0,2.11,-1.00,-1.00,0.90
22/11/2023,Thoroughbred,VIC,Sandown,Jackson Oldham,221515335,6587158,lay,FALSE,Lay 9. Long Lost Frien,Long Lost Friend,0,12.50,0.09,-1.00,0.09
22/11/2023,Thoroughbred,VIC,Sandown,Jackson Oldham,221515343,63026421,back,FALSE,Back 3. Alectrona,Alectrona,0,2.11,-1.00,-1.00,0.90
22/11/2023,Thoroughbred,VIC,Sandown,Pros Vs Bookies,221515327,4166384,lay,FALSE,Lay 8. Elba,Elba,0,3.74,0.36,-1.00,0.36
22/11/2023,Thoroughbred,VIC,Sandown,Pros Vs Bookies,221515335,6112510,lay,TRUE,Lay 6. Sisterhood,Sisterhood,1,2.44,-1.00,1.44,-1.00
22/11/2023,Greyhounds,VIC,The Meadows,Michael Tye,221572142,63052833,back,FALSE,Back 1. Red Dirt Road,Red Dirt Road,1,2.32,1.32,1.32,-1.00
22/11/2023,Greyhounds,VIC,The Meadows,Michael Tye,221572182,63052850,lay,FALSE,Lay 1. Bomb Murt,Bomb Murt,1,3.37,-1.00,2.37,-1.00
22/11/2023,Greyhounds,VIC,The Meadows,Michael Tye,221572197,51203538,back,FALSE,Back 1. Creditor,Creditor,0,6.23,-1.00,-1.00,0.19
22/11/2023,Thoroughbred,NSW,Warwick Farm,Linton Chataway,221515957,63026459,back,FALSE,Back 8. Accredited,Accredited,1,4.09,3.09,3.09,-1.00
22/11/2023,Thoroughbred,NSW,Warwick Farm,Linton Chataway,221515933,16166994,lay,FALSE,Lay 3. First Light,First Light,0,7.18,0.16,-1.00,0.16
22/11/2023,Thoroughbred,NSW,Warwick Farm,Linton Chataway,221515917,25109409,back,FALSE,Back 1. Le Parrain,Le Parrain,0,2.34,-1.00,-1.00,0.75
22/11/2023,Thoroughbred,NSW,Warwick Farm,Linton Chataway,221515949,63026455,back,FALSE,Back 3. Silent Raindrops,Silent Raindrops,0,4.90,-1.00,-1.00,0.26
22/11/2023,Thoroughbred,NSW,Warwick Farm,Pros Vs Bookies,221515925,62840291,lay,TRUE,Lay 7. Heads You Lose,Heads You Lose,1,3.06,-1.00,2.06,-1.00
22/11/2023,Thoroughbred,NSW,Warwick Farm,Pros Vs Bookies,221515933,1062594,lay,TRUE,Lay 2. Fathers Day,Fathers Day,1,3.00,-1.00,2.00,-1.00
23/11/2023,Thoroughbred,VIC,Ballarat,Jackson Oldham,221566833,63052255,lay,FALSE,Lay 3. Gin Oclock,Gin Oclock,0,5.37,0.23,-1.00,0.23
23/11/2023,Thoroughbred,VIC,Ballarat,Jackson Oldham,221566791,63052234,back,FALSE,Back 9. Sistine Tunnel,Sistine Tunnel,0,2.00,-1.00,-1.00,1.00
23/11/2023,Thoroughbred,NSW,Hawkesbury,Linton Chataway,221566767,57916099,lay,FALSE,Lay 4. Andronicus,Andronicus,0,4.70,0.27,-1.00,0.27
23/11/2023,Thoroughbred,NSW,Hawkesbury,Linton Chataway,221566752,50739529,lay,FALSE,Lay 2. Last Ditch Effo,Last Ditch Effort,0,13.00,0.08,-1.00,0.08
23/11/2023,Thoroughbred,NSW,Hawkesbury,Linton Chataway,221566777,63052219,back,FALSE,Back 8. Our Lady Stardus,Our Lady Stardust,0,10.00,-1.00,-1.00,0.11
23/11/2023,Thoroughbred,QLD,Ipswich,Linton Chataway,221567979,54705175,lay,FALSE,Lay 4. Glen Massey,Glen Massey,0,8.37,0.14,-1.00,0.14
23/11/2023,Harness,VIC,Shepparton,Darren And Brett Carroll,221571100,61671151,back,FALSE,Back 9. Michen Roy,Michen Roy,1,6.60,5.60,5.60,-1.00
23/11/2023,Harness,VIC,Shepparton,Darren And Brett Carroll,221571090,63027338,back,FALSE,Back 12. Rock The Tablea,Rock The Tableau,1,2.61,1.61,1.61,-1.00
23/11/2023,Harness,VIC,Shepparton,Darren And Brett Carroll,221571104,45591581,back,FALSE,Back 7. Crookwell Eyes,Crookwell Eyes,1,2.15,1.15,1.15,-1.00
23/11/2023,Harness,VIC,Shepparton,Darren And Brett Carroll,221571092,54975032,back,FALSE,Back 1. Caesar Nero,Caesar Nero,1,1.66,0.66,0.66,-1.00
23/11/2023,Harness,VIC,Shepparton,Darren And Brett Carroll,221571094,63027345,back,FALSE,Back 2. Our Ultimate Gra,Our Ultimate Gracy,1,1.42,0.42,0.42,-1.00
23/11/2023,Harness,VIC,Shepparton,Darren And Brett Carroll,221571098,10984497,lay,FALSE,Lay 7. John Wayne,John Wayne,1,3.77,-1.00,2.77,-1.00
24/11/2023,Thoroughbred,NSW,Canterbury,Linton Chataway,221601455,62685273,back,FALSE,Back 4. Tannenburg,Tannenburg,1,7.20,6.20,6.20,-1.00
24/11/2023,Thoroughbred,NSW,Canterbury,Linton Chataway,221601479,44508595,back,FALSE,Back 3. Buillt,Buillt,1,4.00,3.00,3.00,-1.00
24/11/2023,Thoroughbred,NSW,Canterbury,Linton Chataway,221601495,2580402,lay,FALSE,Lay 8. Euros,Euros,0,6.06,0.20,-1.00,0.20
24/11/2023,Thoroughbred,NSW,Canterbury,Linton Chataway,221601447,63084462,back,FALSE,Back 5. So Outrageous,So Outrageous,0,6.65,-1.00,-1.00,0.18
24/11/2023,Harness,WA,Gloucester Park,Scott Hill,221604910,35818906,back,FALSE,Back 1. Simply Shaz,Simply Shaz,1,23.31,22.31,22.31,-1.00
24/11/2023,Harness,WA,Gloucester Park,Scott Hill,221604898,63057820,back,FALSE,Back 9. Hotly Pursued,Hotly Pursued,1,2.49,1.49,1.49,-1.00
24/11/2023,Harness,WA,Gloucester Park,Scott Hill,221604904,10542241,back,FALSE,Back 1. Mr Fantastic,Mr Fantastic,1,2.01,1.01,1.01,-1.00
24/11/2023,Harness,WA,Gloucester Park,Scott Hill,221604919,32635980,back,FALSE,Back 1. Our Shelley Beac,Our Shelley Beach,1,1.91,0.91,0.91,-1.00
24/11/2023,Harness,WA,Gloucester Park,Scott Hill,221604901,42770278,back,FALSE,Back 1. Me Flash,Me Flash,0,2.76,-1.00,-1.00,0.57
24/11/2023,Harness,WA,Gloucester Park,Scott Hill,221604907,28646802,back,FALSE,Back 5. Arma Einstein,Arma Einstein,0,4.18,-1.00,-1.00,0.31
24/11/2023,Harness,WA,Gloucester Park,Scott Hill,221604916,42353290,back,FALSE,Back 7. Whos The Dad,Whos The Dad,0,7.00,-1.00,-1.00,0.17
24/11/2023,Harness,WA,Gloucester Park,Scott Hill,221604922,37467312,back,FALSE,Back 4. Luvaflair,Luvaflair,0,3.60,-1.00,-1.00,0.38
24/11/2023,Harness,WA,Gloucester Park,Scott Hill,221604925,51819113,back,FALSE,Back 4. Water Lou,Water Lou,0,1.42,-1.00,-1.00,2.40
24/11/2023,Thoroughbred,VIC,Moonee Valley,Daniel O'Sullivan,221599855,61522401,back,FALSE,Back 1. Chimed,Chimed,0,4.22,-1.00,-1.00,0.31
24/11/2023,Thoroughbred,QLD,Sunshine Coast,Shane Ciurleo,221600209,39880405,lay,FALSE,Lay 10. Kudu,Kudu,0,10.00,0.11,-1.00,0.11
24/11/2023,Greyhounds,VIC,The Meadows,Michael Tye,221643665,50758679,back,FALSE,Back 6. Ike Bale,Ike Bale,1,4.75,3.75,3.75,-1.00
24/11/2023,Greyhounds,VIC,The Meadows,Michael Tye,221643675,57339468,back,FALSE,Back 6. Stomping,Stomping,1,1.86,0.86,0.86,-1.00
24/11/2023,Greyhounds,VIC,The Meadows,Michael Tye,221643660,55165695,lay,FALSE,Lay 3. Do That Easy,Do That Easy,0,6.94,0.17,-1.00,0.17
24/11/2023,Greyhounds,VIC,The Meadows,Michael Tye,221643655,60780054,back,FALSE,Back 5. Aunt Virginia,Aunt Virginia,0,1.94,-1.00,-1.00,1.07
24/11/2023,Greyhounds,VIC,The Meadows,Michael Tye,221643705,54266116,back,FALSE,Back 3. Got Rhythm,Got Rhythm,0,2.04,-1.00,-1.00,0.96
24/11/2023,Thoroughbred,VIC,Wodonga,Glenn Ingram,221600017,63084398,back,FALSE,Back 3. Manalore,Manalore,0,8.70,-1.00,-1.00,0.13
25/11/2023,Harness,QLD,Albion Park,Ryan Spice,221644233,51640222,back,FALSE,Back 3. Delta Three,Delta Three,1,4.87,3.87,3.87,-1.00
25/11/2023,Harness,QLD,Albion Park,Ryan Spice,221644239,35909832,lay,FALSE,Lay 4. Aphrodite,Aphrodite,0,4.95,0.25,-1.00,0.25
25/11/2023,Harness,QLD,Albion Park,Ryan Spice,221644230,49380813,back,FALSE,Back 9. Chiseled,Chiseled,0,7.29,-1.00,-1.00,0.16
25/11/2023,Harness,QLD,Albion Park,Ryan Spice,221644239,35909832,back,FALSE,Back 4. Aphrodite,Aphrodite,0,4.95,-1.00,-1.00,0.25
25/11/2023,Thoroughbred,WA,Ascot,Pros Vs Bookies,221606208,47841902,lay,FALSE,Lay 5. Roots,Roots,0,6.60,0.18,-1.00,0.18
25/11/2023,Thoroughbred,WA,Ascot,Terry Leighton,221606173,964447,back,FALSE,Back 1. Bruce Almighty,Bruce Almighty,0,5.00,-1.00,-1.00,0.25
25/11/2023,Thoroughbred,WA,Ascot,Terry Leighton,221606180,63085677,back,FALSE,Back 11. Something Royal,Something Royal,0,3.55,-1.00,-1.00,0.39
25/11/2023,Thoroughbred,WA,Ascot,Terry Leighton,221606187,38765207,back,FALSE,Back 1. Casino Seventeen,Casino Seventeen,0,2.69,-1.00,-1.00,0.59
25/11/2023,Thoroughbred,WA,Ascot,Terry Leighton,221606194,8681499,back,FALSE,Back 9. Big Screen,Big Screen,0,9.99,-1.00,-1.00,0.11
25/11/2023,Thoroughbred,WA,Ascot,Terry Leighton,221606208,24442732,back,FALSE,Back 2. Marocchino,Marocchino,0,24.65,-1.00,-1.00,0.04
25/11/2023,Thoroughbred,WA,Ascot,Terry Leighton,221606215,63085692,back,FALSE,Back 19. Celebrity Princ,Celebrity Prince,0,6.80,-1.00,-1.00,0.17
25/11/2023,Thoroughbred,WA,Ascot,The Lay Back Team,221606208,47638098,lay,FALSE,Lay 7. Alsephina,Alsephina,0,3.78,0.36,-1.00,0.36
25/11/2023,Greyhounds,WA,Cannington,Jaycin Campbell,221679891,54901701,back,FALSE,Back 8. Flying Freda,Flying Freda,1,1.46,0.46,0.46,-1.00
25/11/2023,Greyhounds,WA,Cannington,Jaycin Campbell,221679881,51657496,back,FALSE,Back 1. Couch Surfer,Couch Surfer,1,1.42,0.42,0.42,-1.00
25/11/2023,Greyhounds,WA,Cannington,Jaycin Campbell,221679871,49396487,back,FALSE,Back 4. Golden Chopstick,Golden Chopstick,0,10.21,-1.00,-1.00,0.11
25/11/2023,Greyhounds,WA,Cannington,Jaycin Campbell,221679901,62559274,lay,FALSE,Lay 3. Sunset Mayhem,Sunset Mayhem,1,3.41,-1.00,2.41,-1.00
25/11/2023,Thoroughbred,VIC,Cranbourne,Glenn Ingram,221602490,63085173,back,FALSE,Back 5. Jimmysstar,Jimmysstar,1,2.55,1.55,1.55,-1.00
25/11/2023,Thoroughbred,VIC,Cranbourne,The Lay Back Team,221602483,41034868,lay,FALSE,Lay 7. Lord Vladivosto,Lord Vladivostok,0,6.56,0.18,-1.00,0.18
25/11/2023,Thoroughbred,VIC,Cranbourne,The Lay Back Team,221602418,63085143,back,FALSE,Back 1. Warmonger,Warmonger,0,2.76,-1.00,-1.00,0.57
25/11/2023,Thoroughbred,VIC,Cranbourne,The Lay Back Team,221602426,61337567,back,FALSE,Back 2. Wiggum,Wiggum,0,3.43,-1.00,-1.00,0.41
25/11/2023,Thoroughbred,VIC,Cranbourne,The Lay Back Team,221602434,56321705,back,FALSE,Back 4. Kazou,Kazou,0,1.71,-1.00,-1.00,1.41
25/11/2023,Thoroughbred,VIC,Cranbourne,The Lay Back Team,221602442,60987394,back,FALSE,Back 1. Wertheimer,Wertheimer,0,8.76,-1.00,-1.00,0.13
25/11/2023,Thoroughbred,VIC,Cranbourne,The Lay Back Team,221602450,45919357,back,FALSE,Back 8. Zou Sensation,Zou Sensation,0,8.00,-1.00,-1.00,0.14
25/11/2023,Thoroughbred,VIC,Cranbourne,The Lay Back Team,221602458,63085161,back,FALSE,Back 11. Free Willed,Free Willed,0,2.88,-1.00,-1.00,0.53
25/11/2023,Thoroughbred,VIC,Cranbourne,The Lay Back Team,221602466,63085165,back,FALSE,Back 10. Glentaneous,Glentaneous,0,6.40,-1.00,-1.00,0.19
25/11/2023,Thoroughbred,VIC,Cranbourne,The Lay Back Team,221602474,42218007,back,FALSE,Back 10. Alicia Roma,Alicia Roma,0,20.66,-1.00,-1.00,0.05
25/11/2023,Thoroughbred,VIC,Cranbourne,The Lay Back Team,221602482,5414244,back,FALSE,Back 6. Umgawa,Umgawa,0,13.50,-1.00,-1.00,0.08
25/11/2023,Thoroughbred,VIC,Cranbourne,The Lay Back Team,221602490,63085173,lay,FALSE,Lay 5. Jimmysstar,Jimmysstar,1,2.55,-1.00,1.55,-1.00
25/11/2023,Thoroughbred,QLD,Doomben,Pros Vs Bookies,221602878,56321621,lay,FALSE,Lay 1. Golden Decade,Golden Decade,0,2.41,0.71,-1.00,0.71
25/11/2023,Thoroughbred,QLD,Doomben,Pros Vs Bookies,221602924,63085044,lay,FALSE,Lay 17. Liquor,Liquor,0,3.78,0.36,-1.00,0.36
25/11/2023,Thoroughbred,QLD,Doomben,Pros Vs Bookies,221602906,63085036,lay,FALSE,Lay 13. Zarastro,Zarastro,1,3.52,-1.00,2.52,-1.00
25/11/2023,Thoroughbred,QLD,Doomben,Shane Ciurleo,221602924,63085044,lay,FALSE,Lay 17. Liquor,Liquor,0,3.78,0.36,-1.00,0.36
25/11/2023,Thoroughbred,QLD,Doomben,Shane Ciurleo,221602857,51636208,back,FALSE,Back 4. I Am The Empire,I Am The Empire,0,4.05,-1.00,-1.00,0.33
25/11/2023,Thoroughbred,QLD,Doomben,Shane Ciurleo,221602864,63085020,back,FALSE,Back 5. Mishani Ego,Mishani Ego,0,3.16,-1.00,-1.00,0.46
25/11/2023,Thoroughbred,QLD,Doomben,Shane Ciurleo,221602885,42195138,back,FALSE,Back 3. Midnight In Toky,Midnight In Tokyo,0,1.82,-1.00,-1.00,1.22
25/11/2023,Thoroughbred,QLD,Doomben,Shane Ciurleo,221602892,49088468,back,FALSE,Back 14. Madame Odette,Madame Odette,0,3.10,-1.00,-1.00,0.48
25/11/2023,Thoroughbred,QLD,Doomben,Shane Ciurleo,221602906,63085036,lay,FALSE,Lay 13. Zarastro,Zarastro,1,3.52,-1.00,2.52,-1.00
25/11/2023,Thoroughbred,NSW,Kembla Grange,Linton Chataway,221601900,53148332,lay,FALSE,Lay 3. Osipenko,Osipenko,0,4.49,0.29,-1.00,0.29
25/11/2023,Thoroughbred,NSW,Kembla Grange,Linton Chataway,221601892,2785676,back,FALSE,Back 11. Deficit,Deficit,0,10.64,-1.00,-1.00,0.10
25/11/2023,Thoroughbred,NSW,Kembla Grange,Pros Vs Bookies,221601860,48821329,lay,FALSE,Lay 2. Tribeca Star,Tribeca Star,0,4.09,0.32,-1.00,0.32
25/11/2023,Thoroughbred,NSW,Kembla Grange,Pros Vs Bookies,221601908,45942858,lay,FALSE,Lay 12. Brudenell,Brudenell,0,8.60,0.13,-1.00,0.13
25/11/2023,Thoroughbred,NSW,Kembla Grange,The Lay Back Team,221601868,55782015,back,FALSE,Back 3. With Your Blessi,With Your Blessing,1,4.10,3.10,3.10,-1.00
25/11/2023,Thoroughbred,NSW,Kembla Grange,The Lay Back Team,221601892,2785676,back,FALSE,Back 11. Deficit,Deficit,0,10.64,-1.00,-1.00,0.10
25/11/2023,Thoroughbred,NSW,Kembla Grange,The Lay Back Team,221601900,53148332,back,FALSE,Back 3. Osipenko,Osipenko,0,4.49,-1.00,-1.00,0.29
25/11/2023,Thoroughbred,NSW,Kembla Grange,The Lay Back Team,221601916,63084603,back,FALSE,Back 5. Headwall,Headwall,0,3.75,-1.00,-1.00,0.36
25/11/2023,Thoroughbred,NSW,Kembla Grange,The Lay Back Team,221601916,63084603,back,FALSE,Back 5. Headwall,Headwall,0,3.75,-1.00,-1.00,0.36
25/11/2023,Harness,VIC,Melton,Darren And Brett Carroll,221644361,61862255,back,FALSE,Back 1. Like A Wildfire,Like A Wildfire,1,3.87,2.87,2.87,-1.00
25/11/2023,Harness,VIC,Melton,Darren And Brett Carroll,221644370,63052556,back,FALSE,Back 5. Timmy Rictor,Timmy Rictor,1,1.70,0.70,0.70,-1.00
25/11/2023,Harness,VIC,Melton,Darren And Brett Carroll,221644373,62433940,back,FALSE,Back 2. Very Pretty,Very Pretty,1,1.68,0.68,0.68,-1.00
25/11/2023,Harness,VIC,Melton,Darren And Brett Carroll,221644382,63052583,lay,FALSE,Lay 8. Maximus Meridiu,Maximus Meridius,0,6.19,0.19,-1.00,0.19
25/11/2023,Harness,VIC,Melton,Darren And Brett Carroll,221644367,60735788,lay,FALSE,Lay 11. Shes Ruby Roo,Shes Ruby Roo,0,15.15,0.07,-1.00,0.07
25/11/2023,Harness,VIC,Melton,Darren And Brett Carroll,221644364,54176108,back,FALSE,Back 5. Watts Up Partyti,Watts Up Partytime,0,17.33,-1.00,-1.00,0.06
25/11/2023,Harness,VIC,Melton,Darren And Brett Carroll,221644376,58212365,back,FALSE,Back 2. Oliver Dan,Oliver Dan,0,1.74,-1.00,-1.00,1.35
25/11/2023,Harness,VIC,Melton,Darren And Brett Carroll,221644379,3256528,back,FALSE,Back 4. Joyful,Joyful,0,2.96,-1.00,-1.00,0.51
25/11/2023,Harness,VIC,Melton,Darren And Brett Carroll,221644385,40866201,back,FALSE,Back 5. Third Eye,Third Eye,0,7.05,-1.00,-1.00,0.17
25/11/2023,Harness,VIC,Melton,Darren And Brett Carroll,221644388,37047781,back,FALSE,Back 7. Treachery,Treachery,0,1.22,-1.00,-1.00,4.46
25/11/2023,Thoroughbred,SA,Morphettville,Lachlan Mosley,221601733,63084158,back,FALSE,Back 5. Anotherhouse,Anotherhouse,0,7.57,-1.00,-1.00,0.15
25/11/2023,Thoroughbred,SA,Morphettville,Lachlan Mosley,221601745,62839142,back,FALSE,Back 3. En Francais,En Francais,0,3.71,-1.00,-1.00,0.37
25/11/2023,Thoroughbred,SA,Morphettville,Lachlan Mosley,221601751,63084161,back,FALSE,Back 1. The Map,The Map,0,2.98,-1.00,-1.00,0.50
25/11/2023,Thoroughbred,SA,Morphettville,Lachlan Mosley,221601763,40336723,back,FALSE,Back 3. My Khalifa,My Khalifa,0,14.73,-1.00,-1.00,0.07
25/11/2023,Thoroughbred,SA,Morphettville,Lachlan Mosley,221601769,62432411,back,FALSE,Back 8. Second To Nun,Second To Nun,0,3.42,-1.00,-1.00,0.41
25/11/2023,Thoroughbred,SA,Morphettville,Pros Vs Bookies,221601745,62839142,lay,FALSE,Lay 3. En Francais,En Francais,0,3.71,0.37,-1.00,0.37
25/11/2023,Thoroughbred,SA,Morphettville,Pros Vs Bookies,221601751,63084162,lay,FALSE,Lay 6. Whatsanamegeorg,Whatsanamegeorge,0,4.25,0.31,-1.00,0.31
25/11/2023,Thoroughbred,SA,Morphettville,The Lay Back Team,221601751,63084161,back,FALSE,Back 1. The Map,The Map,0,2.98,-1.00,-1.00,0.50
25/11/2023,Greyhounds,VIC,Sandown Park,Michael Tye,221675327,52272996,back,FALSE,Back 2. Get Ready Dora,Get Ready Dora,1,10.50,9.50,9.50,-1.00
25/11/2023,Greyhounds,VIC,Sandown Park,Michael Tye,221675372,50141507,lay,FALSE,Lay 8. Postman Pat,Postman Pat,0,3.34,0.43,-1.00,0.43
25/11/2023,Greyhounds,VIC,Sandown Park,Michael Tye,221675342,50758667,back,FALSE,Back 7. Rippin Grace,Rippin Grace,0,3.60,-1.00,-1.00,0.38
25/11/2023,Greyhounds,VIC,Sandown Park,Michael Tye,221675357,56576645,back,FALSE,Back 4. Jay Is Jay,Jay Is Jay,0,5.45,-1.00,-1.00,0.22
25/11/2023,Greyhounds,VIC,Sandown Park,Michael Tye,221675367,55534033,back,FALSE,Back 3. Rocket Riot,Rocket Riot,0,3.67,-1.00,-1.00,0.37
25/11/2023,Greyhounds,VIC,Sandown Park,Michael Tye,221675377,57916856,back,FALSE,Back 3. Victa Damian,Victa Damian,0,3.15,-1.00,-1.00,0.47
25/11/2023,Greyhounds,VIC,Sandown Park,Michael Tye,221675382,53914453,back,FALSE,Back 3. Transponder,Transponder,0,4.58,-1.00,-1.00,0.28
26/11/2023,Thoroughbred,VIC,Kilmore,Chris Camilleri,221674319,61557456,back,FALSE,Back 2. Fighting Edge,Fighting Edge,0,4.40,-1.00,-1.00,0.29
26/11/2023,Harness,TAS,Launceston,Jamie Cockshutt,221677392,43332359,back,FALSE,Back 1. Mickey Oh,Mickey Oh,1,3.91,2.91,2.91,-1.00
26/11/2023,Harness,TAS,Launceston,Jamie Cockshutt,221677384,22733909,back,FALSE,Back 10. Juniper,Juniper,1,3.38,2.38,2.38,-1.00
26/11/2023,Harness,TAS,Launceston,Jamie Cockshutt,221677388,36331489,back,FALSE,Back 10. Major Moth,Major Moth,1,1.97,0.97,0.97,-1.00
26/11/2023,Harness,TAS,Launceston,Jamie Cockshutt,221677394,42588582,back,FALSE,Back 2. Grinning Again,Grinning Again,1,1.31,0.31,0.31,-1.00
26/11/2023,Harness,TAS,Launceston,Jamie Cockshutt,221677382,46279353,back,FALSE,Back 1. Imhooked,Imhooked,0,6.71,-1.00,-1.00,0.18
26/11/2023,Harness,TAS,Launceston,Jamie Cockshutt,221677386,2211288,back,FALSE,Back 9. Galaxy Dancer,Galaxy Dancer,0,6.40,-1.00,-1.00,0.19
26/11/2023,Harness,TAS,Launceston,Jamie Cockshutt,221677390,28161330,back,FALSE,Back 9. Smooth Deal,Smooth Deal,0,4.30,-1.00,-1.00,0.30
26/11/2023,Harness,TAS,Launceston,Jamie Cockshutt,221677396,36321893,back,FALSE,Back 8. Nova Baxter,Nova Baxter,0,3.08,-1.00,-1.00,0.48
26/11/2023,Harness,TAS,Launceston,Jamie Cockshutt,221677398,62810125,back,FALSE,Back 2. Dontpushmebutton,Dontpushmebuttons,0,2.40,-1.00,-1.00,0.71
26/11/2023,Harness,TAS,Launceston,Jamie Cockshutt,221677400,37582029,back,FALSE,Back 2. Hy Leinvincible,Hy Leinvincible,0,2.18,-1.00,-1.00,0.84
26/11/2023,Thoroughbred,QLD,Sunshine Coast,Linton Chataway,221674128,61337259,lay,FALSE,Lay 1. Octavio,Octavio,0,14.26,0.08,-1.00,0.08
26/11/2023,Thoroughbred,VIC,Swan Hill,Glenn Ingram,221674077,6240137,back,FALSE,Back 9. Miami Vice,Miami Vice,0,1.75,-1.00,-1.00,1.33
27/11/2023,Greyhounds,VIC,Ballarat,Michael Tye,221765741,41860203,back,FALSE,Back 2. Omaha Bale,Omaha Bale,1,3.68,2.68,2.68,-1.00
27/11/2023,Greyhounds,VIC,Ballarat,Michael Tye,221765716,63262501,back,FALSE,Back 3. Shores Pick,Shores Pick,1,2.60,1.60,1.60,-1.00
27/11/2023,Greyhounds,VIC,Ballarat,Michael Tye,221765756,61631856,lay,FALSE,Lay 6. Cornhill Raven,Cornhill Raven,0,3.10,0.48,-1.00,0.48
27/11/2023,Greyhounds,VIC,Ballarat,Michael Tye,221765731,60348163,back,FALSE,Back 8. Show Princess,Show Princess,0,1.51,-1.00,-1.00,1.94
27/11/2023,Greyhounds,VIC,Ballarat,Michael Tye,221765736,58100371,back,FALSE,Back 2. Second Thoughts,Second Thoughts,0,6.80,-1.00,-1.00,0.17
27/11/2023,Harness,SA,Globe Derby,Mark Lawrence,221718403,11781146,lay,FALSE,Lay 4. Beaudacious,Beaudacious,0,8.79,0.13,-1.00,0.13
27/11/2023,Harness,SA,Globe Derby,Mark Lawrence,221718405,18258979,back,FALSE,Back 4. Culture King,Culture King,0,7.63,-1.00,-1.00,0.15
27/11/2023,Harness,VIC,Horsham,Darren And Brett Carroll,221716237,63123346,back,FALSE,Back 9. Didafull Oneeigh,Didafull Oneeighty,1,4.11,3.11,3.11,-1.00
27/11/2023,Harness,VIC,Horsham,Darren And Brett Carroll,221716243,63123352,lay,FALSE,Lay 7. Aldebaran Dahli,Aldebaran Dahlia,0,13.69,0.08,-1.00,0.08
27/11/2023,Harness,VIC,Horsham,Darren And Brett Carroll,221716233,35790819,lay,FALSE,Lay 2. Icanmotor,Icanmotor,0,18.67,0.06,-1.00,0.06
27/11/2023,Harness,VIC,Horsham,Darren And Brett Carroll,221716231,38417069,back,FALSE,Back 9. Burning Hot,Burning Hot,0,7.24,-1.00,-1.00,0.16
27/11/2023,Harness,VIC,Horsham,Darren And Brett Carroll,221716239,63123347,back,FALSE,Back 5. Jilliby Mendoza,Jilliby Mendoza,0,1.69,-1.00,-1.00,1.44
28/11/2023,Harness,QLD,Albion Park,Ryan Spice,221764068,5769946,lay,FALSE,Lay 4. Key Largo,Key Largo,0,21.00,0.05,-1.00,0.05
28/11/2023,Harness,QLD,Albion Park,Ryan Spice,221764054,63132811,back,FALSE,Back 1. Skyro Dreamz,Skyro Dreamz,0,1.65,-1.00,-1.00,1.53
28/11/2023,Harness,QLD,Albion Park,Ryan Spice,221764066,40761559,back,FALSE,Back 5. Offyarocka Crock,Offyarocka Crocker,0,3.20,-1.00,-1.00,0.46
28/11/2023,Thoroughbred,VIC,Bendigo,Glenn Ingram,221764656,63161543,back,FALSE,Back 6. Gracies Rain,Gracies Rain,1,5.33,4.33,4.33,-1.00
28/11/2023,Thoroughbred,VIC,Bendigo,Linton Chataway,221764691,63161574,lay,FALSE,Lay 1. Propice,Propice,0,5.87,0.21,-1.00,0.21
28/11/2023,Harness,WA,Gloucester Park,Scott Hill,221767239,63132720,back,FALSE,Back 9. Insta Gator,Insta Gator,0,5.00,-1.00,-1.00,0.25
28/11/2023,Harness,WA,Gloucester Park,Scott Hill,221767242,24229020,back,FALSE,Back 7. Ultimate Rocker,Ultimate Rocker,0,8.43,-1.00,-1.00,0.13
28/11/2023,Harness,WA,Gloucester Park,Scott Hill,221767248,23199337,back,FALSE,Back 2. Tellmetoattack,Tellmetoattack,0,23.07,-1.00,-1.00,0.05
28/11/2023,Harness,WA,Gloucester Park,Scott Hill,221767257,46159159,back,FALSE,Back 5. Ima Tiny Dancer,Ima Tiny Dancer,0,12.50,-1.00,-1.00,0.09
29/11/2023,Thoroughbred,SA,Gawler,Pros Vs Bookies,221805149,63296612,lay,FALSE,Lay 6. Noitulover,Noitulover,0,3.20,0.45,-1.00,0.45
29/11/2023,Thoroughbred,WA,Geraldton,Pros Vs Bookies,221811721,49892996,lay,FALSE,Lay 1. Juruena Gold,Juruena Gold,0,7.00,0.17,-1.00,0.17
29/11/2023,Thoroughbred,WA,Geraldton,Pros Vs Bookies,221811693,51033293,lay,FALSE,Lay 5. Safe Hustle,Safe Hustle,1,9.60,-1.00,8.60,-1.00
29/11/2023,Thoroughbred,QLD,Ipswich,Shane Ciurleo,221804535,56644812,back,FALSE,Back 12. Shot Out,Shot Out,0,2.04,-1.00,-1.00,0.96
29/11/2023,Thoroughbred,QLD,Ipswich,Shane Ciurleo,221804549,38859800,back,FALSE,Back 5. Why We Drink,Why We Drink,0,4.13,-1.00,-1.00,0.32
29/11/2023,Thoroughbred,VIC,Sandown,Jackson Oldham,221810304,56807601,lay,FALSE,Lay 2. Il Cubo,Il Cubo,0,3.14,0.47,-1.00,0.47
29/11/2023,Thoroughbred,VIC,Sandown,Jackson Oldham,221810344,63296751,back,FALSE,Back 4. Running By,Running By,0,5.10,-1.00,-1.00,0.24
29/11/2023,Thoroughbred,VIC,Sandown,Pros Vs Bookies,221810328,63296746,lay,FALSE,Lay 5. Speranzoso,Speranzoso,0,2.50,0.66,-1.00,0.66
29/11/2023,Thoroughbred,VIC,Sandown,Pros Vs Bookies,221810328,59231890,lay,FALSE,Lay 1. Tommy,Tommy,1,2.77,-1.00,1.77,-1.00
29/11/2023,Greyhounds,VIC,The Meadows,Michael Tye,221862869,59496040,back,FALSE,Back 3. Cawbourne Domino,Cawbourne Domino,1,3.52,2.52,2.52,-1.00
29/11/2023,Greyhounds,VIC,The Meadows,Michael Tye,221862859,63325302,lay,FALSE,Lay 6. Msprincess,Msprincess,0,6.20,0.19,-1.00,0.19
29/11/2023,Greyhounds,VIC,The Meadows,Michael Tye,221862844,63325291,back,FALSE,Back 2. Enzo Envy,Enzo Envy,0,1.64,-1.00,-1.00,1.56
29/11/2023,Greyhounds,VIC,The Meadows,Michael Tye,221862849,63325294,back,FALSE,Back 4. Wincey Bale,Wincey Bale,0,9.92,-1.00,-1.00,0.11
29/11/2023,Greyhounds,VIC,The Meadows,Michael Tye,221862874,59848454,lay,FALSE,Lay 7. Chance Take It,Chance Take It,1,3.05,-1.00,2.05,-1.00
29/11/2023,Greyhounds,VIC,The Meadows,Michael Tye,221862899,55667116,back,FALSE,Back 4. What A Doll,What A Doll,0,4.30,-1.00,-1.00,0.30
29/11/2023,Thoroughbred,NSW,Wyong,Linton Chataway,221805094,56321670,back,FALSE,Back 5. Vomo Island,Vomo Island,1,1.78,0.78,0.78,-1.00
29/11/2023,Thoroughbred,NSW,Wyong,Linton Chataway,221805110,23705894,back,FALSE,Back 3. Bojangles,Bojangles,1,1.52,0.52,0.52,-1.00
29/11/2023,Thoroughbred,NSW,Wyong,Linton Chataway,221805086,63296701,lay,FALSE,Lay 4. Maz Kanata,Maz Kanata,0,8.54,0.13,-1.00,0.13
29/11/2023,Thoroughbred,NSW,Wyong,Linton Chataway,221805070,6571573,back,FALSE,Back 4. Uncle Harry,Uncle Harry,0,1.95,-1.00,-1.00,1.05
29/11/2023,Thoroughbred,NSW,Wyong,Pros Vs Bookies,221805086,63296702,lay,FALSE,Lay 5. Chilli Filly,Chilli Filly,0,2.55,0.65,-1.00,0.65
29/11/2023,Thoroughbred,NSW,Wyong,Pros Vs Bookies,221805078,44160655,lay,FALSE,Lay 3. Red Cobra,Red Cobra,0,3.22,0.45,-1.00,0.45
29/11/2023,Thoroughbred,NSW,Wyong,Pros Vs Bookies,221805086,63296700,lay,TRUE,Lay 3. Flying Rani,Flying Rani,0,3.34,0.43,-1.00,0.43
29/11/2023,Thoroughbred,NSW,Wyong,Pros Vs Bookies,221805110,23705894,lay,FALSE,Lay 3. Bojangles,Bojangles,1,1.52,-1.00,0.52,-1.00
30/11/2023,Greyhounds,QLD,Albion Park,Jaycin Campbell,221907711,46027103,back,FALSE,Back 2. Jay Is Jay,2. Jay Is Jay,1,2.89,1.89,1.89,-1.00
30/11/2023,Greyhounds,QLD,Albion Park,Jaycin Campbell,221907676,63364162,back,FALSE,Back 2. Royal Warren,2. Royal Warren,0,2.69,-1.00,-1.00,0.59
30/11/2023,Greyhounds,QLD,Albion Park,Jaycin Campbell,221907686,56838229,lay,FALSE,Lay 7. Icy Eyes,7. Icy Eyes,1,1.21,-1.00,0.21,-1.00
30/11/2023,Greyhounds,QLD,Albion Park,Jaycin Campbell,221907691,47489465,back,FALSE,Back 2. Swish,2. Swish,0,3.42,-1.00,-1.00,0.41
30/11/2023,Greyhounds,QLD,Albion Park,Jaycin Campbell,221907721,52842198,back,FALSE,Back 3. Salieri,3. Salieri,0,9.70,-1.00,-1.00,0.11
30/11/2023,Greyhounds,VIC,Ballarat,Michael Tye,221908460,53448411,back,FALSE,Back 8. Funny Old Fellow,8. Funny Old Fellow,1,2.19,1.19,1.19,-1.00
30/11/2023,Greyhounds,VIC,Ballarat,Michael Tye,221908470,61372112,lay,FALSE,Lay 8. Gunai Princess,8. Gunai Princess,0,2.34,0.75,-1.00,0.75
30/11/2023,Greyhounds,VIC,Ballarat,Michael Tye,221908440,49487615,back,FALSE,Back 1. Heffernan Bale,1. Heffernan Bale,0,2.40,-1.00,-1.00,0.71
30/11/2023,Greyhounds,VIC,Ballarat,Michael Tye,221908450,60452251,back,FALSE,Back 6. Minty Box,6. Minty Box,0,5.94,-1.00,-1.00,0.20
30/11/2023,Greyhounds,VIC,Ballarat,Michael Tye,221908480,43378713,back,FALSE,Back 7. Zipping Phoenix,7. Zipping Phoenix,0,2.07,-1.00,-1.00,0.93
30/11/2023,Thoroughbred,VIC,Geelong,Jackson Oldham,221861121,63324930,lay,FALSE,Lay 4. Frawley,4. Frawley,1,6.40,-1.00,5.40,-1.00
30/11/2023,Thoroughbred,VIC,Geelong,Jackson Oldham,221861128,63324947,back,FALSE,Back 10. Tuscan Storey,10. Tuscan Storey,0,5.72,-1.00,-1.00,0.21
30/11/2023,Thoroughbred,VIC,Geelong,Linton Chataway,221861142,63324953,lay,FALSE,Lay 2. Star Vega,2. Star Vega,0,10.50,0.11,-1.00,0.11
30/11/2023,Harness,VIC,Yarra Valley,Darren And Brett Carroll,221861423,63297746,lay,FALSE,Lay 7. Aussie Muscle,7. Aussie Muscle,0,15.19,0.07,-1.00,0.07
30/11/2023,Harness,VIC,Yarra Valley,Darren And Brett Carroll,221861419,56016206,back,FALSE,Back 6. Brookies Babe,6. Brookies Babe,0,3.45,-1.00,-1.00,0.41
30/11/2023,Harness,VIC,Yarra Valley,Darren And Brett Carroll,221861435,63297755,back,FALSE,Back 6. Terror Eyes,6. Terror Eyes,0,21.23,-1.00,-1.00,0.05
